Date	AIF_raw	AIF_orth	Mkt-RF	SMB	HML	RMW	CMA	MOM	RF	XLK_orth	XLI_orth	XLP_orth
2023-01-04	0.00586569	0.00700412	0.00810000	0.00570000	0.00050000	-0.00690000	0.00000000	-0.02110000	0.00020000	-0.00430682	0.00227488	-0.00086093
2023-01-05	-0.00432583	0.00227481	-0.01140000	0.00170000	0.01200000	0.00810000	0.00900000	0.01270000	0.00020000	-0.00165744	-0.00655817	-0.01013718
2023-01-06	0.00926983	-0.00085200	0.02210000	-0.00010000	0.00030000	0.00820000	0.00180000	-0.00180000	0.00020000	0.00263397	0.00645245	0.01477348
2023-01-09	0.01249302	0.00731525	0.00030000	0.00330000	-0.01230000	-0.00650000	-0.01150000	-0.02100000	0.00020000	0.01044599	0.00125681	-0.00638981
2023-01-10	-0.00833594	-0.01340609	0.00790000	0.00870000	-0.00560000	-0.00400000	-0.00490000	-0.01020000	0.00020000	-0.00308445	-0.00065428	-0.00245936
2023-01-11	-0.00543860	-0.01021635	0.01250000	0.00010000	-0.00830000	-0.00190000	-0.01070000	-0.01800000	0.00020000	0.00142498	0.00335846	-0.00238829
2023-01-12	0.01810413	0.00790662	0.00450000	0.01400000	-0.00270000	-0.01100000	-0.00520000	-0.00580000	0.00020000	0.00227612	0.00096153	-0.00495630
2023-01-13	-0.00104285	-0.00389708	0.00460000	0.00240000	-0.00300000	-0.00140000	-0.00290000	-0.00240000	0.00020000	-0.00367132	-0.00471161	0.00415782
2023-01-17	0.00878028	0.00528615	-0.00180000	-0.00010000	-0.00550000	-0.00610000	-0.00430000	-0.00720000	0.00020000	0.00480499	-0.00420786	0.00364973
2023-01-18	-0.00684587	-0.00294446	-0.01550000	0.00020000	-0.00710000	0.00270000	0.00010000	-0.00310000	0.00020000	0.00568543	-0.00313293	-0.02204097
2023-01-19	-0.02680370	-0.02202699	-0.00860000	-0.00100000	0.00840000	0.00540000	0.00700000	0.00640000	0.00020000	0.00137117	-0.01649663	-0.01007421
2023-01-20	0.00228811	-0.00464607	0.01940000	-0.00040000	-0.00680000	-0.00170000	-0.00800000	-0.02230000	0.00020000	0.00343269	0.00113272	0.00026486
2023-01-23	0.02914732	0.02233230	0.01280000	-0.00040000	-0.00990000	-0.00410000	-0.01030000	-0.02160000	0.00020000	0.00604113	0.00521899	0.00009399
2023-01-24	-0.00266139	-0.00645914	-0.00160000	-0.00160000	0.00180000	-0.00200000	0.00380000	0.01180000	0.00020000	-0.00127324	0.00601139	0.00543694
2023-01-25	-0.00243011	-0.00198834	0.00000000	0.00130000	0.00690000	0.00060000	0.00210000	0.00100000	0.00020000	-0.00004262	-0.00801148	0.00093209
2023-01-26	-0.00849694	-0.01072721	0.01080000	-0.00630000	0.00010000	-0.00200000	-0.00470000	-0.01270000	0.00020000	0.00239087	-0.00116371	-0.00820222
2023-01-27	-0.00209979	-0.00204513	0.00340000	0.00330000	-0.01130000	-0.00600000	-0.01280000	-0.02530000	0.00020000	0.00028323	0.00747209	-0.00118622
2023-01-30	-0.00686494	-0.00218039	-0.01380000	0.00030000	0.00740000	0.00350000	0.00930000	0.01390000	0.00020000	-0.00126844	-0.00210373	0.00377119
2023-01-31	0.00578136	-0.00166418	0.01580000	0.00930000	-0.00060000	-0.00110000	-0.00540000	-0.00790000	0.00020000	-0.00355675	0.00215104	0.00598490
2023-02-01	0.03199416	0.02328481	0.01190000	0.00630000	-0.01650000	-0.00120000	-0.01140000	-0.02590000	0.00020000	0.00881517	0.00290785	0.00518618
2023-02-02	0.00836092	0.00123415	0.01540000	0.01150000	-0.02070000	-0.00240000	-0.01750000	-0.04660000	0.00020000	0.01165889	0.00320761	-0.01306122
2023-02-03	-0.01430698	-0.01430495	-0.01080000	0.00400000	0.00980000	0.01010000	0.01050000	0.01560000	0.00020000	0.00832998	-0.00219181	-0.00448745
2023-02-06	-0.00758451	-0.00337107	-0.00730000	-0.00800000	0.00430000	-0.00220000	0.00450000	0.01000000	0.00020000	-0.00600951	0.00311839	0.00365810
2023-02-07	0.00213191	-0.00485506	0.01250000	-0.00500000	-0.00040000	0.00300000	-0.00360000	-0.00810000	0.00020000	0.00955709	-0.00609426	-0.01036457
2023-02-08	0.00895309	0.01262354	-0.01180000	-0.00690000	0.00710000	-0.00280000	-0.00040000	0.00920000	0.00020000	0.00120098	0.00412459	-0.00191095
2023-02-09	0.00437847	0.00509750	-0.00940000	-0.00610000	0.00210000	0.00310000	0.00380000	0.01110000	0.00020000	0.00409088	-0.00162975	-0.00181904
2023-02-10	-0.01642725	-0.01695525	0.00120000	-0.00300000	0.01500000	0.00540000	0.00910000	0.02290000	0.00020000	-0.00570114	-0.00085199	0.00614920
2023-02-13	0.00221694	-0.00483074	0.01140000	0.00090000	-0.00730000	0.00490000	-0.00310000	-0.00470000	0.00020000	0.00214951	0.00061818	0.00653417
2023-02-14	0.04107695	0.03850322	0.00120000	-0.00050000	-0.00680000	-0.00610000	-0.00940000	-0.00970000	0.00020000	0.00075809	0.00028231	-0.00575539
2023-02-15	0.00226335	-0.00240882	0.00500000	0.00720000	-0.00910000	-0.01200000	-0.01060000	-0.01690000	0.00020000	-0.00269053	0.00573627	0.00520584
2023-02-16	0.00091561	0.00533355	-0.01370000	0.00220000	0.00970000	0.00810000	0.00910000	0.01440000	0.00020000	0.00242733	-0.00382506	-0.00592158
2023-02-17	-0.00967410	-0.00847369	-0.00280000	0.00660000	-0.00140000	0.00150000	0.00560000	0.00500000	0.00020000	-0.00896758	0.00628012	0.01275635
2023-02-21	-0.01407088	-0.00407648	-0.02160000	-0.01130000	0.00880000	0.00380000	0.00820000	0.01510000	0.00020000	0.00188291	-0.00584724	0.00149266
2023-02-22	-0.00152874	-0.00312028	-0.00040000	0.00440000	-0.00460000	-0.00350000	-0.00430000	-0.00650000	0.00020000	-0.00126257	-0.00079689	0.00052831
2023-02-23	0.01720084	0.00707287	0.00470000	0.00120000	-0.00230000	0.00200000	-0.00490000	0.00480000	0.00020000	0.00932159	0.00062517	-0.00093080
2023-02-24	0.00310784	0.00927410	-0.01080000	-0.00250000	0.01260000	0.00320000	0.00410000	0.01290000	0.00020000	-0.00259428	-0.00035248	-0.00420916
2023-02-27	0.00390122	0.00104211	0.00310000	0.00050000	-0.00300000	0.00070000	-0.00440000	-0.00330000	0.00020000	0.00102785	0.00738030	-0.00134553
2023-02-28	0.00081056	-0.00236032	-0.00260000	0.00520000	-0.00690000	-0.00560000	-0.00180000	-0.00400000	0.00020000	-0.00070186	0.00115202	-0.00503027
2023-03-01	0.01003215	0.00772725	-0.00410000	0.00390000	0.00620000	0.00150000	0.00730000	0.01570000	0.00020000	-0.00233967	0.00245524	-0.00671644
2023-03-02	-0.00732006	-0.01156394	0.00670000	-0.00520000	-0.00440000	-0.00120000	0.00170000	-0.00330000	0.00020000	0.00109505	0.00751222	0.01021213
2023-03-03	-0.00417947	-0.01310770	0.01610000	-0.00080000	-0.00540000	-0.00370000	-0.00770000	-0.00750000	0.00020000	-0.00076018	-0.00066920	-0.00265041
2023-03-06	-0.01261660	-0.01178825	-0.00130000	-0.01570000	-0.00080000	0.00310000	-0.00100000	0.00620000	0.00020000	0.00190341	0.00206494	0.00270702
2023-03-07	0.00434929	0.00355150	-0.01450000	0.00630000	-0.00670000	-0.00130000	-0.00130000	0.00260000	0.00020000	0.00440057	0.00029625	-0.00223148
2023-03-08	0.01318973	0.00860092	0.00080000	0.00070000	-0.00390000	0.00420000	-0.00160000	-0.00050000	0.00020000	0.00684038	0.00224213	0.00094892
2023-03-09	-0.01238495	-0.00789095	-0.02020000	-0.00700000	-0.00760000	0.01060000	0.00740000	0.01100000	0.00020000	0.00747559	0.00393368	-0.00492820
2023-03-10	-0.01565488	-0.00296019	-0.01680000	-0.01410000	0.00720000	0.01080000	0.01160000	0.00540000	0.00020000	0.00404207	-0.00484649	-0.00616890
2023-03-13	-0.00593491	-0.01202854	-0.00340000	-0.01170000	-0.03600000	-0.01090000	-0.00740000	-0.00560000	0.00020000	-0.00584350	0.00959215	0.01361452
2023-03-14	0.00377220	-0.00684286	0.01720000	0.00010000	-0.00360000	-0.00150000	-0.00460000	-0.00190000	0.00020000	-0.00046894	-0.00367977	0.00431321
2023-03-15	-0.01264775	-0.00955893	-0.00790000	-0.00510000	-0.01840000	0.00310000	-0.00440000	-0.01940000	0.00020000	0.00782931	-0.00997400	0.00837013
2023-03-16	0.01528256	0.00424364	0.01760000	0.00010000	-0.00160000	0.00130000	-0.00720000	-0.00560000	0.00020000	0.00600546	-0.00143947	-0.00487720
2023-03-17	-0.00535242	-0.00481537	-0.01210000	-0.01060000	-0.01630000	0.00270000	-0.00240000	-0.00090000	0.00020000	0.00710051	0.00062154	-0.00182901
2023-03-20	0.01017815	0.00844231	0.00840000	-0.00350000	0.00780000	0.00510000	0.00760000	0.01410000	0.00020000	-0.00846439	0.00149991	0.00776404
2023-03-21	0.01826900	0.01707259	0.01490000	0.00470000	0.00730000	-0.00260000	-0.01210000	-0.01280000	0.00020000	-0.00601214	-0.00145258	-0.00436850
2023-03-22	0.00539533	0.00896312	-0.01740000	-0.00800000	-0.00530000	0.00800000	0.00220000	0.00780000	0.00020000	0.00890225	-0.00203476	-0.00420590
2023-03-23	0.00410538	-0.00368605	0.00210000	-0.00430000	-0.01540000	0.00150000	-0.00850000	-0.00460000	0.00020000	0.00868845	0.00098893	-0.00178157
2023-03-24	-0.02009498	-0.02173107	0.00460000	0.00180000	0.00710000	0.00300000	0.00380000	0.00370000	0.00020000	-0.00111945	-0.00331822	0.01290834
2023-03-27	-0.00007012	0.00018264	0.00280000	0.00500000	0.01030000	-0.00220000	0.00410000	0.00730000	0.00020000	-0.00925551	0.00093956	0.00369640
2023-03-28	-0.01245675	-0.01194113	-0.00170000	-0.00030000	0.00750000	0.00110000	0.00470000	0.00740000	0.00020000	-0.00177749	0.00332779	0.00076747
2023-03-29	0.00295022	-0.00501926	0.01390000	-0.00360000	-0.00540000	-0.00920000	-0.00570000	-0.01140000	0.00020000	0.00039021	0.00594081	0.00289269
2023-03-30	-0.00669290	-0.00987640	0.00510000	-0.00620000	-0.00600000	0.00200000	-0.00070000	-0.00380000	0.00020000	0.00256994	0.00024194	-0.00001202
2023-03-31	0.00397722	-0.00325833	0.01530000	0.00490000	-0.00760000	-0.00480000	-0.00820000	-0.01080000	0.00020000	-0.00597778	0.00217676	0.00537452
2023-04-03	-0.00187543	-0.00189497	0.00280000	-0.00170000	0.00790000	0.00550000	0.00710000	0.01130000	0.00020000	-0.00447055	-0.00487591	0.00098191
2023-04-04	-0.01344654	-0.00632100	-0.00720000	-0.01130000	-0.00720000	-0.00050000	-0.00010000	-0.01240000	0.00020000	0.00085995	-0.01076498	-0.00124369
2023-04-05	-0.00794107	0.00102383	-0.00390000	-0.01000000	0.01400000	0.00790000	0.01290000	0.00920000	0.00020000	-0.00471380	-0.01389198	-0.00108342
2023-04-06	-0.02300129	-0.02528680	0.00340000	-0.00030000	-0.00510000	-0.00440000	-0.00160000	-0.00950000	0.00020000	0.00008746	-0.00110462	-0.00008915
2023-04-10	0.02171219	0.01731008	0.00200000	0.00850000	0.00260000	-0.00020000	-0.00130000	0.00430000	0.00020000	-0.00159463	0.00445303	0.00049192
2023-04-11	0.00451668	0.00647024	0.00060000	0.00690000	0.00550000	0.00050000	0.00130000	0.00030000	0.00020000	-0.00721265	0.00229213	0.00179962
2023-04-12	-0.00392750	-0.00327821	-0.00510000	-0.00440000	0.00370000	0.00480000	0.00440000	0.01330000	0.00020000	-0.00080919	0.00565261	-0.00393476
2023-04-13	-0.00563349	-0.01367974	0.01390000	0.00150000	-0.01190000	-0.00270000	-0.00750000	-0.01190000	0.00020000	-0.00134782	-0.00447501	0.00263627
2023-04-14	0.00746437	0.01176934	-0.00230000	-0.00760000	0.00200000	0.00720000	0.00130000	0.00570000	0.00020000	-0.00349929	0.00081932	-0.00768503
2023-04-17	-0.00525518	-0.01223293	0.00330000	0.00710000	-0.00200000	-0.01290000	-0.00330000	-0.00380000	0.00020000	-0.00211344	0.00495663	0.00947385
2023-04-18	0.00575474	0.00139721	0.00040000	-0.00410000	-0.00310000	0.00050000	0.00180000	0.01090000	0.00020000	-0.00168197	0.00426932	0.00381550
2023-04-19	-0.01512161	-0.01453594	-0.00040000	0.00260000	0.00420000	0.00010000	0.00110000	-0.00180000	0.00020000	-0.00045234	-0.00210506	-0.00167881
2023-04-20	-0.00344151	-0.00600133	-0.00610000	0.00140000	-0.00280000	0.00730000	0.00530000	0.01740000	0.00020000	-0.00144192	0.00095691	0.00397534
2023-04-21	-0.00561406	-0.00664331	0.00080000	0.00090000	-0.00940000	-0.00640000	-0.00180000	-0.00530000	0.00020000	-0.00781260	-0.00036261	0.00914589
2023-04-24	-0.00394176	-0.00115578	0.00000000	-0.00270000	0.00460000	0.00680000	0.00320000	0.00520000	0.00020000	-0.00342669	0.00044720	0.00118217
2023-04-25	-0.01525010	-0.00705597	-0.01760000	-0.00820000	0.00090000	0.00430000	0.00960000	0.01160000	0.00020000	-0.00197522	-0.00391500	0.00215686
2023-04-26	0.00700780	-0.00073696	-0.00410000	-0.00040000	-0.00740000	0.00010000	-0.00400000	-0.00590000	0.00020000	0.01855464	-0.01242654	-0.00531459
2023-04-27	0.00171749	-0.00258809	0.01850000	-0.00590000	0.00000000	0.00440000	-0.00250000	-0.00670000	0.00020000	-0.00200417	0.00478512	0.00206757
2023-04-28	0.01010908	0.00459548	0.00780000	0.00220000	0.00190000	0.00130000	0.00220000	0.00020000	0.00020000	0.00174364	0.00100574	0.00094867
2023-05-01	0.00228458	-0.00619165	-0.00020000	0.00190000	-0.00820000	-0.00390000	0.00240000	0.01610000	0.00020000	-0.00567396	0.00477601	0.00443669
2023-05-02	-0.01799126	-0.01656955	-0.01270000	-0.00740000	-0.01460000	0.00610000	0.00160000	0.00900000	0.00020000	-0.00003155	0.00426327	0.00233123
2023-05-03	0.02738764	0.02385162	-0.00570000	0.00880000	-0.01030000	-0.00920000	-0.00400000	-0.00260000	0.00020000	-0.00425079	0.00275193	-0.00121244
2023-05-04	0.00859846	0.00686006	-0.00780000	-0.00520000	-0.01040000	-0.00610000	-0.00310000	0.00380000	0.00020000	-0.00157732	-0.00031210	0.00443231
2023-05-05	0.00044289	-0.00721965	0.01910000	0.00500000	0.00690000	0.00260000	-0.00720000	-0.01270000	0.00020000	0.00653813	-0.00277182	0.00105276
2023-05-08	0.01370158	0.01180021	0.00070000	-0.00370000	-0.00300000	-0.00540000	-0.00380000	0.00270000	0.00020000	-0.00519596	-0.00252205	-0.00011401
2023-05-09	0.02453142	0.02348645	-0.00430000	0.00110000	-0.00020000	-0.00400000	-0.00430000	0.00640000	0.00020000	-0.00431908	0.00593261	0.00210776
2023-05-10	0.00357623	-0.00616524	0.00430000	0.00200000	-0.01320000	-0.00130000	-0.00830000	0.00110000	0.00020000	0.00218048	-0.00409478	0.00145530
2023-05-11	-0.00055929	0.00345378	-0.00200000	-0.00530000	-0.00090000	0.00840000	0.00130000	0.00170000	0.00020000	-0.00220995	-0.00381478	0.00096366
2023-05-12	-0.00734964	-0.00765540	-0.00220000	-0.00100000	0.00340000	0.00380000	0.00480000	0.00540000	0.00020000	0.00174408	0.00050209	0.00236196
2023-05-15	0.00960301	0.00355290	0.00460000	0.00800000	0.00010000	-0.00650000	-0.00530000	-0.00960000	0.00020000	0.00428396	0.00079401	-0.00199218
2023-05-16	0.00550551	0.00383079	-0.00720000	-0.00460000	-0.00480000	0.00790000	-0.00130000	0.00730000	0.00020000	0.00780871	-0.00597193	-0.00605817
2023-05-17	0.02569439	0.02264920	0.01310000	0.00850000	0.01220000	-0.00300000	-0.00310000	-0.01710000	0.00020000	0.00450777	0.00293213	-0.00746115
2023-05-18	0.02725478	0.01895356	0.00990000	-0.00230000	-0.00380000	0.00190000	-0.00710000	-0.00310000	0.00020000	0.00676970	0.00067578	-0.00713290
2023-05-19	-0.00101290	-0.00245412	-0.00260000	-0.00380000	-0.00320000	-0.00020000	0.00150000	0.00440000	0.00020000	-0.00022305	0.00055246	0.00182679
2023-05-22	0.01142204	0.00851536	0.00170000	0.01120000	-0.00200000	-0.01260000	-0.00940000	-0.02130000	0.00020000	0.00263539	0.00024305	-0.01204723
2023-05-23	0.01262350	0.02007331	-0.01100000	0.00600000	0.01090000	0.00180000	0.00240000	-0.00930000	0.00020000	0.00599100	-0.00527757	-0.00690039
2023-05-24	0.00270054	0.00268971	-0.00720000	-0.00390000	-0.00200000	-0.00030000	-0.00070000	0.00960000	0.00020000	-0.00178328	-0.00611791	-0.00195459
2023-05-25	0.06967852	0.05207579	0.00650000	-0.01040000	-0.01080000	0.01790000	-0.01320000	0.01700000	0.00020000	0.02486027	0.00144018	-0.00703925
2023-05-26	0.06446044	0.05223658	0.01320000	-0.00300000	-0.00850000	-0.00240000	-0.00580000	-0.00600000	0.00020000	0.00835751	-0.00073814	0.00046573
2023-05-30	0.00687357	0.00443107	-0.00010000	-0.00240000	-0.00420000	-0.00290000	-0.00980000	-0.00630000	0.00020000	0.00398673	0.00212082	-0.00810761
2023-05-31	-0.02500343	-0.02638098	-0.00600000	-0.00260000	-0.01160000	-0.01110000	0.00110000	0.00180000	0.00020000	-0.00805833	-0.00532901	0.00707169
2023-06-01	-0.00260136	-0.00794428	0.01020000	0.00070000	-0.00060000	0.00030000	-0.00410000	0.00070000	0.00020000	-0.00336487	0.00379655	-0.00337237
2023-06-02	-0.01102059	-0.01187078	0.01620000	0.01720000	0.01660000	0.00360000	0.00720000	-0.01330000	0.00020000	-0.00322564	0.00681343	0.00089686
2023-06-05	0.00712071	0.00875942	-0.00260000	-0.01110000	-0.00750000	-0.00660000	-0.00470000	0.00340000	0.00020000	-0.00962117	-0.00015709	0.00125797
2023-06-06	0.01166290	0.00956746	0.00460000	0.02240000	0.01350000	-0.00190000	-0.00460000	-0.01650000	0.00020000	0.00554918	-0.00328696	-0.00769775
2023-06-07	0.00737000	0.01608628	-0.00360000	0.01880000	0.02280000	0.00760000	0.01390000	-0.01470000	0.00020000	0.00498545	0.00920648	-0.01269325
2023-06-08	0.01115696	0.00501966	0.00590000	-0.00780000	-0.01160000	-0.00150000	-0.00550000	0.00410000	0.00020000	-0.00357320	0.00079610	0.00813258
2023-06-09	0.00709923	0.00581762	0.00030000	-0.00800000	-0.00410000	0.00090000	-0.00220000	0.00100000	0.00020000	0.00119151	-0.00032388	-0.00128274
2023-06-12	0.00773837	-0.00438106	0.00940000	-0.00260000	-0.01410000	-0.00290000	-0.00780000	-0.00060000	0.00020000	0.00380479	0.00329957	0.00056373
2023-06-13	-0.00559735	-0.00857201	0.00740000	0.00530000	0.00060000	-0.00500000	-0.00520000	-0.01110000	0.00020000	-0.00135698	0.00554274	0.00260641
2023-06-14	-0.00052695	-0.00569141	-0.00030000	-0.01050000	-0.00920000	0.00690000	-0.00270000	0.01070000	0.00020000	0.00462300	0.00066972	0.00728233
2023-06-15	-0.01998611	-0.02243300	0.01220000	-0.00370000	0.00090000	0.00110000	-0.00040000	-0.00620000	0.00020000	-0.00231273	0.00493505	0.00361982
2023-06-16	-0.01435783	-0.00741049	-0.00450000	-0.00510000	0.00220000	0.00220000	0.00400000	-0.00650000	0.00020000	-0.00158426	0.00283525	-0.00084172
2023-06-20	-0.00157627	-0.00354388	-0.00480000	0.00200000	-0.00690000	-0.00080000	-0.00560000	0.00580000	0.00020000	-0.00386039	-0.00184811	-0.00197779
2023-06-21	-0.01499150	-0.01188567	-0.00560000	0.00290000	0.00530000	0.00610000	0.00930000	0.01300000	0.00020000	-0.00689867	0.00562606	0.00239643
2023-06-22	-0.00477100	-0.00878744	0.00320000	-0.00960000	-0.01260000	0.00200000	-0.00550000	0.00450000	0.00020000	-0.00278435	-0.00529896	0.00725985
2023-06-23	-0.00619046	-0.00075446	-0.00840000	-0.00600000	0.00070000	0.00230000	0.00100000	0.00190000	0.00020000	-0.00135073	0.00057040	-0.00458682
2023-06-26	0.00297009	0.00999355	-0.00480000	-0.00010000	0.01290000	0.00600000	0.00810000	-0.00590000	0.00020000	0.00505171	0.00882376	-0.00370602
2023-06-27	0.01435349	0.00472728	0.01210000	0.00320000	-0.00510000	0.00250000	-0.00720000	-0.00330000	0.00020000	0.00414532	0.00253313	0.00011872
2023-06-28	0.00438237	-0.00132052	0.00030000	0.00480000	-0.00430000	-0.00650000	-0.00440000	0.00220000	0.00020000	-0.00224055	0.00011834	-0.00270572
2023-06-29	0.00322895	0.00277500	0.00440000	0.00760000	0.00780000	0.00600000	0.00490000	-0.00340000	0.00020000	0.00177687	0.00146005	-0.00709544
2023-06-30	0.00271030	-0.00579154	0.01140000	-0.00720000	-0.00780000	-0.00050000	-0.00330000	0.00820000	0.00020000	-0.00485247	0.00078623	0.00713313
2023-07-03	0.01224067	0.01658329	0.00150000	0.00270000	0.01060000	0.00180000	0.00100000	-0.01120000	0.00020000	0.00207678	-0.00333029	0.00345885
2023-07-05	-0.00417224	0.00029285	-0.00290000	-0.01060000	-0.00260000	-0.00310000	0.00000000	-0.00090000	0.00020000	-0.00647480	0.00003969	-0.00047227
2023-07-06	-0.01311532	-0.01267972	-0.00940000	-0.00580000	-0.00690000	0.00570000	0.00040000	0.00410000	0.00020000	0.00607498	0.00292041	0.00027485
2023-07-07	0.01277304	0.01240317	-0.00130000	0.01300000	0.01210000	-0.00240000	0.00170000	-0.00680000	0.00020000	0.00443395	-0.00162326	-0.01427591
2023-07-10	0.02113154	0.01139037	0.00360000	0.01240000	-0.00010000	-0.01030000	0.00550000	0.00520000	0.00020000	-0.00303359	0.00697370	0.00048693
2023-07-11	0.00235225	0.00301311	0.00760000	0.00190000	0.00480000	-0.00210000	0.00270000	-0.00800000	0.00020000	-0.00504290	0.00361169	-0.00374416
2023-07-12	0.00791278	0.00073133	0.00740000	0.00370000	0.00450000	-0.00290000	-0.00440000	0.00070000	0.00020000	0.00301222	-0.00975040	0.00148237
2023-07-13	0.01278385	0.00564380	0.00900000	-0.00070000	-0.00100000	-0.00160000	-0.00670000	0.00160000	0.00020000	0.00008850	-0.00583170	0.00366907
2023-07-14	-0.00637986	-0.00814377	-0.00250000	-0.00690000	-0.01520000	0.00420000	-0.00580000	0.00760000	0.00020000	-0.00540301	0.00387467	0.00746424
2023-07-17	0.00639331	-0.00625457	0.00480000	0.00660000	-0.00270000	-0.00400000	-0.00100000	0.00900000	0.00020000	0.00426155	-0.00231020	-0.00145653
2023-07-18	0.00213039	-0.00069601	0.00780000	0.00430000	0.01080000	0.00630000	-0.00430000	-0.00490000	0.00020000	0.00773750	-0.00400759	-0.00606128
2023-07-19	-0.00927118	-0.00220585	0.00250000	0.00260000	0.01320000	0.00160000	0.00170000	-0.01850000	0.00020000	0.00255673	-0.00478000	0.00371188
2023-07-20	-0.01452853	-0.00336025	-0.00810000	-0.00350000	0.00660000	0.00430000	0.01440000	-0.00020000	0.00020000	-0.00783751	0.00848977	0.00435951
2023-07-21	-0.00165755	0.00025554	-0.00050000	-0.00370000	-0.00360000	-0.00140000	0.00130000	-0.00790000	0.00020000	-0.00103120	-0.00229097	0.00217567
2023-07-24	-0.00028657	0.00276275	0.00310000	-0.00030000	0.00760000	0.00950000	-0.00280000	-0.00480000	0.00020000	0.00284005	-0.00171728	-0.00064221
2023-07-25	0.00546989	-0.00273598	0.00250000	-0.00250000	-0.00780000	0.00420000	-0.00370000	0.00930000	0.00020000	0.00405378	-0.00208913	0.00095208
2023-07-26	-0.00536659	0.00242487	0.00010000	0.00870000	0.01020000	-0.00340000	0.00630000	-0.01610000	0.00020000	-0.00656637	0.00340146	-0.00359169
2023-07-27	0.00726044	0.00831243	-0.00740000	-0.00820000	0.00280000	0.00380000	0.00130000	0.00950000	0.00020000	0.00438454	-0.00222326	-0.00675044
2023-07-28	0.00387813	-0.00756763	0.01130000	0.00440000	-0.00340000	-0.00720000	-0.00370000	0.00520000	0.00020000	-0.00393192	-0.00426654	0.01046580
2023-07-31	0.01161919	0.00427583	0.00250000	0.01000000	-0.00090000	-0.00950000	0.00060000	-0.00050000	0.00020000	-0.00137039	-0.00182049	-0.00288867
2023-08-01	0.03102021	0.02832730	-0.00340000	-0.00110000	0.00310000	0.00200000	-0.00280000	0.00620000	0.00020000	0.00578120	0.00520593	-0.00314108
2023-08-02	0.01602830	0.02863571	-0.01490000	-0.00050000	0.00570000	0.00670000	0.00670000	-0.00280000	0.00020000	-0.00229393	0.00079600	0.00394192
2023-08-03	0.00629925	0.00722837	-0.00190000	0.00020000	0.00080000	0.00310000	-0.00350000	0.00150000	0.00020000	-0.00121137	-0.00467750	-0.00162383
2023-08-04	0.02516375	0.03155851	-0.00480000	0.00070000	0.00760000	-0.00180000	-0.00660000	-0.00430000	0.00020000	-0.00462806	-0.00205938	-0.00686012
2023-08-07	0.00789188	0.01120193	0.00770000	-0.01090000	0.00600000	0.00630000	-0.00070000	0.00400000	0.00020000	-0.00731902	0.00552401	0.00305533
2023-08-08	-0.01004596	-0.00800271	-0.00470000	0.00100000	0.00150000	0.00470000	0.00020000	0.00360000	0.00020000	-0.00093474	-0.00158249	-0.00635435
2023-08-09	-0.04301963	-0.03596822	-0.00780000	-0.00020000	-0.00040000	0.00870000	0.00030000	-0.00290000	0.00020000	-0.00092420	0.00645097	0.00142109
2023-08-10	0.00058946	0.00090405	0.00010000	-0.00450000	-0.00670000	-0.00040000	-0.00050000	-0.00310000	0.00020000	-0.00299885	-0.00026771	-0.00207430
2023-08-11	-0.01756458	-0.01500542	-0.00110000	0.00240000	0.00450000	-0.00210000	0.00360000	-0.00260000	0.00020000	-0.00438380	0.00070609	0.00037639
2023-08-14	0.01317524	0.00384142	0.00510000	-0.00850000	-0.00780000	0.00100000	-0.00630000	0.01130000	0.00020000	0.00283090	-0.00121735	-0.00295649
2023-08-15	-0.00045472	-0.00195029	-0.01180000	-0.00010000	-0.01030000	0.00200000	0.00090000	0.01050000	0.00020000	0.00011670	-0.00124920	-0.00447348
2023-08-16	-0.00587898	-0.00043246	-0.00810000	-0.00480000	-0.00140000	0.00380000	0.00000000	-0.00170000	0.00020000	0.00020909	0.00298523	-0.00079069
2023-08-17	-0.00949921	-0.00126639	-0.00870000	-0.00180000	0.00490000	0.00500000	0.00210000	-0.01110000	0.00020000	0.00569898	-0.00070602	-0.01100144
2023-08-18	0.00436749	-0.00029601	0.00040000	0.00400000	-0.00220000	0.00070000	-0.00120000	0.00500000	0.00020000	0.00005415	0.00056662	0.00487874
2023-08-21	0.00787632	-0.00035635	0.00640000	-0.00880000	-0.00590000	0.00190000	-0.00870000	0.00440000	0.00020000	0.00641086	-0.00326348	-0.00596372
2023-08-22	0.00203854	-0.00228684	-0.00320000	-0.00010000	-0.01040000	-0.00340000	-0.00180000	0.00450000	0.00020000	-0.00228513	0.00254281	-0.00130596
2023-08-23	0.01296386	0.00213464	0.01080000	-0.00220000	-0.00120000	-0.00400000	-0.00230000	0.00730000	0.00020000	0.00066978	0.00065448	0.00538151
2023-08-24	-0.02469640	-0.01340345	-0.01420000	0.00020000	0.00620000	0.00520000	0.00370000	-0.00280000	0.00020000	-0.00145927	-0.00123333	-0.00644155
2023-08-25	-0.00773762	-0.01226864	0.00650000	-0.00240000	-0.00570000	-0.00350000	-0.00150000	-0.00500000	0.00020000	-0.00071036	0.00484717	0.00388802
2023-08-28	0.00332620	-0.00031849	0.00630000	0.00090000	0.00410000	0.00240000	0.00050000	0.00090000	0.00020000	0.00156224	0.00083336	0.00091102
2023-08-29	0.00420283	-0.00488184	0.01500000	-0.00080000	-0.00120000	-0.00050000	-0.00410000	0.00010000	0.00020000	-0.00025760	-0.00523714	-0.00074600
2023-08-30	0.00670964	-0.00024734	0.00410000	0.00090000	-0.00460000	-0.00400000	-0.00010000	0.00340000	0.00020000	-0.00089464	0.00113222	0.00202632
2023-08-31	-0.00307075	-0.00599158	-0.00080000	-0.00200000	0.00220000	0.00040000	-0.00210000	0.00210000	0.00020000	0.00553224	-0.00392830	-0.00426998
2023-09-01	0.00100263	-0.00427366	0.00260000	0.00850000	0.00580000	0.00000000	-0.00220000	0.00330000	0.00020000	0.00251996	-0.00037170	-0.00847016
2023-09-05	-0.00305620	-0.00175263	-0.00540000	-0.01570000	-0.00870000	-0.00300000	-0.00480000	-0.00410000	0.00020000	0.00413505	-0.00557235	-0.00490312
2023-09-06	0.00075077	0.00072573	-0.00710000	0.00010000	-0.00180000	-0.00450000	0.00100000	0.00720000	0.00020000	-0.00471183	0.00159106	0.00366679
2023-09-07	0.00107381	0.00807280	-0.00400000	-0.00690000	0.00020000	-0.00190000	0.00020000	0.00140000	0.00020000	-0.01180966	0.00146786	0.00400266
2023-09-08	-0.00213040	-0.00126575	0.00120000	-0.00510000	0.00400000	0.00290000	0.00010000	0.00090000	0.00020000	0.00080672	-0.00629956	-0.00072655
2023-09-11	-0.00305934	-0.00479179	0.00660000	-0.00470000	-0.00520000	-0.00510000	-0.00350000	-0.00500000	0.00020000	-0.00647104	-0.00261411	0.00790585
2023-09-12	0.00228613	0.01242644	-0.00590000	0.00210000	0.01010000	0.00240000	0.00160000	-0.00670000	0.00020000	-0.00541578	-0.00067658	-0.00967120
2023-09-13	0.00074939	0.00128182	0.00030000	-0.00870000	-0.00200000	0.00280000	-0.00360000	0.00190000	0.00020000	-0.00045530	-0.00456828	0.00332809
2023-09-14	0.00178427	0.00061496	0.00830000	0.00500000	0.00860000	0.00800000	0.00010000	-0.00400000	0.00020000	0.00257862	-0.00077335	0.00335402
2023-09-15	-0.01457791	-0.00697205	-0.01210000	0.00210000	0.00250000	-0.00340000	0.00450000	-0.00620000	0.00020000	-0.00237653	0.00411953	-0.00562955
2023-09-18	-0.00982963	-0.01376166	-0.00040000	-0.00820000	-0.00180000	0.00180000	-0.00040000	0.01270000	0.00020000	0.00057309	0.00207259	0.00112478
2023-09-19	-0.00839847	-0.00800792	-0.00260000	-0.00110000	0.00000000	0.00320000	0.00290000	-0.00080000	0.00020000	0.00302113	-0.00232273	-0.00364400
2023-09-20	-0.00325761	0.00461160	-0.00950000	-0.00050000	0.00270000	0.00280000	0.00490000	-0.00390000	0.00020000	-0.00180895	0.00357232	0.00103219
2023-09-21	-0.01326030	-0.00824573	-0.01680000	0.00340000	0.00380000	0.00570000	0.00090000	0.00050000	0.00020000	0.00917291	-0.00312715	-0.00849341
2023-09-22	0.00548277	0.00130944	-0.00250000	-0.00100000	-0.00500000	0.00190000	-0.00150000	0.00680000	0.00020000	0.00233633	-0.00060089	-0.00301520
2023-09-25	0.01337086	0.01266265	0.00390000	-0.00060000	0.00320000	0.00570000	-0.00470000	0.00130000	0.00020000	-0.00016255	0.00109814	-0.00523074
2023-09-26	-0.00044966	0.00172463	-0.01460000	0.00360000	-0.00500000	-0.00340000	-0.00080000	0.00390000	0.00020000	-0.00182073	-0.00194115	0.00055069
2023-09-27	0.01669213	0.00961721	0.00130000	0.00780000	0.00100000	0.00180000	-0.00270000	0.01150000	0.00020000	-0.00017551	0.00334820	-0.00616315
2023-09-28	0.02384797	0.01967690	0.00650000	0.00200000	0.00030000	0.00410000	-0.00030000	0.00260000	0.00020000	-0.00069227	-0.00280330	-0.00012469
2023-09-29	-0.00137847	-0.00150286	-0.00270000	-0.00020000	0.00320000	-0.00170000	-0.00120000	-0.00930000	0.00020000	0.00894614	-0.00247564	-0.00304367
2023-10-02	-0.00156366	-0.00679581	-0.00140000	-0.01280000	-0.01050000	0.00880000	-0.00530000	0.01320000	0.00020000	0.00553672	-0.00452742	-0.00441349
2023-10-03	-0.01647600	-0.00746722	-0.01490000	-0.00260000	-0.00140000	0.00290000	0.00120000	-0.00760000	0.00020000	0.00292951	0.00779928	-0.00407392
2023-10-04	0.01645832	0.00808128	0.00770000	-0.00530000	-0.00370000	-0.00390000	-0.00320000	0.00930000	0.00020000	-0.00273961	-0.00245543	0.00858497
2023-10-05	-0.00151258	-0.00474913	-0.00150000	0.00290000	0.00100000	-0.00450000	-0.00140000	-0.00150000	0.00020000	0.00319103	-0.00504252	-0.01784097
2023-10-06	0.01219601	0.00147688	0.01210000	-0.00440000	-0.00560000	-0.00320000	-0.00530000	0.00700000	0.00020000	-0.00194058	0.00475441	-0.00618654
2023-10-09	0.00259809	0.00218218	0.00590000	-0.00160000	0.00250000	0.00840000	-0.00370000	0.00080000	0.00020000	-0.00056722	0.01008649	-0.00268878
2023-10-10	0.01679016	0.01666399	0.00600000	0.00330000	0.00630000	-0.00240000	0.00200000	-0.00600000	0.00020000	-0.00323894	-0.00135338	0.00616627
2023-10-11	-0.00594497	-0.00863804	0.00330000	-0.00650000	0.00380000	0.00620000	-0.00240000	0.00620000	0.00020000	0.00468212	0.00288312	-0.00877619
2023-10-12	-0.00502644	-0.00010126	-0.00810000	-0.01490000	0.00110000	0.01200000	-0.00230000	0.00250000	0.00020000	0.01030526	0.00077472	-0.01084396
2023-10-13	-0.01624382	-0.00740308	-0.00590000	-0.00340000	0.00060000	0.00090000	0.00400000	-0.00750000	0.00020000	-0.00608833	-0.00300796	0.00767983
2023-10-16	0.00988570	0.00344883	0.01130000	0.00570000	-0.00090000	-0.00340000	0.00020000	-0.00280000	0.00020000	-0.00457273	-0.00062746	0.00652509
2023-10-17	0.00713204	0.00742582	0.00090000	0.01040000	0.00700000	-0.00090000	0.00340000	-0.00600000	0.00020000	-0.00074505	-0.00156730	0.00167676
2023-10-18	-0.01656710	-0.01100904	-0.01460000	-0.00600000	-0.00180000	0.00870000	0.00450000	0.00240000	0.00020000	0.00767301	-0.01061176	0.00547412
2023-10-19	-0.01008694	-0.00762709	-0.00920000	-0.00540000	-0.00220000	-0.00050000	-0.00030000	-0.00090000	0.00020000	0.00394892	0.00074843	-0.00397640
2023-10-20	-0.01089269	-0.00640173	-0.01320000	0.00080000	-0.00150000	0.00190000	0.00390000	0.00420000	0.00020000	-0.00100733	0.00055184	0.00006707
2023-10-23	0.00797878	0.00487302	-0.00230000	-0.00580000	-0.00780000	0.00170000	-0.00420000	0.00870000	0.00020000	-0.00120446	-0.00013869	0.00170257
2023-10-24	0.01755662	0.00914816	0.00740000	0.00080000	-0.00580000	-0.00980000	0.00190000	0.00600000	0.00020000	-0.00803594	0.00098883	0.00896892
2023-10-25	-0.03017683	-0.02051126	-0.01570000	-0.00020000	0.00860000	0.01490000	0.00170000	-0.00720000	0.00020000	0.01542044	-0.00050972	0.00266759
2023-10-26	-0.00907275	-0.00144868	-0.01140000	0.01190000	0.01680000	-0.00730000	0.00450000	-0.01390000	0.00020000	0.00418488	0.00084552	-0.00520770
2023-10-27	0.00397750	-0.00265915	-0.00520000	-0.00590000	-0.00590000	0.00460000	-0.00900000	0.01530000	0.00020000	0.00725279	-0.00202594	-0.00701072
2023-10-30	-0.01375554	-0.01781258	0.01150000	-0.00330000	0.00290000	-0.00180000	0.00170000	0.00130000	0.00020000	-0.00492486	0.00139705	0.01059842
2023-10-31	0.01958234	0.01543872	0.00630000	0.00060000	-0.00060000	-0.00810000	0.00040000	-0.00580000	0.00020000	-0.00211327	0.00217831	0.00204605
2023-11-01	0.01263637	0.00109034	0.00930000	-0.00700000	-0.00020000	0.00160000	-0.00710000	0.01740000	0.00020000	0.00256506	-0.00464230	-0.00016987
2023-11-02	0.01664623	0.01259392	0.01940000	0.00720000	0.01630000	-0.00220000	0.00560000	-0.01210000	0.00020000	0.00006997	-0.00206858	0.00065499
2023-11-03	0.01495749	0.00546558	0.01100000	0.01730000	0.00610000	-0.01180000	0.00170000	-0.01020000	0.00020000	0.00082595	-0.00529089	-0.00209586
2023-11-06	-0.01244132	-0.01435363	0.00010000	-0.01240000	-0.00640000	0.00840000	-0.00230000	0.01050000	0.00020000	0.00121147	0.00003832	0.00164466
2023-11-07	-0.00087606	-0.01196433	0.00350000	-0.00400000	-0.01220000	-0.01250000	-0.00070000	0.00760000	0.00020000	-0.00291973	-0.00268568	0.00672520
2023-11-08	-0.00577011	-0.00872054	-0.00030000	-0.01010000	-0.00460000	0.00410000	0.00040000	0.01060000	0.00020000	0.00087512	0.00415394	-0.00356122
2023-11-09	0.00129029	0.00404416	-0.00890000	-0.01010000	0.00490000	0.00530000	-0.00300000	0.01000000	0.00020000	0.00512596	0.00614989	-0.00051241
2023-11-10	0.00992512	-0.00230781	0.01490000	-0.00620000	-0.00440000	0.00730000	-0.00350000	0.01220000	0.00020000	0.00314182	0.00187996	0.00247701
2023-11-13	-0.00296271	-0.00315252	-0.00050000	0.00060000	-0.00260000	-0.00300000	-0.00180000	0.00210000	0.00020000	-0.00728688	0.00171959	0.00526839
2023-11-14	0.02268023	0.00850680	0.02180000	0.03230000	0.01190000	-0.00970000	-0.00220000	-0.02010000	0.00020000	0.00420358	-0.00680040	0.00226497
2023-11-15	-0.00122722	0.00210906	0.00180000	0.00130000	0.00490000	-0.00120000	0.00490000	-0.01630000	0.00020000	0.00317199	-0.00019318	0.00255755
2023-11-16	-0.01551509	-0.01801672	-0.00110000	-0.01490000	-0.00300000	-0.00480000	-0.00430000	0.00910000	0.00020000	-0.00089977	0.00472549	-0.00831527
2023-11-17	0.01658511	0.01518570	0.00250000	0.01220000	0.00630000	0.00020000	0.00350000	-0.00540000	0.00020000	0.00005840	-0.00011249	-0.00459389
2023-11-20	0.01076347	0.00133057	0.00730000	-0.00110000	-0.00290000	-0.00290000	-0.00300000	0.00560000	0.00020000	0.00191253	-0.00302026	-0.00074021
2023-11-21	-0.01772132	-0.01389289	-0.00320000	-0.00950000	-0.00600000	0.00420000	-0.00040000	0.00700000	0.00020000	-0.00873372	0.00445438	0.00432174
2023-11-22	0.00603197	0.00241904	0.00470000	0.00190000	-0.00040000	-0.00370000	0.00010000	-0.00190000	0.00020000	-0.00212625	-0.00237900	0.00593914
2023-11-24	0.00253740	0.00053239	0.00110000	0.00620000	0.00180000	-0.00500000	0.00240000	-0.00310000	0.00020000	-0.00234108	-0.00039861	0.00321140
2023-11-27	-0.00752804	-0.01039649	-0.00230000	-0.00130000	-0.00090000	0.00120000	-0.00250000	0.00770000	0.00020000	0.00083324	-0.00371407	-0.00026298
2023-11-28	-0.00259306	-0.00202724	0.00050000	-0.00300000	0.00040000	-0.00150000	0.00010000	-0.00580000	0.00020000	0.00112855	-0.00186537	0.00335665
2023-11-29	0.00661359	0.00523585	0.00010000	0.00580000	0.00690000	-0.00760000	-0.00050000	-0.00940000	0.00020000	0.00387945	0.00207636	-0.00803271
2023-11-30	-0.00962388	-0.01021349	0.00350000	-0.00420000	0.00010000	-0.00130000	0.00170000	0.00170000	0.00020000	-0.00494876	0.00797623	0.00823793
2023-12-01	0.00122197	-0.00225080	0.00810000	0.02230000	0.01070000	-0.00360000	0.00590000	-0.01610000	0.00020000	0.00196466	0.00189969	-0.00287006
2023-12-04	-0.00787232	-0.00668677	-0.00440000	0.01490000	0.00510000	-0.00420000	0.00740000	-0.00710000	0.00020000	-0.00166431	0.00084698	0.00040090
2023-12-05	-0.00888888	-0.01366029	-0.00210000	-0.01050000	-0.00830000	0.00200000	-0.00450000	0.01230000	0.00020000	0.00156980	-0.00296473	-0.00390735
2023-12-06	-0.01084623	-0.00559961	-0.00400000	0.00360000	0.00320000	-0.00230000	0.00270000	-0.01370000	0.00020000	0.00019892	0.00747554	-0.00395520
2023-12-07	0.01283015	0.00764124	0.00810000	0.00100000	0.00470000	0.00080000	-0.00190000	-0.00090000	0.00020000	0.00345262	-0.00757232	0.00085265
2023-12-08	0.02206585	0.01566693	0.00440000	0.00150000	0.00520000	-0.00120000	-0.00150000	0.00620000	0.00020000	0.00309403	-0.00291333	-0.00736194
2023-12-11	0.00500965	0.00211193	0.00360000	-0.00440000	-0.00120000	0.00030000	0.00700000	-0.00080000	0.00020000	0.00245475	0.00611829	0.00512654
2023-12-12	0.00623728	0.00079141	0.00340000	-0.00640000	-0.00880000	-0.00380000	-0.00240000	0.00600000	0.00020000	-0.00426582	0.00435064	0.00510709
2023-12-13	0.00457876	0.00011963	0.01540000	0.01920000	0.01350000	-0.00960000	0.00190000	-0.02080000	0.00020000	-0.00104586	-0.00803285	0.01015828
2023-12-14	0.02839384	0.03044320	0.00500000	0.01830000	0.02030000	0.00050000	0.00390000	-0.01610000	0.00020000	0.00437415	0.00083663	-0.02195948
2023-12-15	0.00274545	-0.00191306	-0.00060000	-0.00590000	-0.00570000	0.00120000	-0.00380000	0.00920000	0.00020000	0.00091527	0.00110957	0.00284233
2023-12-18	0.00135612	-0.00160585	0.00420000	-0.00510000	-0.00360000	0.00340000	-0.00270000	0.01020000	0.00020000	-0.00619220	-0.00299156	0.01042371
2023-12-19	-0.00034698	-0.00602885	0.00720000	0.01500000	0.00690000	-0.00390000	0.00040000	-0.00500000	0.00020000	-0.00023037	-0.00317713	-0.00079957
2023-12-20	-0.01532885	-0.00940981	-0.01550000	-0.00340000	0.00130000	0.00750000	0.00040000	0.00590000	0.00020000	0.00471187	-0.00265766	-0.01506873
2023-12-21	0.01481557	0.00623878	0.01090000	0.00740000	-0.00040000	-0.00600000	-0.00160000	-0.00210000	0.00020000	-0.00256863	-0.00070817	0.00482964
2023-12-22	-0.00436733	-0.00772790	0.00200000	0.00610000	0.00100000	-0.00640000	0.00210000	-0.00480000	0.00020000	-0.00050907	0.00158686	0.00706269
2023-12-26	0.00836510	0.00353845	0.00480000	0.00820000	0.00440000	-0.00320000	-0.00150000	-0.00210000	0.00020000	0.00056357	0.00032971	0.00322513
2023-12-27	0.00209548	-0.00017201	0.00160000	0.00160000	0.00110000	-0.00320000	-0.00150000	0.00110000	0.00020000	-0.00265092	-0.00053468	0.00535557
2023-12-28	0.00300930	0.00347925	-0.00010000	-0.00380000	0.00040000	-0.00320000	0.00150000	-0.00470000	0.00020000	0.00040803	0.00119539	-0.00045857
2023-12-29	-0.01101149	-0.00641435	-0.00430000	-0.01130000	-0.00370000	0.00670000	-0.00090000	0.00080000	0.00020000	-0.00020535	0.00552018	0.00196238
2024-01-02	-0.01173383	0.00849204	-0.00700000	-0.00250000	0.00790000	0.00670000	0.00590000	-0.02110000	0.00020000	-0.01017303	-0.00408695	0.00543591
2024-01-03	-0.00747712	0.00085134	-0.01010000	-0.01920000	-0.00100000	0.00360000	-0.00210000	0.00590000	0.00020000	-0.00236915	-0.00193578	-0.00429361
2024-01-04	0.01349559	0.01485817	-0.00330000	0.00240000	0.00090000	-0.00440000	0.00210000	-0.00300000	0.00020000	-0.00305859	0.00346547	-0.00033344
2024-01-05	0.00509426	0.00820411	0.00150000	-0.00600000	0.00630000	0.00090000	-0.00180000	-0.00250000	0.00020000	-0.00115990	0.00002135	-0.00394841
2024-01-08	0.02881982	0.00898351	0.01490000	0.00550000	-0.01270000	-0.00970000	-0.00400000	0.00900000	0.00020000	-0.00110003	-0.00573234	0.00844325
2024-01-09	0.00458771	0.00046185	-0.00210000	-0.00750000	-0.00890000	-0.00300000	-0.00150000	0.00980000	0.00020000	-0.00306087	0.00141544	0.00665960
2024-01-10	-0.00869833	-0.01500226	0.00510000	-0.00300000	-0.00440000	0.00240000	-0.00180000	0.00950000	0.00020000	-0.00172464	0.00100616	-0.00237607
2024-01-11	0.00245654	-0.00134494	-0.00140000	-0.00660000	-0.00510000	0.00450000	-0.00120000	0.00980000	0.00020000	0.00260204	0.00026934	0.00121208
2024-01-12	-0.00569717	-0.00979423	-0.00010000	-0.00220000	-0.00480000	0.00110000	-0.00230000	0.00640000	0.00020000	0.00005823	0.00095010	0.00495792
2024-01-16	-0.00035943	-0.00378880	-0.00470000	-0.00880000	-0.00610000	0.00160000	-0.00260000	0.01140000	0.00020000	0.00254358	-0.00362095	-0.00135183
2024-01-17	0.00225419	0.00202567	-0.00590000	-0.00160000	-0.00240000	0.00260000	-0.00240000	0.00590000	0.00020000	0.00070108	-0.00102339	0.00269988
2024-01-18	0.01453639	0.00416052	0.00870000	-0.00270000	-0.00350000	0.00700000	-0.00170000	0.00930000	0.00020000	0.00680824	0.00571342	-0.00431579
2024-01-19	0.04885421	0.03797323	0.01190000	-0.00380000	0.00670000	-0.00030000	-0.00250000	0.00840000	0.00020000	0.00704859	-0.00567034	-0.00618624
2024-01-22	-0.00150095	-0.01053790	0.00380000	0.01830000	0.00580000	-0.00440000	0.00120000	-0.00020000	0.00020000	0.00408411	-0.00114118	-0.00535777
2024-01-23	0.00081673	0.00125592	0.00220000	-0.00690000	-0.00550000	-0.00150000	0.00250000	-0.00630000	0.00020000	-0.00163846	-0.00011045	0.00843094
2024-01-24	0.01178483	0.00912510	-0.00010000	-0.00770000	0.00060000	0.00260000	-0.00410000	0.00570000	0.00020000	0.00472436	-0.00480475	-0.01119109
2024-01-25	-0.00682276	-0.00867078	0.00460000	0.00200000	0.00570000	-0.00180000	0.00530000	-0.00270000	0.00020000	0.00017132	0.00296744	0.00535795
2024-01-26	0.00100903	0.00456445	-0.00020000	0.00350000	-0.00280000	0.00200000	-0.00010000	-0.00120000	0.00020000	-0.01106613	-0.00170686	0.00449380
2024-01-29	0.01297871	0.00116258	0.00850000	0.00890000	-0.00580000	-0.01100000	-0.00310000	0.00330000	0.00020000	-0.00503210	-0.00160484	0.00793764
2024-01-30	0.00412510	0.01225984	-0.00120000	-0.00960000	0.00850000	0.00960000	0.00080000	0.00460000	0.00020000	-0.00522628	0.00051359	0.00246266
2024-01-31	0.00411054	0.01461868	-0.01740000	-0.00890000	-0.00290000	-0.00210000	0.00350000	-0.00380000	0.00020000	-0.00163004	0.00656825	-0.00234470
2024-02-01	0.01097357	0.00107255	0.01220000	0.00330000	-0.01350000	-0.00060000	-0.00240000	0.00320000	0.00020000	-0.00777991	0.00785847	0.01855286
2024-02-02	0.01045108	0.00476796	0.00990000	-0.01570000	-0.00510000	-0.00170000	-0.01420000	0.01660000	0.00020000	-0.01112306	0.00253478	0.00067222
2024-02-05	0.01626927	0.01270256	-0.00420000	-0.00940000	-0.00660000	0.00080000	-0.00150000	0.01240000	0.00020000	0.00099519	0.00052565	-0.00225040
2024-02-06	0.02679169	0.02754931	0.00270000	0.00760000	-0.00470000	-0.00720000	0.00590000	-0.01430000	0.00020000	-0.00724944	0.00638347	-0.00064615
2024-02-07	0.01870819	0.01350109	0.00770000	-0.01030000	-0.00610000	0.00630000	-0.00820000	0.00910000	0.00020000	-0.00145338	0.00304972	-0.00132953
2024-02-08	0.06549778	0.05729620	0.00210000	0.01410000	0.00020000	-0.00530000	-0.00180000	-0.00040000	0.00020000	0.00218672	-0.00450776	0.00147224
2024-02-09	0.00047719	-0.01300297	0.00650000	0.00830000	-0.00420000	-0.00330000	-0.00410000	0.00880000	0.00020000	0.00289248	-0.00563359	-0.00724285
2024-02-12	0.03645861	0.03896142	0.00040000	0.01650000	0.01110000	-0.00050000	0.00440000	-0.01400000	0.00020000	0.00118522	-0.00429673	0.00282405
2024-02-13	-0.01729058	-0.00576751	-0.01600000	-0.02530000	-0.00650000	0.00750000	-0.00080000	0.01160000	0.00020000	-0.00489741	0.00965276	-0.00526496
2024-02-14	0.02494733	0.01166272	0.01140000	0.01370000	-0.00220000	-0.01550000	-0.00170000	0.00000000	0.00020000	-0.00566658	0.00441964	-0.00082798
2024-02-15	0.01711988	0.01814901	0.00670000	0.01230000	0.01040000	-0.00210000	0.00250000	-0.01240000	0.00020000	-0.00320545	-0.00281175	0.00094235
2024-02-16	-0.02697916	-0.02212534	-0.00530000	-0.00660000	-0.00180000	0.00070000	0.00190000	0.00060000	0.00020000	-0.00475134	0.00004042	0.00240748
2024-02-20	-0.01476097	-0.00653187	-0.00730000	-0.00710000	0.00330000	0.00390000	0.00490000	-0.00440000	0.00020000	-0.00002739	0.00364459	0.00890519
2024-02-21	-0.00972863	-0.00248971	-0.00020000	-0.00660000	0.00140000	0.00860000	0.00190000	-0.00310000	0.00020000	-0.00494365	0.00476313	-0.00045728
2024-02-22	0.05251589	0.03610790	0.02020000	-0.01560000	-0.01290000	0.00380000	-0.01170000	0.02140000	0.00020000	-0.00424555	-0.00071377	0.00220866
2024-02-23	-0.01758645	-0.01867705	0.00020000	0.00320000	0.00000000	0.00070000	-0.00110000	0.00080000	0.00020000	-0.00221572	0.00424957	0.00333321
2024-02-26	0.02579447	0.01593376	-0.00260000	0.00970000	-0.00120000	-0.00740000	-0.00010000	0.01060000	0.00020000	0.00208553	-0.00197396	0.00123961
2024-02-27	-0.00734679	-0.01294758	0.00260000	0.01240000	-0.00440000	-0.01100000	0.00670000	-0.00950000	0.00020000	-0.00226544	-0.00256906	-0.00101154
2024-02-28	-0.00733700	-0.00309784	-0.00260000	-0.00900000	-0.00010000	-0.00060000	0.00510000	-0.00060000	0.00020000	-0.00386245	0.00674014	-0.00036374
2024-02-29	0.02522478	0.02073228	0.00530000	-0.00170000	0.00980000	0.00280000	-0.00740000	0.00420000	0.00020000	0.00668318	-0.00305477	-0.00229417
2024-03-01	0.02346481	0.01123588	0.00760000	0.00000000	-0.00550000	-0.00250000	-0.00090000	0.00720000	0.00020000	0.00444416	-0.00223428	-0.00027843
2024-03-04	0.02196396	0.02276031	-0.00180000	-0.00610000	0.00340000	-0.00210000	0.00220000	0.00080000	0.00020000	0.00104635	0.00524048	0.00055077
2024-03-05	0.00693471	0.02285643	-0.01070000	0.00040000	0.01170000	0.00940000	0.00530000	-0.00940000	0.00020000	-0.00354774	-0.00143394	-0.00070791
2024-03-06	0.02656039	0.02095083	0.00530000	-0.00260000	-0.00030000	-0.01090000	-0.00030000	-0.00050000	0.00020000	-0.00223836	0.00121364	0.00899510
2024-03-07	0.01100494	0.00577949	0.01020000	-0.00500000	0.00030000	0.00340000	-0.00680000	0.00050000	0.00020000	0.00205641	0.00043686	0.00286376
2024-03-08	-0.03071258	-0.02524420	-0.00660000	0.00620000	0.00570000	-0.00400000	0.00520000	-0.00770000	0.00020000	-0.00304828	0.00115172	-0.00784478
2024-03-11	-0.03072686	-0.02253123	-0.00200000	-0.00620000	0.00400000	0.00460000	0.00630000	-0.01480000	0.00020000	0.00308172	-0.00275761	-0.00064873
2024-03-12	0.00611924	-0.00467634	0.01040000	-0.01170000	-0.00680000	0.00520000	-0.00750000	0.01830000	0.00020000	-0.00019814	-0.00220637	0.00530809
2024-03-13	0.00111292	0.00378748	-0.00140000	0.00340000	-0.00020000	-0.00060000	0.00140000	-0.00010000	0.00020000	-0.00881104	0.00287173	0.00270213
2024-03-14	-0.01426975	-0.01172401	-0.00420000	-0.01470000	-0.01040000	0.01060000	-0.00050000	0.00650000	0.00020000	-0.00021344	0.00377772	-0.00767798
2024-03-15	-0.00183603	0.00293056	-0.00580000	0.00960000	0.00790000	-0.00120000	0.00350000	-0.00560000	0.00020000	-0.00258624	0.00155982	-0.00044119
2024-03-18	0.00199271	0.00182287	0.00530000	-0.01020000	-0.00250000	0.00210000	-0.00160000	0.00340000	0.00020000	-0.00547936	-0.00076548	0.00443946
2024-03-19	-0.02803121	-0.03336792	0.00540000	0.00460000	-0.00270000	0.00440000	0.00040000	0.00510000	0.00020000	-0.00198549	0.00228603	0.00148340
2024-03-20	0.00694947	-0.00178302	0.01020000	0.01040000	0.01010000	-0.00210000	-0.00080000	0.00310000	0.00020000	0.00217882	-0.00203065	-0.00014119
2024-03-21	0.02794059	0.02604421	0.00420000	0.00350000	0.00950000	0.00230000	0.00060000	0.00590000	0.00020000	-0.00186184	0.00224421	-0.00185274
2024-03-22	0.00056313	0.00094225	-0.00230000	-0.00980000	-0.00530000	0.00290000	-0.00360000	0.00490000	0.00020000	-0.00113868	0.00166877	-0.00286679
2024-03-25	0.01565779	0.01951626	-0.00270000	-0.00100000	0.00860000	-0.00210000	-0.00150000	-0.00330000	0.00020000	-0.00076989	-0.00518415	-0.00226770
2024-03-26	-0.00558690	-0.00669910	-0.00260000	0.00100000	-0.00130000	-0.00500000	0.00220000	0.00080000	0.00020000	-0.00262462	-0.00167314	0.00220484
2024-03-27	-0.00913092	-0.01119308	0.00880000	0.01290000	0.00910000	-0.00200000	0.00550000	-0.01370000	0.00020000	0.00121461	0.00363344	0.00297458
2024-03-28	-0.00620378	-0.00575570	0.00110000	0.00460000	0.00480000	-0.00010000	0.00080000	-0.00430000	0.00020000	-0.00059896	-0.00277026	-0.00049555
2024-04-01	0.01564052	0.01571789	-0.00260000	-0.00900000	-0.00280000	0.00350000	-0.00320000	0.00260000	0.00020000	0.00323820	-0.00288872	-0.00675627
2024-04-02	-0.00458594	0.00161455	-0.00850000	-0.01030000	0.00040000	0.00290000	0.00020000	0.00260000	0.00020000	-0.00102588	0.00463269	-0.00306549
2024-04-03	0.01193829	0.00677176	0.00170000	0.00310000	-0.00030000	0.00000000	-0.00180000	0.00680000	0.00020000	-0.00055468	0.00235697	-0.00988127
2024-04-04	-0.02121977	-0.01373588	-0.01220000	0.00210000	0.00150000	-0.00020000	0.00050000	-0.00990000	0.00020000	0.00232554	0.00233934	-0.00157306
2024-04-05	0.01164235	0.00203004	0.01060000	-0.00520000	-0.00680000	-0.00360000	-0.00580000	0.01460000	0.00020000	-0.00933595	0.00606679	0.00316155
2024-04-08	0.00113416	0.00025212	0.00010000	0.00540000	0.00140000	-0.00240000	0.00080000	-0.00610000	0.00020000	0.00060429	-0.00294196	-0.00221656
2024-04-09	-0.00915792	-0.01032889	0.00130000	0.00310000	-0.00320000	-0.00150000	0.00090000	-0.01380000	0.00020000	0.00493766	-0.00238492	0.00239830
2024-04-10	0.00456872	0.01049649	-0.01000000	-0.01570000	-0.01040000	0.00330000	-0.00450000	0.00830000	0.00020000	-0.00727679	0.00573396	0.00231387
2024-04-11	0.00381451	-0.01044879	0.00730000	0.00050000	-0.00620000	0.00120000	-0.00520000	0.01290000	0.00020000	0.00625603	-0.00508725	-0.00111692
2024-04-12	-0.01890809	-0.01083183	-0.01530000	-0.00380000	0.00110000	0.00650000	-0.00090000	-0.00040000	0.00020000	0.00422455	0.00363663	-0.00617449
2024-04-15	-0.00607825	0.00517573	-0.01290000	-0.00240000	0.00760000	0.00820000	0.00400000	-0.00270000	0.00020000	0.00143841	0.00266077	-0.00421204
2024-04-16	0.01718258	0.01322303	-0.00230000	-0.00290000	-0.00820000	0.00000000	-0.00230000	0.00680000	0.00020000	-0.00071309	0.00163413	0.00370067
2024-04-17	-0.02329944	-0.01405524	-0.00640000	-0.00370000	0.00560000	-0.00310000	0.00520000	-0.00900000	0.00020000	-0.00463260	0.00022949	0.00269262
2024-04-18	-0.00696920	0.00040222	-0.00270000	-0.00090000	0.00870000	0.00010000	0.00250000	-0.00570000	0.00020000	-0.00464855	-0.00271778	0.00272212
2024-04-19	-0.05557287	-0.04382622	-0.00820000	0.01260000	0.01900000	-0.00050000	0.01220000	-0.01850000	0.00020000	0.00164107	-0.00137256	0.00429207
2024-04-22	0.00920324	0.00405549	0.00870000	-0.00120000	0.00540000	-0.00240000	-0.00040000	0.00520000	0.00020000	-0.00268302	-0.00193860	0.00703967
2024-04-23	0.01641229	0.00344693	0.01270000	0.00550000	0.00000000	-0.00280000	-0.00630000	0.01260000	0.00020000	-0.00357214	0.00071792	0.00309375
2024-04-24	0.00695686	0.00751399	-0.00010000	-0.00290000	0.00280000	0.00270000	-0.00050000	-0.00610000	0.00020000	0.00635740	-0.00746186	0.00541530
2024-04-25	0.02809602	0.02948761	-0.00470000	-0.00390000	-0.00200000	0.00380000	-0.00100000	0.00010000	0.00020000	0.00286901	0.00839367	-0.00140305
2024-04-26	0.02156748	0.01060051	0.01030000	0.00210000	-0.01070000	0.00020000	-0.00430000	0.01180000	0.00020000	-0.00742498	-0.00671492	-0.00168566
2024-04-29	0.00245585	0.00102883	0.00330000	0.00340000	-0.00480000	0.00190000	-0.00100000	-0.00970000	0.00020000	0.00118382	0.00483051	0.00058047
2024-04-30	-0.00491748	0.00377910	-0.01670000	-0.00270000	-0.00250000	-0.00590000	0.00600000	-0.00550000	0.00020000	-0.00262677	0.00009642	0.00052218
2024-05-01	-0.03479251	-0.03670577	-0.00270000	0.00950000	0.00030000	-0.01350000	0.00040000	-0.00260000	0.00020000	-0.00741791	-0.00164259	-0.00199264
2024-05-02	0.00881513	-0.00194460	0.01010000	0.00720000	-0.00030000	-0.00010000	-0.00770000	0.00430000	0.00020000	0.00184566	-0.00434940	0.00821736
2024-05-03	0.00422628	-0.00731760	0.01180000	-0.00050000	-0.00200000	0.00420000	-0.00490000	-0.00250000	0.00020000	0.01303674	-0.00261942	-0.00134646
2024-05-06	0.02423215	0.01513265	0.01080000	-0.00020000	-0.00060000	-0.00250000	-0.00680000	0.01020000	0.00020000	-0.00511882	0.00029997	0.00100017
2024-05-07	-0.02175960	-0.02120194	0.00050000	0.00010000	-0.00590000	0.00150000	0.00250000	-0.00160000	0.00020000	-0.00555533	0.00299056	0.00956077
2024-05-08	0.00855982	0.01002846	-0.00090000	-0.00390000	0.00580000	0.00700000	0.00080000	-0.00050000	0.00020000	0.00626488	-0.00013427	-0.00584899
2024-05-09	-0.00826250	-0.00811003	0.00520000	0.00520000	0.00360000	0.00040000	0.00050000	-0.00590000	0.00020000	-0.00385427	0.00360880	0.00508457
2024-05-10	0.01142652	0.01224217	0.00090000	-0.00900000	0.00010000	0.00540000	-0.00070000	0.00290000	0.00020000	0.00089382	0.00118869	0.00394950
2024-05-13	-0.00233591	-0.00314334	-0.00040000	0.00260000	-0.00260000	0.00180000	0.00240000	-0.01150000	0.00020000	0.00714977	-0.00335294	-0.00574113
2024-05-14	0.01046029	0.00451528	0.00560000	0.00520000	0.00020000	-0.00160000	-0.00050000	-0.00280000	0.00020000	0.00268517	-0.00632826	-0.00389658
2024-05-15	0.01798870	0.00469175	0.01150000	-0.00470000	-0.00220000	-0.00420000	-0.00360000	0.01110000	0.00020000	0.00262262	-0.00315342	0.00021407
2024-05-16	-0.00964714	-0.00562657	-0.00250000	-0.00210000	-0.00010000	-0.00020000	0.00380000	-0.01010000	0.00020000	0.00069182	-0.00300541	0.01190185
2024-05-17	-0.00450284	-0.00433825	0.00110000	-0.00220000	0.00400000	-0.00170000	-0.00150000	0.00320000	0.00020000	-0.00414541	-0.00052788	-0.00202627
2024-05-20	0.00076187	-0.00835869	0.00140000	0.00140000	-0.00880000	0.00160000	-0.00510000	0.00420000	0.00020000	0.00674086	0.00234014	-0.00461342
2024-05-21	-0.00603783	-0.00551945	0.00160000	-0.00430000	0.00180000	0.00390000	-0.00370000	0.00130000	0.00020000	-0.00047105	-0.00408468	0.00519875
2024-05-22	-0.00476757	-0.00568558	-0.00350000	-0.00400000	-0.00370000	-0.00440000	-0.00040000	-0.00570000	0.00020000	0.00443954	0.00662670	-0.00231203
2024-05-23	0.00019008	0.00065049	-0.00840000	-0.00690000	-0.00640000	0.01210000	-0.00650000	0.01930000	0.00020000	-0.00209484	-0.00282952	-0.00618772
2024-05-24	0.01687574	0.01203830	0.00710000	0.00160000	0.00150000	0.00280000	-0.00430000	0.00260000	0.00020000	-0.00003040	-0.00196527	0.00082742
2024-05-28	0.01225772	0.00582111	-0.00040000	0.00130000	-0.00870000	0.00080000	-0.01110000	0.00550000	0.00020000	0.00124205	-0.00924773	-0.00223537
2024-05-29	-0.01837854	-0.01629848	-0.00770000	-0.00390000	-0.00620000	0.00500000	-0.00030000	0.00240000	0.00020000	0.00103738	-0.00553696	-0.00483789
2024-05-30	0.02328720	0.03154232	-0.00530000	0.01360000	0.01000000	0.00290000	0.01050000	-0.00480000	0.00020000	-0.00879232	0.00509960	-0.00104100
2024-05-31	-0.02814681	-0.02389373	0.00680000	-0.00010000	0.00780000	0.00950000	0.00760000	-0.00650000	0.00020000	-0.00189531	0.00310025	0.00570985
2024-06-03	-0.00315910	-0.00380866	0.00050000	-0.00310000	-0.00570000	0.00390000	-0.00440000	-0.00180000	0.00020000	0.00029904	-0.01025518	-0.00016494
2024-06-04	-0.01185928	-0.01054728	-0.00060000	-0.01280000	-0.00760000	-0.00220000	-0.00070000	-0.00190000	0.00020000	-0.00287035	0.00259906	0.00924514
2024-06-05	0.03275704	0.01619087	0.01230000	0.00310000	-0.00610000	-0.00440000	-0.00620000	0.01150000	0.00020000	0.00169900	-0.00076580	-0.00106520
2024-06-06	-0.00781142	-0.00395082	-0.00060000	-0.00570000	-0.00070000	-0.00010000	-0.00160000	-0.00550000	0.00020000	-0.00335017	-0.00341783	0.00255073
2024-06-07	-0.00616043	-0.00471126	-0.00230000	-0.00940000	0.00070000	0.00330000	0.00120000	0.00120000	0.00020000	0.00355780	0.00436001	-0.00599326
2024-06-10	0.00950702	0.00456989	0.00270000	-0.00150000	-0.00280000	-0.00220000	-0.00410000	0.00890000	0.00020000	-0.00460789	0.00115662	0.00171686
2024-06-11	-0.01493882	-0.02427808	0.00200000	-0.00190000	-0.01060000	0.00260000	-0.00130000	-0.00190000	0.00020000	0.01280581	-0.00477817	-0.00111199
2024-06-12	0.00463737	-0.00992250	0.00940000	0.00720000	0.00090000	0.00100000	-0.00260000	0.00670000	0.00020000	0.01052374	-0.00136234	-0.01269544
2024-06-13	0.02639144	0.02470126	0.00050000	-0.01020000	-0.00630000	0.01020000	-0.00050000	0.00660000	0.00020000	0.00364624	-0.00453338	-0.00046986
2024-06-14	-0.00945233	-0.00853375	-0.00160000	-0.01480000	-0.00640000	0.00130000	0.00060000	0.00230000	0.00020000	-0.00002915	-0.00467499	0.00187082
2024-06-17	0.00682737	0.00362157	0.00780000	-0.00340000	0.00520000	0.00830000	0.00250000	-0.00110000	0.00020000	0.00764659	0.00270445	0.00229575
2024-06-18	0.02103872	0.01930789	0.00200000	-0.00450000	0.00370000	0.00260000	-0.00110000	0.01050000	0.00020000	-0.00288443	0.00250334	0.00117438
2024-06-20	-0.00524331	0.00137541	-0.00300000	-0.00350000	0.00250000	-0.00620000	0.00290000	-0.00830000	0.00020000	-0.00754947	0.00397173	-0.00242950
2024-06-21	-0.01602687	-0.01737606	-0.00130000	0.00440000	-0.00510000	-0.00800000	0.00200000	-0.01030000	0.00020000	-0.00094468	0.00001057	0.00150725
2024-06-24	-0.00950614	0.00263832	-0.00260000	0.00630000	0.01090000	0.00030000	0.00620000	-0.00790000	0.00020000	-0.01519514	0.00251230	0.00715775
2024-06-25	0.00107788	-0.01080757	0.00310000	-0.00820000	-0.01210000	0.00080000	-0.01210000	0.01230000	0.00020000	0.00638585	-0.00656204	-0.00092931
2024-06-26	-0.00660218	-0.00509510	0.00160000	-0.00010000	-0.00210000	0.00440000	-0.00270000	-0.00420000	0.00020000	-0.00244050	-0.00320197	-0.00359359
2024-06-27	0.01886197	0.01384445	0.00140000	0.00530000	-0.00390000	-0.00950000	-0.00140000	-0.00210000	0.00020000	-0.00342656	0.00003487	-0.00166122
2024-06-28	-0.00325256	-0.00715947	-0.00350000	0.01010000	0.01270000	-0.00170000	0.00680000	0.00350000	0.00020000	0.00875232	-0.00290302	-0.00531013
2024-07-01	-0.00610961	-0.00904375	0.00230000	-0.01050000	-0.00470000	0.00480000	-0.00330000	0.00890000	0.00020000	-0.00015205	-0.01038347	-0.00687133
2024-07-02	0.01182156	0.01349975	0.00570000	-0.00470000	0.00400000	0.00480000	-0.00610000	-0.00490000	0.00020000	-0.00034972	0.00151693	0.00400060
2024-07-03	0.01022770	0.00293066	0.00480000	-0.00290000	-0.00690000	-0.00010000	0.00580000	0.00210000	0.00020000	0.00355401	-0.00008606	-0.00493757
2024-07-05	0.01269457	0.01116811	0.00480000	-0.00800000	-0.01430000	-0.00340000	-0.01030000	-0.00280000	0.00020000	-0.00985210	-0.00137550	0.01529267
2024-07-08	0.01709355	0.00947275	0.00100000	0.00530000	-0.00190000	-0.00320000	0.00470000	0.00300000	0.00020000	0.00437334	-0.00161136	-0.00197699
2024-07-09	-0.00878610	-0.00858216	0.00000000	-0.00600000	0.00510000	-0.00480000	0.00680000	0.00400000	0.00020000	-0.00281324	-0.00578246	-0.00408712
2024-07-10	0.00608154	-0.00026902	0.00970000	-0.00130000	0.00400000	0.00200000	0.00180000	0.00360000	0.00020000	0.00236680	-0.00150348	-0.00056835
2024-07-11	-0.00215418	-0.00258414	-0.00600000	0.04200000	0.01760000	-0.01030000	-0.00100000	-0.01290000	0.00020000	-0.00254182	0.00713260	-0.00004636
2024-07-12	0.00201008	-0.00434345	0.00580000	0.00620000	-0.00460000	-0.00470000	0.00130000	-0.00730000	0.00020000	0.00131367	0.00056240	0.00231945
2024-07-15	-0.00871792	-0.01581849	0.00380000	0.01160000	0.00600000	-0.00240000	-0.00360000	0.00660000	0.00020000	-0.00068368	-0.00029995	-0.00437919
2024-07-16	0.00432581	0.00037614	0.00820000	0.02770000	0.01340000	-0.00610000	0.00050000	-0.01280000	0.00020000	-0.00277404	0.00988195	0.00578354
2024-07-17	-0.04298609	-0.01838281	-0.01490000	0.00490000	0.02440000	0.00770000	-0.00120000	-0.01880000	0.00020000	-0.00584882	-0.00374002	0.01158845
2024-07-18	-0.00216490	-0.00043051	-0.00950000	-0.01140000	0.00020000	0.00980000	0.00380000	0.00890000	0.00020000	0.00992620	0.00115910	-0.00458908
2024-07-19	0.00692152	0.01044572	-0.00680000	0.00080000	-0.00130000	-0.00110000	-0.00490000	0.00460000	0.00020000	-0.00848977	0.00099507	0.00210689
2024-07-22	-0.00258260	-0.01845493	0.01080000	0.00530000	-0.00560000	-0.00340000	0.00680000	0.00580000	0.00020000	0.00678627	-0.00150586	-0.00345286
2024-07-23	0.01364282	0.00747434	-0.00070000	0.01150000	0.00000000	-0.00430000	-0.00170000	0.00710000	0.00020000	-0.00315628	-0.00424181	0.00007539
2024-07-24	-0.03515278	-0.01507534	-0.02400000	0.00040000	0.01710000	0.00130000	0.00040000	-0.00490000	0.00020000	-0.00402049	-0.00308714	0.00526886
2024-07-25	-0.01029082	-0.00677605	-0.00300000	0.01670000	0.00670000	-0.00140000	0.00170000	-0.01710000	0.00020000	0.00154789	0.00709949	-0.00300858
2024-07-26	0.00364384	-0.00454730	0.01100000	0.00550000	-0.00170000	0.00080000	0.00130000	0.00140000	0.00020000	-0.00129536	0.00555850	0.00573967
2024-07-29	-0.00747917	-0.00092972	-0.00020000	-0.01000000	-0.00480000	0.00640000	-0.00230000	-0.00490000	0.00020000	-0.00589686	0.00203355	-0.00152857
2024-07-30	-0.00982085	0.00365579	-0.00490000	0.00710000	0.01340000	0.00410000	-0.01050000	-0.01090000	0.00020000	-0.01011795	0.00554991	-0.00511243
2024-07-31	0.03154972	0.01230272	0.01520000	-0.00970000	-0.01330000	0.00510000	0.01400000	0.01000000	0.00020000	0.01493968	-0.00164204	-0.01181147
2024-08-01	-0.02675254	-0.00687835	-0.01610000	-0.01230000	-0.00660000	0.00880000	-0.00930000	0.00000000	0.00020000	-0.01959636	0.00126828	0.01622695
2024-08-02	-0.02450304	-0.00520273	-0.02110000	-0.01190000	-0.00770000	0.00910000	0.00790000	-0.01400000	0.00020000	-0.00184735	0.00112504	0.00925712
2024-08-05	0.01959684	0.03264698	-0.03020000	-0.00340000	-0.00010000	-0.00090000	-0.00160000	-0.00170000	0.00020000	0.00463993	0.01132799	-0.00782710
2024-08-06	0.01238463	0.00145116	0.01000000	-0.00030000	-0.00560000	-0.00110000	0.00270000	0.01300000	0.00020000	-0.00428148	0.00213213	0.00491473
2024-08-07	-0.02643223	-0.01636245	-0.00830000	-0.00460000	0.00700000	0.00680000	-0.00900000	-0.00160000	0.00020000	-0.00264498	0.00345721	0.00425067
2024-08-08	0.03188089	0.01060212	0.02380000	0.00090000	-0.00810000	-0.00550000	0.00080000	0.00860000	0.00020000	0.00104443	0.00170508	0.00310239
2024-08-09	-0.00351573	-0.00771095	0.00430000	-0.00760000	-0.00340000	0.00230000	-0.00170000	0.01450000	0.00020000	-0.00638409	-0.00295938	0.00199222
2024-08-12	0.00043012	-0.00557217	-0.00080000	-0.00860000	-0.00580000	0.00090000	0.00400000	0.01250000	0.00020000	0.00283317	-0.00347833	-0.00442618
2024-08-13	0.00900465	-0.00619415	0.01690000	0.00160000	-0.00750000	-0.00480000	0.01060000	-0.00330000	0.00020000	0.00588324	-0.00520684	-0.00441802
2024-08-14	0.00589675	0.00498990	0.00300000	-0.01080000	0.00250000	0.00130000	0.00380000	0.00750000	0.00020000	-0.00154571	0.00141919	0.00190937
2024-08-15	0.01651735	-0.00164110	0.01770000	0.00960000	-0.00750000	-0.00450000	0.00410000	0.00050000	0.00020000	0.00413213	-0.00401143	0.00434151
2024-08-16	-0.00386373	-0.00511790	0.00220000	0.00040000	0.00770000	-0.00240000	0.00500000	0.00100000	0.00020000	0.00021717	-0.00624203	-0.00000527
2024-08-19	-0.00535084	-0.01697615	0.00980000	0.00220000	-0.00260000	-0.01030000	0.00470000	0.00210000	0.00020000	0.00037919	-0.00370702	0.00115130
2024-08-20	-0.00869150	-0.00630697	-0.00310000	-0.00740000	-0.00650000	0.00370000	-0.00640000	0.00070000	0.00020000	-0.00277634	0.00370004	0.00759435
2024-08-21	0.00550392	-0.00273808	0.00510000	0.00850000	-0.00640000	-0.00410000	0.00190000	0.00100000	0.00020000	-0.00235295	0.00041656	0.00627606
2024-08-22	-0.00208660	0.00952621	-0.00960000	-0.00240000	0.01370000	0.00510000	-0.00240000	0.00390000	0.00020000	-0.00669126	0.00473226	0.00075707
2024-08-23	0.00458488	-0.00932633	0.01290000	0.01900000	0.00850000	-0.00500000	0.00710000	0.00130000	0.00020000	0.00463865	-0.00906188	-0.00312463
2024-08-26	-0.02258262	-0.01736506	-0.00340000	0.00330000	0.00180000	0.00140000	-0.00050000	-0.00440000	0.00020000	-0.00606038	0.00120679	0.00728937
2024-08-27	0.00043461	-0.00107407	0.00050000	-0.00890000	0.00020000	0.00280000	0.00230000	0.00530000	0.00020000	0.00272237	0.00076000	0.00084908
2024-08-28	-0.01971146	-0.01223659	-0.00660000	-0.00210000	0.01140000	0.00560000	-0.00180000	0.00320000	0.00020000	-0.00179003	0.00314758	-0.00339922
2024-08-29	0.01903866	0.02205093	0.00070000	0.00660000	0.00290000	-0.00130000	-0.01210000	-0.00780000	0.00020000	-0.00646089	0.00700596	-0.00200285
2024-08-30	0.01070551	0.00404883	0.00980000	-0.00550000	0.00050000	-0.00180000	-0.00130000	0.00680000	0.00020000	-0.00241762	0.00211136	0.00568017
2024-09-03	-0.01521026	0.01065498	-0.02260000	-0.00730000	0.01360000	0.00620000	-0.00810000	-0.00680000	0.00020000	-0.01158159	-0.00115719	0.01397770
2024-09-04	-0.00277958	-0.00405532	-0.00220000	0.00110000	-0.00580000	-0.00270000	-0.00070000	-0.00200000	0.00020000	-0.00190820	0.00421879	0.00660695
2024-09-05	-0.00279113	-0.00374354	-0.00310000	-0.00050000	-0.00680000	-0.00250000	0.00020000	-0.00350000	0.00020000	-0.00006838	-0.00707095	-0.00218958
2024-09-06	-0.02266368	-0.01161075	-0.01820000	-0.00080000	0.00180000	0.00330000	-0.00050000	-0.00150000	0.00020000	-0.00140502	0.00622791	0.00364533
2024-09-09	0.03104138	0.02120758	0.01090000	-0.01060000	-0.00720000	-0.01080000	0.00370000	0.00910000	0.00020000	-0.00686656	0.00772088	0.00648004
2024-09-10	0.00198718	-0.00598233	0.00400000	-0.00280000	-0.00830000	-0.00080000	-0.00160000	-0.00040000	0.00020000	0.00609485	0.00052630	-0.00061946
2024-09-11	0.02605186	0.00727475	0.01040000	-0.00650000	-0.01640000	-0.00180000	0.00590000	0.00860000	0.00020000	0.01152652	-0.00488796	-0.01251542
2024-09-12	0.00415395	-0.00298235	0.00800000	0.00460000	-0.00500000	0.00380000	-0.00060000	0.00550000	0.00020000	-0.00317569	-0.00035900	0.00372819
2024-09-13	0.01211556	0.00296163	0.00700000	0.01900000	0.00030000	-0.00290000	0.00300000	-0.00200000	0.00020000	-0.00039450	-0.00081740	0.00456582
2024-09-16	-0.00815272	-0.00478589	0.00160000	0.00010000	0.00910000	0.00370000	-0.00440000	-0.00160000	0.00020000	-0.00208286	0.00223795	0.00256483
2024-09-17	-0.00340072	-0.00336666	0.00080000	0.00770000	0.00550000	0.00390000	-0.00320000	-0.00400000	0.00020000	0.00180156	0.00251721	-0.01066613
2024-09-18	0.00400589	0.00650256	-0.00250000	0.00260000	0.00270000	0.00060000	-0.00380000	0.00020000	0.00020000	-0.00464852	0.00068853	-0.00194394
2024-09-19	0.00782130	-0.00891301	0.01770000	0.00320000	-0.00200000	-0.00200000	-0.00040000	0.00600000	0.00020000	0.00501630	0.00001679	-0.01089254
2024-09-20	0.00847701	0.00971830	-0.00260000	-0.00780000	-0.00630000	0.00230000	-0.00340000	0.00700000	0.00020000	-0.00637330	-0.00208397	0.00760475
2024-09-23	0.00825794	0.01279521	0.00210000	-0.00810000	-0.00100000	0.00450000	-0.00230000	-0.00590000	0.00020000	-0.00320044	0.00733044	0.00307302
2024-09-24	-0.00106859	-0.00586256	0.00240000	-0.00110000	-0.00570000	-0.00280000	0.00810000	0.00000000	0.00020000	0.00054218	0.00495720	-0.00518812
2024-09-25	0.00641609	0.00313043	-0.00290000	-0.00930000	-0.00710000	-0.00050000	0.00140000	0.00980000	0.00020000	-0.00008344	0.00002085	-0.00015747
2024-09-26	-0.00953954	-0.01555637	0.00430000	0.00210000	0.00430000	-0.00510000	0.00550000	-0.00650000	0.00020000	0.00918151	-0.00060362	-0.00155614
2024-09-27	-0.00749883	-0.00090562	-0.00090000	0.00700000	0.00570000	0.00110000	-0.00060000	-0.01650000	0.00020000	-0.00176858	0.00106203	-0.00104065
2024-09-30	-0.00456599	-0.00692120	0.00360000	-0.00090000	0.00140000	0.00400000	-0.00020000	0.00610000	0.00020000	-0.00208640	0.00015225	-0.00198379
2024-10-01	0.00222256	0.01669848	-0.00970000	-0.00650000	-0.00040000	0.00790000	-0.00590000	-0.00440000	0.00020000	-0.01107957	0.01181311	-0.00086345
2024-10-02	0.01425555	0.00804745	0.00000000	-0.00260000	-0.00170000	-0.00510000	0.00410000	0.00490000	0.00020000	0.00378626	-0.00216730	-0.00792076
2024-10-03	0.00589927	0.00409044	-0.00230000	-0.00660000	0.00200000	0.00450000	0.00330000	0.00810000	0.00020000	0.00532903	-0.00378042	-0.01087608
2024-10-04	0.00601231	-0.00175363	0.01030000	0.00480000	0.00270000	-0.00540000	-0.00170000	0.00020000	0.00020000	-0.00177727	-0.00384149	0.00122464
2024-10-07	0.02055873	0.02321789	-0.00970000	-0.00190000	0.00300000	0.00070000	0.00770000	0.00030000	0.00020000	0.00575504	0.00466220	-0.00965694
2024-10-08	-0.00830371	-0.02102785	0.00870000	-0.00750000	-0.01110000	-0.00320000	0.00210000	0.01470000	0.00020000	-0.00164357	-0.00377469	0.00461649
2024-10-09	0.00809994	0.00450488	0.00690000	-0.00470000	0.00180000	0.00150000	-0.00230000	0.00060000	0.00020000	0.00173679	0.00325890	0.00326661
2024-10-10	-0.00655712	-0.00543200	-0.00200000	-0.00380000	0.00090000	0.00130000	0.00160000	-0.00150000	0.00020000	0.00194986	-0.00305467	-0.00529903
2024-10-11	0.01396228	0.00428592	0.00750000	0.01270000	0.00760000	-0.00980000	0.00000000	0.01120000	0.00020000	-0.00733756	0.00561625	0.00690141
2024-10-14	0.00071396	-0.00752275	0.00700000	-0.00110000	-0.00310000	-0.00110000	0.00480000	0.00580000	0.00020000	0.00098300	-0.00111315	0.00092648
2024-10-15	-0.02124485	-0.01659341	-0.00720000	0.00980000	0.00510000	-0.00270000	-0.00440000	0.00210000	0.00020000	-0.01016308	-0.00388047	0.01163423
2024-10-16	0.00321596	-0.00277564	0.00520000	0.01040000	0.00540000	-0.00320000	0.00660000	0.00260000	0.00020000	-0.00126007	-0.00187619	-0.00394766
2024-10-17	0.01162001	0.01093712	-0.00050000	-0.00090000	0.00160000	0.00290000	0.00080000	-0.00210000	0.00020000	0.00467581	-0.00280940	-0.00610159
2024-10-18	-0.00644418	-0.00971776	0.00360000	-0.00430000	-0.00740000	-0.00580000	0.00150000	0.00050000	0.00020000	-0.00616244	0.00188938	0.00217267
2024-10-21	-0.00064568	-0.00277747	-0.00290000	-0.01370000	-0.01190000	-0.00170000	0.00440000	0.00500000	0.00020000	-0.00019355	0.00318391	-0.00735220
2024-10-22	-0.00574626	-0.00459522	-0.00110000	-0.00260000	0.00580000	0.00110000	-0.00310000	0.00040000	0.00020000	0.00154055	-0.01157552	0.00605124
2024-10-23	-0.00513881	0.00271027	-0.00970000	-0.00020000	0.01080000	0.00260000	-0.00090000	-0.00320000	0.00020000	0.00244036	0.00387482	-0.00034580
2024-10-24	0.00033706	-0.00256546	0.00290000	0.00080000	-0.00290000	-0.00010000	-0.00330000	0.00000000	0.00020000	-0.00187168	-0.00876565	-0.00113118
2024-10-25	0.00879911	0.00526150	-0.00080000	-0.00270000	-0.00820000	0.00070000	-0.00310000	-0.00060000	0.00020000	0.00297424	0.00073043	-0.00674067
2024-10-28	0.00601610	-0.00053147	0.00380000	0.01340000	0.00640000	-0.00590000	-0.00090000	0.00370000	0.00020000	-0.00253516	-0.00500976	0.00282346
2024-10-29	0.00886129	-0.00137748	0.00150000	-0.00230000	-0.01070000	-0.00300000	-0.00140000	0.00570000	0.00020000	0.00552121	-0.00040797	-0.00746623
2024-10-30	-0.04402923	-0.03561523	-0.00320000	0.00170000	0.00740000	0.00400000	-0.00120000	-0.00330000	0.00020000	-0.00785131	-0.00053160	-0.00237858
2024-10-31	-0.01232268	0.00487078	-0.01800000	-0.00010000	0.00590000	0.00410000	0.00190000	-0.01080000	0.00020000	-0.00446197	0.00417430	0.00063331
2024-11-01	-0.01184792	-0.01864648	0.00470000	0.00310000	-0.01070000	-0.00370000	0.00140000	-0.00230000	0.00020000	-0.00205603	-0.00143829	-0.00033582
2024-11-04	-0.00653063	-0.00888243	-0.00270000	0.00680000	-0.00550000	0.00170000	0.00360000	-0.00430000	0.00020000	0.00322340	0.00064058	0.00204777
2024-11-05	0.03669863	0.02464045	0.01300000	0.00660000	-0.00120000	-0.00400000	-0.00200000	0.00830000	0.00020000	-0.00438353	0.00304681	0.00476834
2024-11-06	-0.01739919	-0.03656852	0.02910000	0.02680000	0.03590000	-0.00070000	-0.01020000	0.01120000	0.00020000	0.00594857	-0.00056649	-0.02405806
2024-11-07	0.01866201	0.00812001	0.00660000	-0.00890000	-0.02720000	-0.00030000	0.00260000	0.00410000	0.00020000	-0.00300562	-0.00543242	0.00286458
2024-11-08	-0.00707478	-0.01303858	0.00430000	0.00370000	-0.00500000	-0.00340000	-0.00740000	0.01040000	0.00020000	-0.01035649	0.00712035	0.01626788
2024-11-11	-0.00817014	-0.00850836	0.00320000	0.01140000	0.00860000	-0.00870000	-0.00740000	-0.00910000	0.00020000	-0.00477837	0.00277917	-0.00166317
2024-11-12	-0.01769308	-0.01450336	-0.00380000	-0.01350000	0.00130000	0.00580000	0.00480000	0.00390000	0.00020000	0.00369346	-0.00413495	-0.00108138
2024-11-13	-0.01385603	-0.00721797	-0.00120000	-0.00950000	0.00180000	0.00370000	0.00160000	-0.00610000	0.00020000	-0.00186215	0.00485958	-0.00003135
2024-11-14	-0.01231043	-0.00792811	-0.00710000	-0.00670000	0.00720000	0.00710000	0.00180000	0.00170000	0.00020000	0.00743486	-0.01141757	-0.00322856
2024-11-15	0.01487142	0.02874894	-0.01380000	-0.00370000	0.01660000	0.00170000	-0.00280000	-0.00220000	0.00020000	-0.00202776	0.00494015	-0.00527616
2024-11-18	0.01280095	0.01227548	0.00410000	-0.00360000	-0.00010000	-0.00110000	-0.00550000	-0.00270000	0.00020000	-0.00285587	-0.00333822	0.00683535
2024-11-19	0.04735130	0.03419022	0.00490000	0.00260000	-0.01610000	-0.00930000	0.00580000	0.01310000	0.00020000	-0.00772167	-0.00469562	0.00357318
2024-11-20	-0.01333398	-0.01344898	0.00040000	0.00050000	-0.00110000	0.00040000	-0.00090000	-0.00250000	0.00020000	-0.00139885	0.00100598	-0.00550313
2024-11-21	0.01965672	0.01177175	0.00650000	0.00910000	0.00280000	-0.00380000	0.00650000	-0.00220000	0.00020000	0.00378559	0.00307530	0.00669026
2024-11-22	0.01738169	0.01185057	0.00530000	0.01390000	0.00430000	-0.00680000	-0.00650000	-0.00370000	0.00020000	-0.00289684	0.00665679	0.01086924
2024-11-25	0.01280162	0.01173803	0.00410000	0.01290000	0.00220000	0.00060000	-0.00470000	-0.01290000	0.00020000	0.00054247	0.00112118	0.00357655
2024-11-26	-0.01785470	-0.02044113	0.00420000	-0.01070000	-0.00680000	0.00540000	-0.00340000	0.01220000	0.00020000	-0.00636034	-0.00004550	0.00419670
2024-11-27	-0.00077620	0.00438773	-0.00390000	0.00450000	0.00490000	-0.00600000	0.00110000	-0.00820000	0.00020000	-0.00610123	-0.00147603	0.00298124
2024-11-29	-0.00317149	-0.00895923	0.00540000	-0.00050000	-0.00640000	-0.00050000	0.00320000	0.00070000	0.00020000	-0.00050460	0.00136281	0.00248492
2024-12-02	0.04296313	0.03902177	0.00230000	0.00180000	-0.00660000	0.00520000	-0.00400000	-0.00650000	0.00020000	0.00691926	-0.00751996	-0.00259402
2024-12-03	0.00419827	0.00162569	0.00040000	-0.00780000	-0.00550000	0.00360000	-0.00130000	0.00910000	0.00020000	-0.00166122	-0.00490403	-0.00439113
2024-12-04	0.01586021	0.00169416	0.00700000	-0.00180000	-0.01220000	-0.01090000	-0.00030000	0.00610000	0.00020000	0.00103702	0.00050146	-0.00057920
2024-12-05	0.00283726	0.00704955	-0.00280000	-0.00950000	0.00470000	0.00530000	-0.00110000	0.00700000	0.00020000	-0.00253406	-0.00949122	0.00406943
2024-12-06	0.01454086	0.00619560	0.00350000	0.00380000	-0.01050000	-0.01070000	-0.00710000	0.00170000	0.00020000	-0.00606232	-0.00318967	0.00038983
2024-12-09	-0.02066872	-0.01124174	-0.00730000	0.00440000	0.00110000	0.00700000	-0.00040000	-0.02800000	0.00020000	0.01072556	-0.00067425	-0.00521913
2024-12-10	-0.01330086	-0.00584141	-0.00360000	0.00100000	0.00120000	0.01140000	-0.00710000	-0.00060000	0.00020000	-0.00621190	0.00100940	0.00528492
2024-12-11	0.00784386	-0.00339349	0.00870000	-0.00190000	-0.00580000	-0.00070000	-0.00380000	0.01360000	0.00020000	-0.00201633	-0.00961478	-0.00690929
2024-12-12	0.00338981	0.00906804	-0.00620000	-0.00780000	0.00430000	0.00350000	0.00140000	-0.00190000	0.00020000	0.00279913	-0.00037504	0.00253790
2024-12-13	0.04224521	0.03920135	-0.00050000	-0.00510000	-0.00300000	0.00320000	-0.00310000	0.00680000	0.00020000	0.00196355	-0.00095371	-0.00115021
2024-12-16	-0.00387423	-0.01788196	0.00460000	0.00400000	-0.01020000	-0.01100000	-0.00920000	0.01140000	0.00020000	-0.00308277	-0.00151871	0.00211318
2024-12-17	-0.01771869	-0.01334060	-0.00490000	-0.00540000	-0.00580000	0.00080000	-0.00060000	-0.00650000	0.00020000	-0.00171681	-0.00176521	-0.00083860
2024-12-18	-0.01108586	0.00939605	-0.03170000	-0.01270000	0.00070000	0.01060000	0.00760000	-0.00860000	0.00020000	0.00950053	0.00240896	-0.01087937
2024-12-19	-0.00412583	-0.00688383	-0.00120000	-0.00250000	0.00010000	0.00270000	0.00170000	0.00940000	0.00020000	0.00052587	-0.00124584	-0.00673006
2024-12-20	0.00683151	-0.00210637	0.01070000	-0.00260000	0.00070000	-0.01200000	0.00640000	0.00190000	0.00020000	-0.00271621	0.00123691	0.00019038
2024-12-23	0.00550404	0.00380996	0.00610000	-0.00850000	-0.00200000	0.00290000	0.00660000	-0.00070000	0.00020000	0.00049533	-0.00493425	-0.01134978
2024-12-24	0.00957987	0.00292762	0.01110000	-0.00120000	-0.00050000	-0.00110000	-0.00360000	0.00670000	0.00020000	-0.00620251	-0.00228933	0.00477854
2024-12-26	-0.00489843	-0.01093553	0.00010000	0.01060000	-0.00180000	-0.00420000	0.00350000	0.00000000	0.00020000	0.00094674	-0.00188571	0.00354570
2024-12-27	-0.00498391	0.00465801	-0.01170000	-0.00440000	0.00550000	0.00390000	0.00030000	-0.00840000	0.00020000	0.00467244	0.00349678	-0.00388198
2024-12-30	-0.00631620	-0.00120771	-0.01090000	0.00250000	0.00740000	0.00540000	0.00150000	0.00080000	0.00020000	0.00491527	-0.00291921	-0.01011043
2024-12-31	-0.00529671	0.00083511	-0.00460000	0.00320000	0.00710000	0.00330000	0.00020000	-0.01070000	0.00020000	0.00299437	0.00153497	0.00140076
2025-01-02	0.01543814	0.01243318	-0.00160000	-0.00020000	-0.00290000	-0.00640000	0.00620000	0.00490000	0.00020000	-0.00409994	-0.00290485	-0.00204652
2025-01-03	0.03391901	0.01925654	0.01340000	0.00290000	-0.00920000	-0.01260000	0.00370000	0.00830000	0.00020000	-0.00807788	-0.00139195	-0.00142340
2025-01-06	0.02486776	0.01934124	0.00550000	-0.00620000	-0.00320000	-0.00400000	0.00550000	0.00020000	0.00020000	0.00185002	-0.00624972	-0.01369387
2025-01-07	-0.01381235	-0.00123378	-0.01180000	0.00130000	0.00820000	0.00210000	-0.01060000	-0.01570000	0.00020000	0.00136375	0.01088802	0.00076982
2025-01-08	-0.01373788	-0.01306493	0.00100000	-0.00570000	-0.00090000	0.00770000	0.00000000	0.00750000	0.00020000	-0.00325817	0.00315136	0.00021147
2025-01-10	0.00557067	0.01940263	-0.01550000	-0.00810000	-0.00180000	0.01160000	-0.00510000	-0.00420000	0.00020000	-0.00108442	0.00575590	-0.00987305
2025-01-13	-0.01137647	-0.00229885	0.00120000	-0.00190000	0.01190000	0.00760000	-0.00250000	-0.00940000	0.00020000	-0.00207945	0.00938241	-0.00291431
2025-01-14	0.00519911	0.00147827	0.00170000	0.00780000	0.01670000	0.00420000	-0.00310000	0.00780000	0.00020000	0.00667864	0.00436546	-0.00047121
2025-01-15	0.00043782	-0.01458978	0.01910000	0.00270000	0.00140000	-0.00580000	-0.00270000	0.01590000	0.00020000	-0.00829115	-0.01328879	-0.00580410
2025-01-16	0.01989533	0.02256851	-0.00190000	0.00160000	0.00180000	-0.00390000	-0.00270000	-0.00520000	0.00020000	-0.00450359	0.01402866	0.00906540
2025-01-17	0.00366095	-0.00415437	0.00960000	-0.00580000	0.00120000	-0.00160000	0.00090000	0.00800000	0.00020000	0.00014156	-0.00298458	0.00282476
2025-01-21	0.01476269	0.00295731	0.00960000	0.00970000	-0.01010000	-0.00900000	0.00330000	0.00410000	0.00020000	-0.00833068	0.01094126	0.00416539
2025-01-22	0.01871437	0.00743599	0.00540000	-0.00980000	-0.01210000	0.00050000	0.00370000	0.00730000	0.00020000	0.00786779	-0.00424172	-0.00678863
2025-01-23	-0.00722780	-0.00835413	0.00480000	-0.00020000	-0.00270000	-0.00430000	0.00290000	-0.00500000	0.00020000	-0.00573334	0.00629511	0.00109292
2025-01-24	-0.00009200	0.00418816	-0.00270000	0.00060000	0.00680000	0.00050000	-0.00600000	0.00020000	0.00020000	-0.00479200	-0.00261040	0.00743460
2025-01-27	-0.09245698	-0.06092453	-0.01490000	0.00300000	0.02450000	-0.00140000	-0.01730000	-0.03290000	0.00020000	-0.01537080	0.00047848	0.03150096
2025-01-28	-0.00125240	-0.02082458	0.00920000	-0.00530000	-0.01640000	-0.00580000	0.00490000	0.01870000	0.00020000	0.00310092	-0.01318749	-0.01516293
2025-01-29	0.01918927	0.02176374	-0.00420000	0.00230000	0.00520000	0.00410000	-0.00520000	0.00190000	0.00020000	-0.00024979	-0.00085195	0.00455734
2025-01-30	0.03154658	0.02669143	0.00580000	0.00350000	-0.00010000	-0.00290000	0.00080000	0.00610000	0.00020000	-0.00705184	0.00424199	0.00915266
2025-01-31	0.01776497	0.01756763	-0.00530000	-0.00380000	-0.00180000	-0.00390000	-0.00690000	0.00500000	0.00020000	-0.00246912	-0.00044498	-0.00324373
2025-02-03	-0.00841697	-0.00307896	-0.00820000	-0.00690000	-0.00250000	-0.00220000	-0.00410000	0.00210000	0.00020000	-0.00638641	-0.00006878	0.00916896
2025-02-04	0.02743667	0.01536425	0.00770000	0.00790000	-0.00130000	-0.00320000	-0.00330000	0.00480000	0.00020000	0.00389782	-0.00824119	-0.00822745
2025-02-05	0.01630774	0.00652590	0.00390000	0.00490000	0.00300000	-0.00380000	0.01290000	0.00330000	0.00020000	0.00883272	-0.00711053	0.00146966
2025-02-06	0.01234034	0.01080204	0.00290000	-0.00550000	0.00580000	0.00330000	0.00350000	0.01100000	0.00020000	-0.00214711	-0.00026266	0.00208562
2025-02-07	0.00069831	0.00280523	-0.00980000	-0.00390000	0.00010000	-0.00600000	0.00150000	0.00010000	0.00020000	0.00151562	0.00653808	0.00294552
2025-02-10	0.02459995	0.01707085	0.00660000	-0.00100000	-0.01090000	-0.00090000	0.00280000	-0.00360000	0.00020000	0.00245028	0.00515243	0.00305738
2025-02-11	-0.02104695	-0.01386512	-0.00140000	-0.00440000	0.01260000	0.01490000	0.00180000	-0.00660000	0.00020000	0.00948628	-0.00046973	0.00281994
2025-02-12	-0.01120128	-0.01240834	-0.00310000	-0.00660000	-0.00610000	-0.00940000	0.00040000	0.00090000	0.00020000	-0.00418595	-0.00071753	0.00299505
2025-02-13	-0.00419303	-0.01327037	0.01100000	0.00210000	-0.00110000	-0.00330000	0.00370000	0.00360000	0.00020000	-0.00175058	-0.01038460	0.00672910
2025-02-14	0.00467317	0.00321411	0.00020000	-0.00180000	0.00480000	-0.00130000	0.00750000	0.00050000	0.00020000	0.00338062	-0.00477126	-0.01303008
2025-02-18	0.01639777	0.01293660	0.00250000	-0.00060000	0.00230000	-0.00490000	0.00170000	-0.00730000	0.00020000	0.00641884	0.00560598	0.00165322
2025-02-19	-0.01112434	-0.00809635	0.00090000	-0.00600000	-0.00080000	0.00470000	0.00180000	-0.00330000	0.00020000	-0.00138907	0.00128346	0.00479052
2025-02-20	-0.01325379	-0.00696733	-0.00610000	-0.00530000	-0.00170000	0.00560000	0.00440000	-0.01220000	0.00020000	0.00607513	0.00063396	-0.00699050
2025-02-21	-0.01299546	0.00596276	-0.01900000	-0.00860000	0.00720000	0.00590000	0.00070000	-0.01340000	0.00020000	0.00128770	-0.00335462	0.01362490
2025-02-24	-0.03458424	-0.02085275	-0.00570000	-0.00510000	0.01180000	0.00780000	-0.00090000	-0.01210000	0.00020000	-0.00062265	0.00016890	-0.00014718
2025-02-25	-0.01690779	-0.00732293	-0.00580000	0.00150000	0.00670000	0.01490000	-0.00150000	-0.00490000	0.00020000	0.00089148	0.00872035	0.01143468
2025-02-26	0.02873113	0.01662516	0.00020000	-0.00100000	-0.00310000	-0.00970000	0.00530000	0.01390000	0.00020000	0.00418272	-0.00092331	-0.01614631
2025-02-27	-0.03541611	-0.01482301	-0.01650000	-0.00220000	0.02140000	0.00280000	-0.00980000	-0.00690000	0.00020000	-0.00699322	0.00956098	0.00548807
2025-02-28	-0.00360636	-0.01127997	0.01590000	-0.00810000	0.00130000	-0.00470000	0.00350000	0.01450000	0.00020000	-0.01288053	-0.00189670	0.00879779
2025-03-03	-0.02990346	-0.01238356	-0.01920000	-0.00930000	0.01040000	0.00430000	-0.00870000	-0.00260000	0.00020000	-0.00312324	0.00447196	0.01254866
2025-03-04	0.02298461	0.01868819	-0.01270000	0.00350000	-0.02090000	-0.00220000	0.00240000	-0.00790000	0.00020000	0.01027906	-0.00386918	-0.01165903
2025-03-05	0.01039975	0.00152438	0.01160000	0.00150000	-0.00820000	-0.00710000	-0.00230000	-0.00320000	0.00020000	-0.00447469	0.00730540	0.00250226
2025-03-06	-0.04070530	-0.01986814	-0.01920000	0.00410000	0.00900000	0.01540000	-0.00130000	-0.02640000	0.00020000	0.00886632	0.00839826	0.00036478
2025-03-07	0.01449444	0.01150062	0.00470000	-0.00080000	-0.00360000	0.00560000	0.00720000	-0.01110000	0.00020000	0.00993358	0.00783689	-0.00436368
2025-03-10	-0.02026398	0.00714052	-0.02900000	-0.00190000	0.00640000	0.01580000	0.00300000	-0.02180000	0.00020000	0.00371983	0.01096659	-0.00078259
2025-03-11	0.02797353	0.01808980	-0.00630000	0.00800000	-0.00110000	-0.01180000	-0.00440000	0.01600000	0.00020000	-0.00043367	-0.01179578	-0.00444240
2025-03-12	0.01652803	0.00119756	0.00510000	-0.00420000	-0.00280000	-0.01410000	0.00520000	0.01960000	0.00020000	0.00004559	-0.00588858	-0.01867634
2025-03-13	-0.00729974	0.00482570	-0.01490000	-0.00650000	0.01390000	0.00080000	0.00700000	-0.00370000	0.00020000	0.00362074	0.00082192	-0.00409716
2025-03-14	0.01001036	-0.00738352	0.02210000	0.00210000	0.00110000	-0.00720000	0.00100000	0.00800000	0.00020000	-0.00092043	-0.00367290	-0.00357619
2025-03-17	0.00943164	0.00608056	0.00720000	0.00320000	0.00150000	-0.00550000	0.00040000	-0.00810000	0.00020000	-0.00117412	0.00692727	0.01160178
2025-03-18	-0.01425851	-0.00525475	-0.01130000	0.00100000	0.01010000	0.00370000	-0.00170000	-0.00740000	0.00020000	0.00470007	0.00070761	-0.00975642
2025-03-19	0.00916609	-0.00301178	0.01200000	0.00450000	-0.00380000	-0.00020000	-0.00430000	0.01410000	0.00020000	-0.00567543	0.00115482	-0.00027270
2025-03-20	0.00686204	0.00987975	-0.00240000	-0.00410000	0.00240000	-0.00130000	0.00190000	0.00220000	0.00020000	-0.00526080	-0.00317864	-0.00457613
2025-03-21	0.00580052	0.00210824	0.00080000	-0.00450000	-0.00710000	-0.00070000	-0.00300000	0.00630000	0.00020000	-0.00322966	-0.00395638	0.00186826
2025-03-24	0.01648272	0.00249837	0.01930000	0.00560000	-0.00390000	-0.00550000	-0.00410000	0.00770000	0.00020000	-0.00890830	0.00033133	0.00341901
2025-03-25	-0.01202848	-0.01362793	0.00120000	-0.00890000	0.00050000	0.00160000	-0.00680000	0.00870000	0.00020000	-0.00156238	0.00212463	-0.00680714
2025-03-26	-0.03802750	-0.02269864	-0.01220000	0.00090000	0.01500000	0.01110000	-0.00130000	-0.00990000	0.00020000	0.00243089	0.00180039	0.01449323
2025-03-27	-0.02664403	-0.02212972	-0.00420000	0.00230000	0.00300000	0.00290000	-0.00140000	-0.00480000	0.00020000	-0.00112125	-0.00219540	0.01158536
2025-03-28	-0.00326733	0.00710458	-0.02070000	-0.00320000	0.00390000	0.00360000	0.00740000	0.00230000	0.00020000	0.00283188	-0.00360508	-0.00089052
2025-03-31	-0.01005944	-0.00683200	0.00390000	-0.00850000	0.00360000	0.01180000	-0.00110000	0.00690000	0.00020000	-0.00430585	0.00336898	0.01155658
2025-04-01	0.00589558	0.00264234	0.00400000	-0.00430000	0.00040000	0.00670000	-0.00380000	0.00750000	0.00020000	0.00111010	0.00220476	0.00028104
2025-04-02	0.00611271	-0.00107103	0.00810000	0.00820000	-0.00120000	-0.00600000	-0.00410000	-0.00330000	0.00020000	-0.00258637	0.00148680	-0.00318742
2025-04-03	-0.02316264	0.00310413	-0.05130000	-0.01630000	-0.00500000	0.00040000	-0.00580000	0.01600000	0.00020000	-0.01049573	-0.00346084	0.02967205
2025-04-04	-0.01950946	0.00108471	-0.05920000	0.01980000	-0.00260000	0.01280000	-0.00180000	-0.00340000	0.00020000	0.01714980	-0.01224691	-0.02264119
2025-04-07	0.03157781	0.02605005	-0.00230000	-0.00730000	-0.00220000	-0.00650000	0.00180000	0.00820000	0.00020000	0.00324060	-0.00167889	-0.00863146
2025-04-08	-0.00068240	0.00610254	-0.01670000	-0.01190000	0.00950000	0.00160000	-0.00300000	0.02070000	0.00020000	-0.00225324	0.00563704	-0.00665699
2025-04-09	0.04189368	-0.00997063	0.09650000	-0.00670000	-0.03000000	-0.00660000	0.00560000	-0.02100000	0.00020000	0.00079600	0.00938709	-0.00005660
2025-04-10	-0.02147179	-0.00498396	-0.03540000	-0.00720000	-0.00140000	0.00630000	-0.00530000	0.01550000	0.00020000	-0.00474795	0.00733422	0.01657846
2025-04-11	0.00311576	-0.00505231	0.01760000	-0.00370000	-0.00960000	-0.00070000	0.00020000	-0.00340000	0.00020000	-0.00598098	0.00446304	0.00585577
2025-04-14	-0.00259766	-0.00987547	0.00790000	0.00170000	0.00360000	-0.00640000	0.00090000	0.00470000	0.00020000	-0.00221083	0.00140573	0.01571323
2025-04-15	0.00922453	0.00090771	-0.00140000	0.00120000	0.00450000	-0.00870000	0.00380000	0.01380000	0.00020000	0.00218790	-0.00687716	-0.00518957
2025-04-16	-0.00479406	0.00702115	-0.02220000	0.01120000	0.01290000	0.00060000	-0.00680000	-0.00270000	0.00020000	0.00091110	0.00268310	-0.00113490
2025-04-17	0.00381416	0.00820991	0.00220000	0.00580000	0.00750000	0.00520000	-0.00280000	-0.00880000	0.00020000	-0.00204965	0.00156536	0.01802593
2025-04-21	-0.01471010	-0.00252245	-0.02400000	0.00190000	0.00670000	-0.00140000	0.00130000	-0.01200000	0.00020000	0.00927345	-0.00141146	-0.00306613
2025-04-22	0.00436315	-0.00764422	0.02560000	0.00140000	0.00250000	-0.00260000	-0.00250000	0.00470000	0.00020000	-0.00929164	-0.00704765	0.00627881
2025-04-23	0.02468077	0.00649711	0.01750000	-0.00140000	-0.00650000	-0.01090000	0.00040000	0.00870000	0.00020000	-0.00038534	-0.00266259	-0.00792272
2025-04-24	0.02299827	0.00363566	0.02140000	-0.00010000	-0.00900000	-0.01190000	0.00070000	-0.00320000	0.00020000	0.00442499	0.00513904	-0.01404734
2025-04-25	0.00819984	-0.00044776	0.00640000	-0.00470000	-0.01130000	0.00010000	-0.00150000	0.00460000	0.00020000	0.00070886	-0.00299109	-0.00315382
2025-04-28	0.00201706	0.00049303	0.00080000	0.00320000	0.00130000	-0.00030000	-0.00170000	0.00120000	0.00020000	-0.00215547	0.00157949	-0.00290243
2025-04-29	-0.00544719	-0.01024970	0.00580000	-0.00060000	-0.00030000	-0.00320000	-0.00130000	0.00570000	0.00020000	-0.00516499	0.00087102	0.00814263
2025-04-30	-0.00737614	-0.00860492	0.00030000	-0.00860000	-0.00600000	-0.00030000	0.00090000	0.00130000	0.00020000	-0.00073720	0.00955065	0.00703125
2025-05-01	0.01216260	0.00358601	0.00590000	0.00250000	-0.00310000	0.00820000	-0.00340000	0.00590000	0.00020000	0.00702324	0.00170676	-0.01069566
2025-05-02	0.02135072	0.01199024	0.01560000	0.00720000	0.00300000	-0.00200000	0.00020000	-0.00150000	0.00020000	-0.00136971	0.00140653	-0.00049375
2025-05-05	-0.00442229	-0.00414690	-0.00660000	-0.00150000	-0.00500000	0.00300000	0.00080000	0.00370000	0.00020000	0.00085421	0.00711258	0.00144208
2025-05-06	-0.00826273	-0.00338487	-0.00810000	-0.00340000	0.00610000	0.01380000	0.00200000	0.00840000	0.00020000	0.00439711	-0.00381686	-0.00252703
2025-05-07	-0.01065668	-0.01448936	0.00400000	-0.00350000	-0.00070000	-0.00360000	0.00570000	-0.00350000	0.00020000	0.00325818	0.00163128	-0.00193574
2025-05-08	-0.00122900	-0.00855196	0.00740000	0.01430000	-0.00060000	-0.00940000	0.00060000	-0.01590000	0.00020000	0.00354212	0.00572099	-0.00381487
2025-05-09	0.00139853	0.00384157	-0.00090000	-0.00150000	0.00560000	0.00410000	-0.00340000	-0.00290000	0.00020000	0.00255137	0.00125043	-0.00660639
2025-05-12	0.01311823	0.00033532	0.03360000	0.00300000	-0.01400000	0.00220000	0.00140000	-0.03260000	0.00020000	0.00555281	0.00514487	-0.01676295
2025-05-13	0.02987286	0.01944996	0.00790000	-0.00300000	-0.00120000	-0.00250000	0.00560000	0.00190000	0.00020000	0.00899255	-0.00063282	-0.01777212
2025-05-14	0.02712110	0.02215343	0.00080000	-0.00820000	-0.00880000	0.00100000	0.00260000	0.01010000	0.00020000	-0.00127619	-0.00365795	-0.00498874
2025-05-15	-0.01628558	-0.01788384	0.00300000	0.00150000	0.00430000	0.00310000	0.00680000	0.00440000	0.00020000	-0.00143476	0.00518803	0.01629873
2025-05-16	0.00396224	0.00120544	0.00740000	0.00030000	-0.00430000	-0.00490000	-0.00020000	-0.00070000	0.00020000	-0.01027863	0.00550838	0.01009088
2025-05-19	-0.00951359	-0.00982942	0.00010000	-0.00490000	-0.00030000	0.00160000	0.00000000	0.00710000	0.00020000	-0.00410555	0.00340747	0.00321457
2025-05-20	-0.00569753	-0.00704229	-0.00370000	0.00400000	-0.00120000	-0.00460000	0.00010000	-0.00290000	0.00020000	0.00069310	-0.00059562	0.00580375
2025-05-21	-0.00094410	0.00598371	-0.01730000	-0.01060000	-0.00290000	0.00720000	-0.00450000	0.01370000	0.00020000	-0.00102820	0.00069437	-0.00343231
2025-05-22	0.00500474	0.00304413	-0.00010000	0.00150000	-0.00410000	-0.00330000	0.00340000	-0.00320000	0.00020000	-0.00113915	0.00008524	-0.00471233
2025-05-23	-0.00053868	-0.00026325	-0.00670000	0.00080000	0.00370000	-0.00330000	-0.00020000	0.00980000	0.00020000	-0.00397069	0.00083526	0.00837329
2025-05-27	0.01048975	0.00018179	0.02070000	0.00460000	-0.00260000	0.00120000	0.00380000	-0.00490000	0.00020000	-0.00198086	-0.00219433	-0.00113607
2025-05-28	0.00554619	0.00552841	-0.00620000	-0.00430000	-0.00240000	-0.00220000	0.00250000	0.00380000	0.00020000	0.00052676	0.00119976	-0.00426896
2025-05-29	-0.01740520	-0.01686651	0.00330000	-0.00110000	0.00320000	0.00110000	0.00710000	-0.00250000	0.00020000	-0.00156777	-0.00375136	-0.00105315
2025-05-30	-0.00573775	-0.00802236	-0.00020000	-0.00380000	-0.00180000	0.00120000	-0.00760000	0.01350000	0.00020000	-0.00676727	0.00160590	0.01327429
2025-06-02	0.01085904	0.00472560	0.00380000	-0.00400000	-0.00610000	-0.00520000	0.00060000	0.00260000	0.00020000	-0.00091430	-0.00300845	0.00091016
2025-06-03	0.00950430	0.00273107	0.00660000	0.00920000	-0.00260000	-0.00280000	0.00430000	-0.01650000	0.00020000	0.00978234	0.00110945	-0.00651075
2025-06-04	0.01134311	0.00867381	-0.00020000	-0.00010000	-0.01240000	-0.00270000	0.00220000	-0.00470000	0.00020000	-0.00236429	0.00339217	-0.00678440
2025-06-05	-0.01694217	-0.01887393	-0.00510000	0.00470000	0.00100000	0.00090000	-0.00090000	0.00160000	0.00020000	0.00466157	0.00249074	-0.00731036
2025-06-06	0.00863806	0.00208788	0.01070000	0.00610000	0.00070000	-0.00430000	0.00030000	-0.00270000	0.00020000	-0.00358036	-0.00269489	-0.00029038
2025-06-09	0.01104406	0.00848823	0.00110000	0.00480000	-0.00080000	-0.00490000	-0.00060000	-0.01240000	0.00020000	0.00521899	-0.00143974	-0.00218337
2025-06-10	-0.00490524	-0.00235026	0.00500000	-0.00110000	0.00290000	0.00300000	-0.00050000	-0.01500000	0.00020000	0.00299467	-0.00802417	-0.00339956
2025-06-11	0.00938507	0.00818120	-0.00320000	-0.00220000	0.00210000	-0.00190000	-0.00040000	0.00550000	0.00020000	0.00030078	0.00277583	-0.00113198
2025-06-12	-0.00349227	-0.00554439	0.00300000	-0.00750000	-0.00020000	0.00540000	-0.00210000	0.00240000	0.00020000	0.00411175	-0.00406009	0.00385401
2025-06-13	-0.01095612	-0.00264657	-0.01150000	-0.00990000	0.00130000	0.00260000	-0.00860000	0.00020000	0.00020000	-0.00060817	0.00505389	-0.00620097
2025-06-16	0.02361245	0.01265995	0.00970000	0.00430000	-0.00340000	-0.00540000	0.00150000	0.00070000	0.00020000	0.00182229	-0.00258003	0.00084585
2025-06-17	-0.00412537	-0.00275751	-0.00880000	-0.00260000	-0.00060000	0.00430000	-0.00400000	0.00610000	0.00020000	0.00301819	0.00088985	-0.00405824
2025-06-18	0.01453609	0.01047014	0.00030000	0.00350000	0.00390000	-0.00590000	0.00390000	0.00250000	0.00020000	0.00062616	-0.00516950	-0.00113632
2025-06-20	-0.00471563	-0.00376782	-0.00220000	-0.00040000	0.00430000	0.00000000	0.00390000	0.00280000	0.00020000	-0.00126847	0.00114418	0.00663490
2025-06-23	-0.00909398	-0.02009490	0.00930000	0.00420000	-0.00140000	-0.00110000	-0.00100000	0.01290000	0.00020000	-0.00313652	0.00306092	0.01096750
2025-06-24	0.02815729	0.01718926	0.01170000	0.00240000	-0.00470000	-0.01070000	0.00300000	-0.00380000	0.00020000	-0.00016943	-0.00186241	-0.00386082
2025-06-25	0.00778250	0.00797521	-0.00070000	-0.01170000	-0.00050000	-0.00140000	0.00860000	-0.00480000	0.00020000	0.00676343	-0.00669593	-0.01742868
2025-06-26	0.01361386	0.00677758	0.00880000	0.00760000	0.00330000	-0.00380000	-0.00030000	0.00170000	0.00020000	-0.00322386	0.00023215	-0.00296798
2025-06-27	-0.00838943	-0.00710531	0.00460000	-0.00280000	-0.00010000	0.00700000	0.00150000	0.00450000	0.00020000	-0.00747134	0.00519213	0.00097550
2025-06-30	0.00023167	-0.00529274	0.00490000	-0.00480000	-0.00030000	-0.00350000	0.00180000	0.00460000	0.00020000	0.00029696	0.00068430	0.00394489
2025-07-01	-0.02184402	-0.01045652	-0.00100000	0.01460000	0.02340000	0.00870000	0.01540000	-0.02680000	0.00020000	0.00942946	-0.00418891	-0.00108634
2025-07-02	0.00265681	-0.00467962	0.00560000	0.01150000	-0.00060000	-0.00100000	-0.00120000	-0.00840000	0.00020000	0.00672657	-0.00557350	0.00054743
2025-07-03	-0.00470245	-0.01480469	0.00880000	0.00120000	-0.00330000	-0.00400000	-0.00330000	0.00680000	0.00020000	-0.00143350	0.00063807	-0.00032104
2025-07-07	-0.01008728	-0.00832880	-0.00840000	-0.00800000	-0.00230000	0.00080000	0.00090000	0.00980000	0.00020000	-0.00167018	0.00500120	0.00309691
2025-07-08	0.00402128	0.00366135	-0.00080000	0.01030000	0.00380000	-0.00300000	0.00310000	-0.02410000	0.00020000	0.01338874	-0.00069547	-0.01328364
2025-07-09	0.00878461	0.00077438	0.00630000	0.00480000	-0.00810000	-0.00620000	-0.00580000	0.00160000	0.00020000	-0.00556333	0.00269746	-0.00411170
2025-07-10	0.00210664	0.00729003	0.00250000	0.00250000	0.00650000	0.00540000	0.00700000	-0.01030000	0.00020000	-0.00123534	0.00087576	-0.00372506
2025-07-11	0.00506885	0.01057716	-0.00440000	-0.00970000	0.00340000	0.00470000	-0.00460000	-0.00050000	0.00020000	0.00109044	0.00221636	-0.00274549
2025-07-14	0.00667969	-0.00150970	0.00210000	0.00210000	-0.00360000	-0.00810000	-0.00410000	0.01640000	0.00020000	-0.00939241	0.00282714	0.00669290
2025-07-15	0.01448275	0.00915259	-0.00520000	-0.01340000	-0.01500000	0.00160000	-0.00460000	0.00820000	0.00020000	0.00634906	0.00297632	-0.00489773
2025-07-16	-0.00490667	-0.01200855	0.00380000	0.00490000	-0.00430000	-0.00810000	-0.00180000	0.00310000	0.00020000	-0.00479096	-0.00004579	0.00583650
2025-07-17	0.00813666	0.00132850	0.00590000	0.00670000	0.00160000	-0.00390000	-0.00130000	-0.00300000	0.00020000	0.00284639	0.00249192	0.00819624
2025-07-18	-0.00659719	-0.00706047	-0.00020000	-0.00810000	0.00300000	-0.00090000	0.00060000	0.00990000	0.00020000	-0.00366660	-0.00229013	-0.00188179
2025-07-21	-0.00508500	-0.00482877	0.00050000	-0.00120000	0.00240000	0.00220000	0.00020000	-0.00200000	0.00020000	0.00166675	-0.00612967	-0.00180065
2025-07-22	-0.01143549	-0.00078059	0.00080000	0.01010000	0.01120000	0.00130000	0.00890000	-0.03020000	0.00020000	0.00100565	-0.00152386	-0.00046133
2025-07-23	0.02057267	0.01567288	0.00770000	0.00820000	-0.00420000	0.00080000	-0.00070000	-0.00460000	0.00020000	-0.00303771	0.01036656	-0.00268227
2025-07-24	0.00603440	0.00557360	-0.00030000	-0.01410000	-0.00670000	0.00250000	-0.00670000	0.00600000	0.00020000	-0.00145865	0.00319544	-0.00103165
2025-07-25	0.01437317	0.01312207	0.00400000	-0.00130000	-0.00060000	-0.00080000	0.00150000	-0.00070000	0.00020000	-0.00377242	0.00626239	-0.00047638
2025-07-28	0.01848378	0.01332987	0.00040000	-0.00030000	-0.00390000	0.00300000	-0.00570000	0.00170000	0.00020000	0.00624254	-0.00212963	-0.00877262
2025-07-29	-0.00108103	-0.00051615	-0.00370000	-0.00920000	0.00070000	0.00210000	-0.00030000	0.00630000	0.00020000	0.00191829	-0.00708903	0.00783782
2025-07-30	0.01775258	0.01146059	-0.00110000	-0.00730000	-0.00850000	-0.00410000	-0.00860000	0.01510000	0.00020000	-0.00463913	-0.00074943	-0.00152631
2025-07-31	-0.01786592	-0.02155338	-0.00340000	-0.00420000	-0.00770000	0.00420000	-0.00820000	0.02410000	0.00020000	-0.01017818	0.00422353	-0.00108842
2025-08-01	-0.01003185	0.00035262	-0.01740000	-0.00540000	-0.00030000	0.00110000	0.00300000	-0.00290000	0.00020000	-0.00005878	0.00177199	0.00919106
2025-08-04	0.00171423	-0.01388841	0.01530000	0.00640000	-0.01030000	-0.00410000	-0.00310000	0.00670000	0.00020000	-0.00377958	-0.00424409	0.00341490
2025-08-05	0.00256388	0.00411913	-0.00420000	0.00820000	0.00580000	-0.00330000	0.00160000	-0.00620000	0.00020000	0.00087076	-0.00092654	-0.00039595
2025-08-06	-0.01396077	-0.02199194	0.00710000	-0.00490000	-0.00630000	0.00440000	-0.00610000	0.01420000	0.00020000	-0.00294867	-0.00415997	0.01507166
2025-08-07	0.01516627	0.01725874	-0.00140000	-0.00370000	0.00200000	0.00070000	0.01100000	-0.00570000	0.00020000	0.00319947	-0.00130345	0.00247757
2025-08-08	-0.00579901	-0.00902321	0.00690000	-0.00400000	0.00060000	0.00900000	-0.00280000	0.00560000	0.00020000	0.00102557	-0.00546034	-0.00068383
2025-08-11	0.00575688	0.00586216	-0.00240000	0.00170000	0.00010000	0.00210000	-0.00110000	0.00600000	0.00020000	-0.00427612	-0.00216924	0.00081351
2025-08-12	0.00485355	-0.00586619	0.01250000	0.01670000	0.00850000	-0.00100000	-0.00030000	-0.00380000	0.00020000	0.00593174	-0.00621262	-0.00252347
2025-08-13	-0.00293578	-0.00350594	0.00390000	0.01850000	0.00380000	-0.00750000	0.00890000	-0.02630000	0.00020000	0.00344650	-0.00324603	-0.00663583
2025-08-14	-0.00808831	-0.00375467	-0.00090000	-0.01050000	0.00550000	0.00330000	-0.00390000	0.00220000	0.00020000	-0.00152550	-0.00688873	-0.00903018
2025-08-15	-0.00464492	0.00006290	-0.00280000	-0.00140000	-0.00730000	-0.00360000	0.00180000	-0.01320000	0.00020000	-0.00530584	0.00081611	0.00120774
2025-08-18	0.00276418	-0.00099594	0.00030000	0.00340000	0.00020000	-0.00160000	-0.00020000	0.00100000	0.00020000	0.00167778	0.00263555	-0.00081589
2025-08-19	-0.03051968	-0.01282779	-0.00700000	-0.00210000	0.01590000	0.01090000	0.01120000	-0.01920000	0.00020000	0.00166152	0.00517313	0.00100480
2025-08-20	-0.00430726	-0.00437643	-0.00280000	-0.00260000	0.00180000	-0.00310000	0.00140000	0.00880000	0.00020000	-0.00589145	0.00054984	0.00805416
2025-08-21	0.00042127	-0.00194320	-0.00380000	0.00400000	-0.00160000	-0.00340000	-0.00160000	0.00100000	0.00020000	0.00038754	-0.00054647	-0.00571247
2025-08-22	0.00736348	-0.00329003	0.01700000	0.02240000	0.01170000	-0.00580000	0.00170000	-0.00810000	0.00020000	0.00020160	-0.00601029	-0.00708682
2025-08-25	-0.00087497	0.00014367	-0.00480000	-0.00510000	0.00460000	0.00480000	-0.00030000	0.00720000	0.00020000	0.00363150	-0.00657236	-0.01611997
2025-08-26	0.01104420	0.00325714	0.00430000	0.00240000	0.00110000	-0.00470000	-0.00460000	0.01140000	0.00020000	-0.00354304	0.00512040	-0.00356557
2025-08-27	-0.00355645	-0.00642194	0.00240000	0.00480000	0.00260000	0.00080000	0.00120000	-0.00530000	0.00020000	0.00499911	-0.00381892	0.00034327
2025-08-28	0.00424683	-0.00321636	0.00350000	-0.00350000	-0.00510000	-0.00610000	-0.00460000	0.00740000	0.00020000	-0.00203295	0.00036886	-0.00305902
2025-08-29	-0.03039632	-0.02077082	-0.00680000	0.00230000	0.00860000	0.00040000	0.00540000	-0.01200000	0.00020000	-0.00141339	-0.00518244	0.00417180
2025-09-02	0.00043493	0.00401629	-0.00610000	-0.00040000	0.00100000	-0.00120000	0.00090000	-0.00140000	0.00020000	-0.00237463	-0.00426613	0.00020585
2025-09-03	-0.00678310	-0.01037631	0.00440000	-0.00340000	-0.00510000	0.00510000	-0.00310000	0.00600000	0.00020000	-0.00239937	-0.00777941	-0.00158235
2025-09-04	0.01109165	0.00885462	0.00870000	0.00340000	0.00350000	0.00720000	0.00020000	0.00250000	0.00020000	-0.00365350	0.00106307	-0.00466002
2025-09-05	0.00719258	0.00410982	-0.00220000	0.00670000	-0.00530000	-0.00640000	0.00240000	-0.01040000	0.00020000	0.00360971	-0.00130946	0.00349708
2025-09-08	0.00152037	-0.00683603	0.00260000	-0.00100000	-0.00640000	-0.00400000	-0.00120000	0.00920000	0.00020000	-0.00109114	0.00060684	-0.00131231
2025-09-09	0.01912549	0.01701714	0.00210000	-0.00750000	-0.00220000	-0.00290000	-0.00510000	0.00670000	0.00020000	-0.00531008	-0.00657554	0.00449129
2025-09-10	0.02629953	0.01782627	0.00360000	-0.00730000	0.00300000	0.00710000	-0.00530000	0.01300000	0.00020000	0.01168608	0.00406551	-0.00988502
2025-09-11	-0.00862899	-0.01109137	0.00870000	0.00810000	0.00090000	-0.00060000	0.00720000	-0.00650000	0.00020000	-0.00517147	-0.00111568	0.00142913
2025-09-12	-0.00038962	-0.00097824	-0.00160000	-0.01110000	0.00050000	-0.00030000	-0.00630000	0.01200000	0.00020000	-0.00346612	-0.00467043	0.00075364
2025-09-15	0.01102479	0.00283338	0.00510000	-0.00090000	-0.00650000	0.00100000	-0.00500000	0.01030000	0.00020000	-0.00183991	0.00102415	-0.00979932
2025-09-16	0.00088735	0.00318064	-0.00090000	0.00000000	-0.00070000	-0.00210000	0.00070000	-0.00810000	0.00020000	-0.00183819	-0.00141819	0.00370792
2025-09-17	0.00059876	0.00113800	-0.00100000	-0.00150000	0.00570000	-0.00440000	0.00320000	0.00160000	0.00020000	-0.00236245	-0.00529865	0.00587558
2025-09-18	0.00429539	-0.01281768	0.00610000	0.01460000	0.00520000	-0.01550000	-0.00200000	0.00300000	0.00020000	0.00999756	0.00116528	-0.00562997
2025-09-19	-0.00801976	-0.01321046	0.00380000	-0.01470000	-0.00750000	0.00110000	-0.00360000	0.01390000	0.00020000	-0.00308893	0.00256685	-0.00044586
2025-09-22	-0.00266691	-0.01415448	0.00430000	0.00480000	-0.01160000	-0.00040000	-0.00550000	0.00150000	0.00020000	0.00588991	0.00139754	-0.00930036
2025-09-23	0.00504217	0.00991485	-0.00610000	-0.00100000	0.00880000	-0.00030000	0.00360000	-0.00270000	0.00020000	0.00184899	0.00365149	0.00461001
2025-09-24	0.00850176	0.01383489	-0.00340000	-0.00170000	0.00980000	0.00010000	-0.00030000	-0.00620000	0.00020000	0.00182262	-0.00331793	0.00129505
2025-09-25	0.00083373	0.00139688	-0.00580000	-0.00570000	0.00560000	0.00400000	0.00000000	0.00830000	0.00020000	0.00520641	-0.00265113	-0.00802680
2025-09-26	-0.01008025	-0.01180088	0.00600000	0.00390000	0.00450000	-0.00310000	-0.00160000	-0.00540000	0.00020000	-0.00239573	0.00239935	0.00019845
2025-09-29	0.00007395	-0.00571470	0.00250000	-0.00310000	-0.00750000	-0.00890000	-0.00350000	0.00160000	0.00020000	-0.00352434	0.00354266	0.00520000
2025-09-30	0.01375589	0.01343371	0.00290000	-0.00260000	-0.00570000	0.00430000	0.00220000	-0.00660000	0.00020000	0.00111750	0.00675913	-0.00061850
2025-10-01	0.02584967	0.02614232	0.00330000	-0.00040000	-0.00070000	-0.00120000	0.00170000	-0.02030000	0.00020000	0.00841888	-0.00395649	-0.00664925
2025-10-02	0.00415142	-0.00226667	0.00100000	0.00260000	-0.00540000	-0.00730000	-0.00210000	-0.00130000	0.00020000	0.00128450	0.00278751	-0.00140240
2025-10-03	-0.00460272	-0.00242654	0.00030000	0.00690000	0.00520000	-0.00310000	0.00130000	-0.01080000	0.00020000	-0.00124687	-0.00071784	-0.00072350
2025-10-06	0.03601044	0.02642405	0.00390000	-0.00400000	-0.00450000	-0.01540000	-0.00890000	0.00460000	0.00020000	-0.00169140	0.00420317	-0.00075024
2025-10-07	0.00095318	0.00549504	-0.00510000	-0.00740000	0.00120000	0.00190000	-0.00030000	0.00080000	0.00020000	-0.00143379	-0.00000316	0.01028724
2025-10-08	0.03065804	0.01637303	0.00660000	0.00540000	-0.00960000	-0.01090000	-0.00570000	-0.00040000	0.00020000	0.00456966	0.00466740	-0.00164408
2025-10-09	-0.00018467	-0.00273907	-0.00290000	-0.00220000	-0.00420000	-0.00530000	-0.00670000	0.00300000	0.00020000	-0.00174109	-0.01000193	0.00873320
2025-10-10	-0.01545844	0.00294511	-0.02780000	-0.00530000	-0.00120000	0.00720000	0.00190000	0.00090000	0.00020000	-0.00538367	0.00387884	0.00872577
2025-10-13	0.02099038	0.00380122	0.01640000	0.00550000	-0.00200000	-0.00560000	-0.00350000	0.01010000	0.00020000	0.00034409	-0.00587459	-0.00494463
2025-10-14	-0.00769924	-0.00452468	-0.00060000	0.01340000	0.01500000	-0.00310000	0.00710000	-0.00400000	0.00020000	-0.00471751	0.00535698	0.01301390
2025-10-15	0.01971069	0.01011089	0.00420000	0.00360000	-0.00460000	-0.00890000	-0.00060000	0.00170000	0.00020000	0.00118365	-0.00781123	0.00346119
2025-10-16	-0.00337337	-0.00006897	-0.00730000	-0.00930000	-0.01470000	0.00900000	-0.00040000	-0.00820000	0.00020000	0.00657839	0.00563358	-0.00703095
2025-10-17	-0.01517187	-0.01059957	0.00380000	-0.00910000	0.00730000	0.00550000	0.00070000	-0.00210000	0.00020000	-0.00157110	-0.00256625	0.00840468
2025-10-20	0.00609083	-0.00446338	0.01100000	0.00930000	0.00490000	-0.01450000	0.00010000	-0.00100000	0.00020000	-0.00277126	-0.00096065	-0.00163484
2025-10-21	-0.01058986	-0.00622684	-0.00010000	-0.00210000	-0.00040000	0.00490000	0.00750000	-0.01290000	0.00020000	0.00307870	0.00917067	-0.01102176
2025-10-22	-0.01222137	-0.00431526	-0.00670000	-0.00330000	0.00470000	0.01170000	0.00080000	-0.00180000	0.00020000	0.00208397	-0.00771420	0.00374127
2025-10-23	0.00148010	-0.00879507	0.00660000	0.00320000	-0.00280000	-0.00310000	0.00160000	0.00660000	0.00020000	0.00158443	0.00528918	-0.00583269
2025-10-24	0.00551093	-0.00671684	0.00790000	0.00250000	0.00270000	-0.00640000	-0.00510000	0.00950000	0.00020000	0.00329347	-0.00765615	-0.00153543
2025-10-27	0.01513347	0.00546407	0.01180000	-0.00820000	-0.01210000	-0.00220000	-0.01190000	0.00500000	0.00020000	-0.00399522	0.00049496	0.00326393
2025-10-28	-0.00998776	-0.01625173	0.00180000	-0.00340000	-0.00610000	0.00630000	-0.01000000	0.00770000	0.00020000	0.00464652	-0.00633043	-0.00727713
2025-10-29	0.01561579	0.00813342	-0.00090000	-0.00980000	-0.00810000	0.00300000	-0.01370000	0.01940000	0.00020000	0.00048587	0.00716822	-0.01584787
2025-10-30	-0.01011760	-0.00581383	-0.01100000	0.00000000	0.00660000	-0.00250000	0.00430000	-0.00030000	0.00020000	0.00306258	0.00533793	0.00146714
2025-10-31	0.00903197	0.00636479	0.00400000	-0.00070000	-0.00240000	-0.01300000	0.00180000	-0.00460000	0.00020000	-0.00750737	-0.00022028	-0.00238125
2025-11-03	-0.00650531	-0.00975768	0.00120000	-0.00330000	0.00390000	0.00190000	-0.00570000	0.00850000	0.00020000	0.00162921	-0.00571236	-0.00612811
2025-11-04	-0.01762597	0.00027512	-0.01260000	-0.00580000	0.00900000	0.01140000	0.00720000	-0.00610000	0.00020000	-0.00537645	-0.00191256	0.00096802
2025-11-05	-0.00839194	-0.01524952	0.00420000	0.01000000	-0.00180000	-0.00310000	0.00890000	0.00110000	0.00020000	-0.00129882	-0.00344443	-0.00391753
2025-11-06	-0.01120715	0.00460423	-0.01210000	-0.00800000	0.01430000	0.01030000	0.00500000	-0.00470000	0.00020000	0.00103031	0.00483610	-0.00712000
2025-11-07	-0.00953401	-0.00659671	0.00130000	0.00100000	0.00730000	-0.00120000	0.00230000	-0.00590000	0.00020000	-0.00212283	0.00192448	0.01184558
2025-11-10	0.00712504	-0.01123101	0.01510000	-0.00220000	-0.00840000	-0.00600000	-0.01070000	0.01680000	0.00020000	-0.00172535	-0.00589115	-0.00077095
2025-11-11	-0.01751073	-0.01138911	0.00180000	0.00190000	0.00310000	-0.00040000	0.00600000	-0.01080000	0.00020000	-0.00795159	-0.00255547	0.00815294
2025-11-12	-0.00160922	-0.00176181	0.00030000	-0.00350000	0.00400000	-0.00030000	0.00250000	-0.00170000	0.00020000	0.00307690	0.00013034	-0.00340815
2025-11-13	-0.01890503	-0.00017069	-0.01790000	-0.00280000	0.00790000	0.01480000	0.00630000	-0.01500000	0.00020000	0.00568401	-0.00039352	-0.00287764
2025-11-14	0.00305745	-0.00598442	-0.00050000	0.00210000	-0.00380000	-0.00550000	-0.01000000	0.00940000	0.00020000	0.00217993	0.00153836	0.00631851
2025-11-17	-0.00326630	0.00167411	-0.01030000	-0.00930000	-0.00860000	0.00260000	-0.00540000	0.00980000	0.00020000	-0.00871593	0.00302746	0.00064883
2025-11-18	-0.00437992	0.00037272	-0.00760000	0.00710000	0.00970000	-0.00530000	0.00700000	-0.00310000	0.00020000	-0.00285600	-0.00195364	0.00489963
2025-11-19	0.00349972	-0.00200959	0.00340000	-0.00460000	-0.00500000	0.00500000	-0.00620000	0.01190000	0.00020000	-0.00143560	0.00166589	-0.00605658
2025-11-20	-0.01782327	0.00030263	-0.01580000	0.00240000	0.00430000	0.01130000	0.00250000	-0.01270000	0.00020000	-0.00461414	-0.00342511	0.00680730
2025-11-21	-0.00917546	-0.01117501	0.01030000	0.01840000	0.00730000	0.00050000	0.00940000	-0.01660000	0.00020000	-0.00030334	-0.00284258	0.00076130
2025-11-24	0.02706167	0.00542721	0.01610000	0.00040000	-0.00980000	-0.01080000	-0.01570000	0.02350000	0.00020000	-0.00686701	-0.00996001	-0.00459623
2025-11-25	-0.00518496	-0.00905854	0.01040000	0.01580000	0.00040000	-0.00100000	0.00370000	-0.01010000	0.00020000	-0.00584518	0.00004398	0.00763395
2025-11-26	0.01297051	0.00482783	0.00690000	-0.00010000	-0.00090000	-0.00350000	-0.00060000	0.00490000	0.00020000	0.00058347	-0.00083628	0.01007109
2025-11-28	0.01237486	0.00752542	0.00540000	-0.00350000	0.00370000	-0.00730000	-0.00010000	0.00170000	0.00020000	-0.00024103	0.00069163	0.00525582
2025-12-01	-0.00491572	-0.00074404	-0.00530000	-0.00270000	0.00490000	0.00830000	0.00130000	-0.00850000	0.00020000	0.01132386	-0.01010541	-0.00386792
2025-12-02	-0.00633725	-0.00991948	0.00210000	-0.00490000	0.00090000	0.00260000	0.00070000	0.00130000	0.00020000	0.00675687	0.00707286	-0.00864751
2025-12-03	0.01716413	0.01157947	0.00440000	0.01310000	0.00070000	-0.01110000	0.00060000	-0.01040000	0.00020000	-0.00101705	0.00364295	0.00051911
2025-12-04	-0.00367552	-0.01112932	0.00140000	0.00130000	-0.00680000	-0.00650000	-0.00590000	0.00640000	0.00020000	-0.00286119	0.00539251	0.00008196
2025-12-05	0.00407601	0.00138528	0.00180000	-0.00370000	0.00070000	-0.00200000	-0.00360000	-0.00260000	0.00020000	0.00417053	-0.00308095	0.00034561
2025-12-08	-0.00619423	-0.01543210	-0.00370000	0.00250000	-0.00020000	-0.00720000	-0.00400000	0.00700000	0.00020000	0.00909024	0.00163471	-0.00236800
2025-12-09	-0.00714685	-0.01039128	-0.00070000	0.00540000	0.00220000	0.00060000	0.00080000	-0.00160000	0.00020000	0.00550544	-0.00851523	0.00176587
2025-12-10	0.01011924	0.01087499	0.00680000	0.00870000	0.01420000	0.00080000	0.00690000	-0.01380000	0.00020000	0.00480156	0.00716951	-0.00575627
2025-12-11	-0.00762139	-0.00661126	0.00220000	0.00600000	0.00250000	-0.00100000	0.00060000	-0.00460000	0.00020000	-0.00553691	0.00705133	0.00574207
2025-12-12	-0.02868571	-0.01084463	-0.01110000	-0.00130000	0.00910000	0.00660000	0.00760000	-0.01030000	0.00020000	-0.00908169	0.00158080	0.00482866
2025-12-15	-0.00539126	0.00172763	-0.00260000	-0.00650000	0.00950000	0.00890000	0.00510000	0.00670000	0.00020000	-0.00447694	0.00126208	-0.00075834
2025-12-16	-0.00195870	-0.00603071	-0.00250000	0.00060000	-0.00850000	-0.00190000	-0.00390000	0.00000000	0.00020000	0.00176014	-0.00146102	-0.00099293
2025-12-17	-0.02586936	-0.01060120	-0.01160000	0.00170000	0.01320000	0.00610000	0.00990000	-0.01420000	0.00020000	0.00081176	-0.00937255	0.00025038
2025-12-18	0.00260254	-0.00886821	0.00800000	-0.00130000	-0.00820000	-0.00370000	-0.00420000	0.00830000	0.00020000	-0.00047013	0.00094380	-0.00447293
2025-12-19	0.00991867	-0.00767762	0.00900000	-0.00500000	-0.01050000	-0.00880000	-0.00700000	0.01910000	0.00020000	-0.00023755	0.00292603	-0.00007822
2025-12-22	0.00152134	-0.00556846	0.00690000	0.00090000	-0.00230000	-0.00720000	-0.00310000	0.00680000	0.00020000	-0.00721399	0.00488974	-0.00192483
2025-12-23	0.00036277	-0.00099162	0.00320000	-0.00890000	-0.00200000	0.00700000	-0.00410000	0.00820000	0.00020000	-0.00157547	-0.00162977	-0.00550815
2025-12-24	-0.00359666	-0.00505172	0.00290000	0.00070000	0.00010000	-0.00050000	0.00230000	-0.00230000	0.00020000	-0.00123141	0.00006198	0.00550874
2025-12-26	-0.00161388	-0.00061749	-0.00060000	-0.00220000	0.00100000	0.00570000	0.00230000	-0.00200000	0.00020000	0.00341513	-0.00163725	-0.00144416
2025-12-29	-0.00134855	0.00117562	-0.00410000	-0.00150000	0.00070000	0.00320000	0.00030000	-0.00170000	0.00020000	0.00134123	0.00155286	0.00064045
2025-12-30	-0.00051718	0.00355953	-0.00200000	-0.00490000	0.00290000	0.00360000	0.00140000	-0.00300000	0.00020000	0.00025110	-0.00088627	-0.00359140
2025-12-31	0.00058672	0.00251772	-0.00760000	0.00060000	-0.00100000	-0.00070000	-0.00040000	0.00160000	0.00020000	-0.00109907	-0.00155960	-0.00253500
2026-01-02	0.03715952	0.03297578	0.00250000	0.00030000	0.00920000	-0.00310000	0.00420000	0.01070000	0.00020000	-0.00107123	0.01219355	-0.00078452
2026-01-05	0.00655665	0.00348456	0.00750000	0.00460000	0.00080000	-0.00630000	0.00120000	-0.00370000	0.00020000	-0.00725027	0.00397845	-0.00666971
2026-01-06	-0.01491235	-0.02349260	0.00630000	0.00780000	-0.00120000	-0.00240000	0.00180000	-0.00610000	0.00020000	0.00748660	0.00657603	-0.00156041
2026-01-07	-0.01347026	-0.02050390	-0.00310000	0.00160000	-0.00850000	-0.00540000	-0.00690000	0.01040000	0.00020000	-0.00257600	-0.01447870	-0.00341021
2026-01-08	-0.01094772	0.00003974	0.00030000	0.01200000	0.01330000	0.01170000	0.00630000	-0.01440000	0.00020000	-0.00426899	0.00168403	0.01505052
2026-01-09	-0.00084234	-0.00954410	0.00670000	0.00120000	-0.00440000	-0.00100000	-0.00200000	0.00290000	0.00020000	0.00237024	0.00536556	0.00949521
2026-01-12	0.00738204	0.00082383	0.00180000	0.00240000	-0.00700000	-0.00150000	-0.00050000	0.00530000	0.00020000	-0.00133859	0.00634891	0.01312002
2026-01-13	0.00693787	0.00460280	-0.00210000	-0.00130000	0.00500000	-0.00230000	0.00330000	0.01020000	0.00020000	-0.00095443	0.00453360	0.01280909
2026-01-14	-0.00368102	-0.00294868	-0.00510000	0.01130000	0.00480000	-0.00600000	0.00500000	-0.00320000	0.00020000	-0.00271620	0.00230807	0.01503059
2026-01-15	0.01520872	0.01101579	0.00260000	0.00510000	0.00630000	0.00520000	0.00350000	0.00490000	0.00020000	0.00483801	0.00288131	-0.00163394
2026-01-16	0.01559052	0.01211771	-0.00120000	-0.00150000	-0.00250000	-0.00010000	-0.00460000	0.00650000	0.00020000	-0.00000542	0.00857669	0.00003259
2026-01-20	0.00625587	0.01255104	-0.02050000	0.00410000	0.00480000	-0.00640000	0.00180000	0.00280000	0.00020000	0.00058046	-0.00388645	0.01208897
2026-01-21	0.00882411	0.00159533	0.01190000	0.01030000	0.01370000	-0.00250000	0.00740000	-0.00360000	0.00020000	0.00483819	0.00027349	-0.00716302
2026-01-22	0.01091653	0.00449661	0.00600000	0.00430000	-0.00370000	-0.00850000	-0.00350000	-0.00520000	0.00020000	-0.00170926	-0.00961736	-0.00134478
2026-01-23	-0.00581165	-0.00208669	-0.00130000	-0.01280000	-0.01450000	0.00980000	-0.00450000	-0.00420000	0.00020000	-0.00165611	-0.00010681	0.00707366
2026-01-26	-0.00604924	-0.00761051	0.00400000	-0.00700000	-0.00220000	0.00660000	0.00080000	0.00470000	0.00020000	-0.00039266	-0.00180739	-0.00474069
2026-01-27	0.00211581	-0.01172847	0.00340000	-0.00100000	0.00200000	-0.00070000	-0.00500000	0.02540000	0.00020000	0.00429334	-0.00119040	0.00906264
2026-01-28	-0.01225445	-0.01475643	-0.00100000	-0.00820000	0.00390000	0.00170000	-0.00430000	0.00460000	0.00020000	0.00792992	-0.00379155	-0.00888372
2026-01-29	0.00456205	0.01060112	-0.00260000	0.00390000	0.01390000	0.01280000	0.00590000	0.01340000	0.00020000	-0.00733520	0.00603286	-0.00588344
2026-01-30	-0.01198256	0.00534746	-0.00550000	-0.00480000	0.00350000	0.01680000	0.00770000	-0.01140000	0.00020000	-0.00784449	0.00187601	0.00900582
2026-02-02	0.00264046	-0.00588690	0.00540000	0.00740000	0.00280000	0.00250000	0.00310000	0.00710000	0.00010000	0.00404751	0.00404434	0.00922908
2026-02-03	0.01347882	0.01656325	-0.00770000	0.00440000	0.02010000	-0.00480000	0.00830000	0.02110000	0.00010000	-0.01003414	0.00673180	0.01926015
2026-02-04	-0.01074319	0.01968385	-0.00560000	0.00070000	0.02330000	0.02240000	0.02370000	-0.03600000	0.00010000	-0.00198567	0.00155324	-0.00754862
2026-02-05	0.00437249	0.01680225	-0.01330000	-0.00600000	0.00930000	0.01720000	0.00770000	0.00390000	0.00010000	0.00342306	0.00306535	-0.00364651
2026-02-06	0.03768006	0.00820264	0.02090000	0.00990000	-0.00410000	-0.01440000	-0.00040000	0.01510000	0.00010000	0.00818460	0.00704415	0.01099594
2026-02-09	0.00662729	-0.00684703	0.00520000	-0.00260000	-0.00680000	-0.00890000	-0.00500000	0.01190000	0.00010000	0.00189236	0.00001955	-0.00124656
2026-02-10	0.00200232	0.00483214	-0.00360000	0.00110000	-0.00080000	-0.00180000	0.00330000	-0.00850000	0.00010000	-0.00006089	0.00470860	-0.00388700
2026-02-11	0.01724427	0.01667008	-0.00120000	-0.00420000	0.00560000	0.00920000	0.00410000	0.00860000	0.00010000	0.00542195	0.00413308	0.01147199
2026-02-12	-0.00917358	0.00223521	-0.01660000	-0.00020000	0.00160000	0.00780000	0.00230000	0.00120000	0.00010000	-0.00323563	0.00206660	0.01264125
2026-02-13	0.00494596	0.00155394	0.00150000	0.00560000	0.00600000	-0.00580000	0.00410000	-0.00320000	0.00010000	0.00272749	0.00409058	0.00196340
2026-02-17	0.00728921	0.00656133	0.00010000	-0.00170000	-0.00320000	0.00120000	-0.00230000	0.00100000	0.00010000	-0.00223910	0.00628606	-0.01388281
2026-02-18	-0.00994483	-0.01399112	0.00600000	-0.00200000	-0.00060000	-0.00140000	0.00160000	-0.00310000	0.00010000	0.00187205	-0.00520362	-0.00500359
2026-02-19	0.01213412	0.00995365	-0.00240000	0.00350000	-0.00320000	-0.00540000	-0.00210000	0.00110000	0.00010000	-0.00374174	0.00985726	-0.00049129
2026-02-20	-0.00632647	-0.00607764	0.00580000	-0.00220000	0.00260000	0.00970000	0.00110000	0.00120000	0.00010000	-0.00071692	-0.00112859	-0.00297618
2026-02-23	-0.00035167	0.00198521	-0.01180000	-0.00490000	-0.01320000	0.00340000	0.00080000	0.01370000	0.00010000	-0.00897170	-0.00065044	0.01887623
2026-02-24	0.00786145	-0.00287623	0.00820000	0.00310000	-0.00650000	-0.00670000	-0.00050000	0.00320000	0.00010000	-0.00130991	0.00535968	0.00868174
2026-02-25	0.00885580	-0.00104371	0.00790000	-0.00430000	0.00480000	-0.00660000	-0.00860000	0.00390000	0.00010000	0.00729111	-0.01402812	-0.00650980
2026-02-26	-0.00917420	-0.00174066	-0.00470000	0.00700000	0.00320000	-0.00570000	0.00710000	-0.01900000	0.00010000	-0.00340716	0.00924828	-0.00408174
2026-02-27	0.01579589	0.02635847	-0.00520000	-0.00730000	-0.01250000	0.00370000	0.00160000	-0.01080000	0.00010000	-0.01229466	0.01207397	0.01229767
2026-03-02	-0.01133565	-0.02119079	0.00130000	0.00550000	0.00290000	-0.00770000	-0.00150000	0.01090000	0.00010000	0.00209500	0.00621354	-0.01060165
2026-03-03	-0.01680442	-0.00508029	-0.00980000	-0.00040000	-0.00270000	0.01140000	-0.00260000	-0.01660000	0.00010000	0.00252333	-0.00807076	-0.01188036
2026-03-04	0.01822202	0.00373650	0.00820000	0.00160000	0.00000000	-0.01310000	-0.00660000	0.00930000	0.00010000	0.00201750	-0.00438158	-0.00239005
2026-03-05	-0.00685878	-0.00196667	-0.00650000	-0.00990000	-0.00400000	0.00300000	-0.00720000	-0.01570000	0.00010000	0.01087012	-0.01071493	-0.01867636
2026-03-06	0.01203164	0.02486552	-0.01360000	-0.00750000	-0.00100000	-0.00070000	0.00010000	-0.01150000	0.00010000	-0.00329135	0.00302595	0.00741050
2026-03-09	0.02036026	0.00417950	0.00830000	-0.00110000	-0.01010000	-0.00570000	-0.00670000	0.01760000	0.00010000	-0.00091026	0.00002749	0.00668010
2026-03-10	0.00396095	-0.00284289	-0.00250000	-0.00020000	0.00150000	-0.00090000	-0.00100000	0.01970000	0.00010000	-0.00051212	-0.00533107	0.00171196
2026-03-11	-0.00670856	-0.01250246	-0.00070000	-0.00150000	0.00040000	-0.00350000	-0.00190000	0.00770000	0.00010000	0.00304099	-0.00272870	-0.01022520
2026-03-12	-0.00709090	0.00403099	-0.01610000	-0.00310000	0.00770000	0.00870000	0.00140000	-0.00340000	0.00010000	0.00637929	-0.01160539	-0.00217399
2026-03-13	-0.00290128	0.00106576	-0.00600000	0.00080000	0.00220000	-0.00100000	0.00310000	-0.00760000	0.00010000	0.00197460	0.00146594	0.00576473
2026-03-16	0.00857282	-0.00175881	0.00980000	0.00010000	-0.00460000	-0.00480000	-0.00410000	0.00560000	0.00010000	-0.00191122	0.00067617	0.00307188
2026-03-17	0.00016029	-0.00449253	0.00280000	0.00190000	-0.00060000	-0.00380000	0.00130000	-0.00080000	0.00010000	0.00112314	-0.00032637	-0.00389659
2026-03-18	-0.00000827	0.00385294	-0.01400000	-0.00430000	0.00710000	-0.00300000	0.00200000	0.00330000	0.00010000	0.00646824	0.00361276	-0.01927608
2026-03-19	0.00983841	0.00197186	-0.00260000	0.00710000	0.00110000	-0.00720000	0.00140000	0.00400000	0.00010000	0.00604655	-0.00666947	-0.00481818
2026-03-20	-0.03359987	-0.01670254	-0.01570000	-0.00370000	0.00880000	0.00880000	0.00400000	-0.01500000	0.00010000	0.00401410	-0.00081053	-0.00964503
2026-03-23	0.01944274	0.00545068	0.01250000	0.01240000	-0.00240000	-0.00250000	0.00380000	0.00980000	0.00010000	-0.00336174	-0.00390698	0.00120389
2026-03-24	0.01180673	0.00944818	-0.00390000	0.00440000	0.01840000	0.00230000	0.01040000	0.01990000	0.00010000	0.00232489	0.00055046	-0.00196350
2026-03-25	0.04029788	0.03089894	0.00630000	0.00650000	0.00060000	-0.00990000	-0.00270000	0.00870000	0.00010000	-0.00605320	-0.00082018	0.00775783
2026-03-26	-0.02261513	-0.00139386	-0.01730000	0.00310000	0.01260000	0.00600000	0.00900000	-0.02480000	0.00010000	0.00147104	-0.00995588	-0.00794151
2026-03-27	-0.00193532	0.00613537	-0.01740000	-0.00140000	0.00710000	0.00580000	0.00610000	0.00450000	0.00010000	0.00497748	0.00009780	0.01080715
2026-03-30	-0.02456813	-0.00465122	-0.00440000	-0.00610000	0.00460000	0.00920000	0.00080000	-0.02770000	0.00010000	-0.00581476	-0.00963949	-0.00532644
2026-03-31	0.02944756	-0.00317366	0.02980000	0.00360000	-0.01680000	-0.01430000	-0.01110000	0.02650000	0.00010000	-0.00887751	0.00765711	0.00361518
2026-04-01	0.00792367	-0.00483182	0.00690000	-0.00060000	0.00050000	-0.00400000	-0.00180000	0.01640000	0.00010000	0.00204072	0.00900366	-0.00473394
2026-04-02	-0.00480810	-0.01195430	0.00090000	0.00450000	0.00260000	-0.00910000	-0.00430000	-0.00310000	0.00010000	0.00708011	-0.00513534	0.00827277
2026-04-06	-0.00951878	-0.01220965	0.00430000	0.00130000	0.00040000	0.00320000	0.00010000	-0.00120000	0.00010000	0.00135570	0.00069075	0.00658930
2026-04-07	0.01137686	0.00599021	0.00030000	0.00160000	0.00310000	-0.00070000	-0.00720000	0.00590000	0.00010000	0.00432604	-0.00280169	-0.01360984
2026-04-08	0.01409036	-0.00384241	0.02470000	0.00010000	0.00140000	-0.00100000	0.00180000	0.01690000	0.00010000	-0.00409736	0.01238888	0.01136996
2026-04-09	0.00291948	-0.00051208	0.00530000	0.00410000	0.00510000	0.00980000	-0.00170000	0.01090000	0.00010000	-0.00173720	0.00213536	0.00551042
2026-04-10	0.02483522	0.01875362	-0.00180000	-0.00260000	-0.00150000	0.00230000	-0.00430000	0.01450000	0.00010000	0.00272376	-0.00235674	-0.00898194
2026-04-13	0.00216167	-0.00930874	0.01090000	0.00200000	-0.00750000	-0.00890000	-0.00160000	-0.00750000	0.00010000	0.00418117	-0.00054985	-0.01175490
2026-04-14	0.00815859	-0.00607634	0.01190000	0.00060000	-0.01890000	-0.00430000	-0.00960000	0.00950000	0.00010000	-0.00808291	-0.00278384	0.00233743
2026-04-15	-0.01278125	-0.02158254	0.00820000	-0.00330000	-0.01240000	-0.00650000	-0.00800000	-0.00440000	0.00010000	-0.00002137	-0.01481161	-0.00344126
2026-04-16	-0.00366685	-0.01029323	0.00260000	-0.00080000	0.00170000	-0.00550000	0.00280000	-0.00050000	0.00010000	0.00702687	-0.00789531	0.00363543
2026-04-17	0.00923029	-0.00362380	0.01270000	0.00990000	-0.00590000	-0.00350000	-0.00040000	0.00290000	0.00010000	-0.00232339	0.00593225	0.01031488
2026-04-20	0.01098232	0.00797163	-0.00150000	0.00480000	0.00090000	-0.00420000	0.00760000	-0.00370000	0.00010000	0.00400849	0.00154442	-0.00239746
2026-04-21	0.00686047	0.00605236	-0.00640000	-0.00400000	0.00270000	0.00240000	-0.00240000	0.00340000	0.00010000	0.00875082	-0.00816579	-0.00398284
2026-04-22	0.01765008	0.00225970	0.00950000	-0.00170000	-0.01120000	-0.00260000	-0.01130000	0.01070000	0.00010000	0.00313104	-0.00756008	0.00703264
2026-04-23	0.00747130	0.01412098	-0.00550000	-0.00120000	0.01510000	0.00770000	0.00500000	0.01020000	0.00010000	-0.00315751	0.01751418	0.01507592
2026-04-24	0.02131408	0.00358497	0.00700000	-0.00300000	-0.00260000	-0.01160000	-0.00550000	0.00750000	0.00010000	0.01345327	-0.01400726	0.00059223
2026-04-27	-0.02676982	-0.02836417	0.00100000	0.00070000	0.00620000	0.00560000	-0.00800000	0.00450000	0.00010000	0.00332346	-0.00161726	-0.00961192
2026-04-28	-0.02151416	-0.00624722	-0.00570000	-0.00220000	0.00890000	0.01010000	0.00530000	-0.01590000	0.00010000	-0.00234084	-0.00479096	0.00287585
2026-04-29	-0.00075712	-0.00327024	-0.00130000	-0.01300000	0.00520000	-0.00710000	0.00220000	0.00470000	0.00010000	0.00569245	-0.00402417	-0.00084728
2026-04-30	0.03381101	0.02084797	0.01130000	0.00780000	-0.00700000	-0.00980000	0.00550000	0.02190000	0.00010000	-0.01932364	0.01387192	0.01771672
2026-05-01	-0.00999388	-0.02055253	0.00310000	0.00280000	-0.00440000	-0.01080000	0.00050000	-0.00380000	0.00020000	0.00803903	-0.01132750	-0.00041669
2026-05-04	-0.00872984	-0.01390853	-0.00400000	-0.00160000	-0.01070000	-0.00570000	-0.00560000	0.00300000	0.00020000	0.00041379	-0.00456714	-0.00116497
2026-05-05	-0.01292000	-0.02896090	0.00830000	0.00420000	0.00920000	-0.00490000	-0.00170000	0.01500000	0.00020000	0.01101717	-0.00343232	0.00658723
2026-05-06	0.03528546	0.01709560	0.01390000	-0.00630000	-0.00370000	-0.01160000	-0.00110000	0.01820000	0.00020000	-0.00028293	0.01372970	0.00310086
2026-05-07	-0.03379811	-0.02588843	-0.00400000	-0.00510000	-0.00570000	0.00290000	-0.00460000	-0.02450000	0.00020000	0.00522635	-0.00729463	-0.00470016
2026-05-08	-0.00225173	-0.02359586	0.00760000	-0.00420000	0.00550000	-0.01160000	0.00040000	0.01650000	0.00020000	0.01933663	-0.01344432	0.00419028
2026-05-11	-0.01771016	-0.03200071	0.00080000	-0.00610000	-0.00280000	-0.01190000	-0.00390000	0.02130000	0.00020000	0.00322244	0.01041869	-0.00206323
2026-05-12	0.00148681	0.01186629	-0.00220000	-0.00630000	-0.00130000	0.00900000	-0.00140000	-0.00210000	0.00020000	-0.01198152	-0.00039568	0.01102270
2026-05-13	0.00124754	-0.00879300	0.00600000	-0.00440000	-0.01050000	0.00020000	-0.00670000	0.01790000	0.00020000	-0.00622942	-0.00748077	0.00690800
2026-05-14	0.01483732	0.00686101	0.00760000	-0.00090000	-0.00640000	0.00490000	-0.00570000	0.00350000	0.00020000	0.00311066	-0.00009889	0.00181749
2026-05-15	-0.02215006	-0.00588963	-0.01320000	-0.00480000	-0.00030000	0.01050000	0.00290000	-0.02150000	0.00020000	0.00379392	-0.00348517	-0.00675146
2026-05-18	-0.00504506	0.01009265	-0.00100000	-0.00320000	0.01130000	0.00810000	0.00410000	-0.02310000	0.00020000	-0.00084441	-0.00341316	0.00632026
2026-05-19	0.00286198	0.00623385	-0.00710000	-0.00490000	0.00560000	-0.00550000	0.00490000	-0.00220000	0.00020000	0.00219072	-0.00603829	0.00330222
2026-05-20	0.02470399	0.00587434	0.01170000	0.00910000	0.00300000	-0.01490000	-0.00290000	0.00830000	0.00020000	0.00523546	-0.00160587	-0.00473972
2026-05-21	0.02217615	0.01374870	0.00120000	0.00450000	-0.00260000	-0.00590000	0.00480000	0.00210000	0.00020000	0.00470145	-0.00371444	-0.01000494
2026-05-22	0.01238011	0.00775039	0.00440000	0.00130000	0.00210000	-0.00400000	0.00560000	-0.00530000	0.00020000	0.00496230	0.00203694	-0.00219851
2026-05-26	0.00166799	-0.02285150	0.00650000	0.00870000	0.00220000	-0.01250000	-0.00390000	0.02210000	0.00020000	0.01334768	0.00501470	-0.00781347
2026-05-27	-0.01145166	-0.01154361	0.00020000	0.00410000	-0.00390000	0.00160000	-0.00180000	-0.00270000	0.00020000	-0.00389256	0.00006833	0.01145762
2026-05-28	0.02257476	0.01608495	0.00670000	-0.00180000	-0.00560000	-0.01100000	0.00050000	-0.00920000	0.00020000	0.00123914	-0.00641823	-0.00291657
2026-05-29	0.01041473	0.00557543	0.00190000	-0.01010000	-0.00300000	-0.00620000	0.00150000	-0.01670000	0.00020000	0.01808580	-0.00134770	-0.02089010
2026-06-01	0.01863682	0.00547159	0.00260000	-0.00150000	-0.00990000	-0.00180000	-0.00220000	-0.00230000	0.00010000	0.01778305	-0.00363271	-0.00996341
2026-06-02	0.04058688	0.02836864	0.00170000	-0.00230000	0.01360000	-0.00260000	0.01470000	0.02860000	0.00010000	0.00762452	0.00098177	-0.00439082
2026-06-03	0.00502512	0.00886067	-0.00850000	-0.00830000	0.00620000	0.00060000	0.00460000	0.01060000	0.00010000	-0.00110370	0.00542907	0.00614949
2026-06-04	-0.00494460	-0.00003375	0.00500000	0.00910000	0.00420000	-0.00050000	0.00050000	-0.00270000	0.00010000	-0.01854920	0.00478560	-0.00388893
2026-06-05	-0.02487034	0.01895170	-0.02750000	0.00040000	0.00840000	0.02820000	0.00850000	-0.03100000	0.00010000	-0.01670782	0.01278505	0.01110265
2026-06-08	0.01415041	-0.00223437	0.00360000	0.00130000	0.00490000	-0.00730000	-0.00100000	0.01490000	0.00010000	0.01406085	-0.00903045	-0.00152484
2026-06-09	-0.01477092	-0.00459647	-0.00280000	0.00700000	0.00410000	0.00870000	0.00170000	-0.00940000	0.00010000	-0.00863052	0.01180491	0.00888639
2026-06-10	-0.03732262	-0.02691377	-0.01610000	0.00780000	0.01020000	0.00630000	0.00770000	-0.00670000	0.00010000	0.00509981	-0.02383516	0.01657318
2026-06-11	0.02853922	-0.00250615	0.01810000	0.00610000	-0.00060000	-0.02160000	0.00090000	0.02610000	0.00010000	0.00507614	0.01236315	0.00051957
2026-06-12	0.00381608	-0.00170216	0.00440000	-0.00010000	0.01350000	-0.00790000	0.00460000	0.00430000	0.00010000	0.00440119	-0.00207924	0.00452453
2026-06-15	0.00983643	-0.01171515	0.01600000	-0.01170000	-0.02030000	-0.01710000	-0.01140000	0.00470000	0.00010000	0.00340733	0.00821084	0.00046337
2026-06-16	-0.01666866	0.00149433	-0.00620000	0.00050000	0.00080000	0.01470000	0.00120000	-0.01240000	0.00010000	-0.01421725	0.01239978	-0.00287218
2026-06-17	0.02064372	0.01098663	-0.01210000	0.00110000	-0.00060000	-0.01220000	-0.00170000	0.02060000	0.00010000	0.00539488	0.00804914	-0.01029381
2026-06-18	0.01808243	-0.00396448	0.01110000	0.00590000	-0.00350000	-0.01060000	-0.00390000	0.01010000	0.00010000	0.01178998	-0.00355328	-0.00236289
2026-06-22	0.00534188	-0.00568703	-0.00450000	0.00070000	0.01550000	-0.01400000	0.00520000	0.02230000	0.00010000	0.00814802	0.00525100	-0.00079860
2026-06-23	-0.02792561	-0.00322627	-0.01310000	0.00960000	0.00530000	0.01220000	0.00320000	-0.02600000	0.00010000	-0.01341143	-0.00964022	0.01499555
2026-06-24	-0.00225580	0.00067418	-0.00070000	0.00780000	-0.00160000	0.00440000	0.00600000	-0.01030000	0.00010000	-0.00152818	0.01067069	0.00432592
2026-06-25	-0.00773699	-0.01973850	-0.00130000	0.00620000	0.00880000	-0.00740000	0.00500000	0.01620000	0.00010000	0.00910651	0.01731480	-0.00311518
2026-06-26	-0.00855916	0.00330398	0.00150000	0.01340000	-0.00900000	0.00410000	0.00040000	-0.03170000	0.00010000	-0.01395167	-0.01523601	0.00356242
2026-06-29	-0.00170516	-0.01969599	0.01200000	-0.00890000	-0.00890000	-0.01770000	-0.00510000	0.01670000	0.00010000	-0.00377954	0.00100572	0.00093913
2026-06-30	0.02019877	0.00088828	0.00730000	-0.00120000	-0.00570000	-0.01130000	-0.00510000	0.01060000	0.00010000	0.01139559	0.00830644	-0.01124130
2026-07-01	-0.01810550	0.00493867	-0.00180000	0.00320000	0.00420000	0.01010000	0.00130000	-0.03670000	0.00020000	-0.01253707	-0.00703216	-0.00625991
2026-07-02	-0.00844237	0.01638455	-0.00030000	-0.00270000	-0.00230000	0.01850000	0.01150000	-0.02870000	0.00020000	-0.01910389	0.00452496	0.00644243
2026-07-06	0.02155390	0.00929015	0.00760000	-0.00420000	-0.00880000	-0.00690000	-0.00530000	0.00980000	0.00020000	-0.00067927	0.00465300	-0.00762186
2026-07-07	-0.01622429	0.00024945	-0.00510000	0.00180000	0.00040000	0.01530000	0.00510000	-0.01340000	0.00020000	-0.01135203	-0.01315060	0.00274275
2026-07-08	0.01379088	0.00342404	-0.00380000	-0.00690000	-0.00470000	0.00480000	0.00400000	0.02140000	0.00020000	0.01082243	-0.00805412	-0.00330535
2026-07-09	0.00506126	-0.01075026	0.00850000	0.00320000	-0.00360000	-0.01090000	-0.00260000	0.00470000	0.00020000	0.00676549	-0.00379050	-0.01244584
2026-07-10	-0.00783517	-0.00281775	0.00280000	-0.00410000	0.00590000	0.01310000	-0.00160000	-0.00610000	0.00020000	0.00341988	0.00173163	0.00504594
2026-07-13	-0.01303397	0.00441450	-0.00770000	0.00260000	0.01240000	0.01240000	0.00940000	-0.01390000	0.00020000	-0.00491596	-0.00544373	-0.00166079
2026-07-14	-0.00730207	-0.02130858	0.00370000	-0.00170000	-0.00640000	-0.00770000	-0.00930000	0.01770000	0.00020000	0.00048253	-0.00146703	-0.00659722
2026-07-15	-0.00598997	0.00304769	0.00420000	0.00320000	0.00140000	0.01070000	0.00500000	-0.00990000	0.00020000	-0.01158592	-0.00740072	-0.00747039
2026-07-16	-0.01921762	0.00134328	-0.00510000	0.00950000	0.01880000	0.01660000	0.01580000	-0.02830000	0.00020000	0.00070096	-0.00136623	0.01372684
2026-07-17	0.00111032	-0.00052383	-0.01030000	0.00180000	0.00140000	-0.00490000	0.00850000	0.01230000	0.00020000	-0.00068758	0.00191642	-0.00313096
2026-07-20	0.00917470	0.01116728	-0.00300000	-0.00420000	-0.00220000	0.00360000	-0.00610000	-0.00660000	0.00020000	0.00473038	-0.00173550	-0.00281169
2026-07-21	0.01761681	-0.00724463	0.00860000	-0.00190000	0.00240000	-0.01480000	-0.00390000	0.03110000	0.00020000	0.00866974	-0.00724180	-0.00274408
2026-07-22	0.01824464	0.02243685	-0.00180000	-0.00860000	0.01210000	0.00670000	0.00390000	0.00800000	0.00020000	0.00100515	0.00003010	0.00083246
2026-07-23	0.00760418	0.01108746	-0.01370000	0.00100000	0.00310000	0.01060000	0.00440000	0.00520000	0.00020000	0.00969199	0.02710452	-0.01251325
2026-07-24	-0.02226720	-0.00694041	0.00000000	0.00140000	0.00660000	0.01670000	0.01190000	-0.01790000	0.00020000	-0.00548944	0.00131590	-0.00138949
2026-07-27	0.00034427	0.00761325	0.00150000	0.00850000	-0.00840000	0.00380000	0.00470000	-0.02500000	0.00020000	-0.00660219	0.00300114	0.00824746
2026-07-28	-0.02968746	-0.01240812	0.00270000	0.00760000	0.00450000	0.01480000	0.00530000	-0.02800000	0.00020000	-0.01066053	-0.00766323	0.00813903
2026-07-29	-0.03713426	-0.01999115	-0.01520000	0.00450000	0.00310000	0.01140000	0.00890000	-0.01970000	0.00020000	0.00088568	-0.01969600	-0.00042108
2026-07-30	0.01401765	-0.02085294	0.01590000	-0.01120000	-0.01360000	-0.02240000	-0.01910000	0.02130000	0.00020000	0.01869679	0.00201692	-0.01094649
2026-07-31	0.01577303	0.02089355	0.00680000	-0.00380000	-0.00590000	0.01090000	-0.02900000	-0.00860000	0.00020000	-0.00939848	0.00905489	-0.00137083
