ticker,company,cik,form,filingDate,reportDate,accessionNumber,primaryDocument,doc_url
ADBE,ADOBE INC.,0000796343,8-K,2026-09-10,2026-09-10,0000796343-26-000147,adbe-20260910.htm,https://www.sec.gov/Archives/edgar/data/796343/000079634326000147/adbe-20260910.htm
ADBE,ADOBE INC.,0000796343,8-K,2026-09-08,2026-09-02,0000796343-26-000144,adbe-20260902.htm,https://www.sec.gov/Archives/edgar/data/796343/000079634326000144/adbe-20260902.htm
ADBE,ADOBE INC.,0000796343,8-K,2026-07-17,2026-07-14,0000796343-26-000120,adbe-20260714.htm,https://www.sec.gov/Archives/edgar/data/796343/000079634326000120/adbe-20260714.htm
ADBE,ADOBE INC.,0000796343,10-Q,2026-06-15,2026-05-29,0000796343-26-000112,adbe-20260529.htm,https://www.sec.gov/Archives/edgar/data/796343/000079634326000112/adbe-20260529.htm
ADBE,ADOBE INC.,0000796343,8-K,2026-06-11,2026-06-08,0000796343-26-000109,adbe-20260608.htm,https://www.sec.gov/Archives/edgar/data/796343/000079634326000109/adbe-20260608.htm
ADBE,ADOBE INC.,0000796343,8-K,2026-04-21,2026-04-15,0000796343-26-000101,adbe-20260415.htm,https://www.sec.gov/Archives/edgar/data/796343/000079634326000101/adbe-20260415.htm
ADBE,ADOBE INC.,0000796343,10-Q,2026-03-25,2026-02-27,0000796343-26-000056,adbe-20260227.htm,https://www.sec.gov/Archives/edgar/data/796343/000079634326000056/adbe-20260227.htm
ADBE,ADOBE INC.,0000796343,8-K,2026-03-12,2026-03-09,0000796343-26-000048,adbe-20260309.htm,https://www.sec.gov/Archives/edgar/data/796343/000079634326000048/adbe-20260309.htm
ADBE,ADOBE INC.,0000796343,8-K,2026-01-27,2026-01-26,0000796343-26-000019,adbe-20260126.htm,https://www.sec.gov/Archives/edgar/data/796343/000079634326000019/adbe-20260126.htm
ADBE,ADOBE INC.,0000796343,10-K,2026-01-15,2025-11-28,0000796343-26-000003,adbe-20251128.htm,https://www.sec.gov/Archives/edgar/data/796343/000079634326000003/adbe-20251128.htm
ADBE,ADOBE INC.,0000796343,8-K,2025-12-10,2025-12-10,0000796343-25-000135,adbe-20251210.htm,https://www.sec.gov/Archives/edgar/data/796343/000079634325000135/adbe-20251210.htm
ADBE,ADOBE INC.,0000796343,10-Q,2025-09-24,2025-08-29,0000796343-25-000107,adbe-20250829.htm,https://www.sec.gov/Archives/edgar/data/796343/000079634325000107/adbe-20250829.htm
ADBE,ADOBE INC.,0000796343,8-K,2025-09-11,2025-09-11,0000796343-25-000102,adbe-20250911.htm,https://www.sec.gov/Archives/edgar/data/796343/000079634325000102/adbe-20250911.htm
ADBE,ADOBE INC.,0000796343,10-Q,2025-06-25,2025-05-30,0000796343-25-000073,adbe-20250530.htm,https://www.sec.gov/Archives/edgar/data/796343/000079634325000073/adbe-20250530.htm
ADBE,ADOBE INC.,0000796343,8-K,2025-06-12,2025-06-12,0000796343-25-000064,adbe-20250612.htm,https://www.sec.gov/Archives/edgar/data/796343/000079634325000064/adbe-20250612.htm
ADBE,ADOBE INC.,0000796343,8-K,2025-04-24,2025-04-22,0001628280-25-019665,adbe-20250422.htm,https://www.sec.gov/Archives/edgar/data/796343/000162828025019665/adbe-20250422.htm
ADBE,ADOBE INC.,0000796343,10-Q,2025-03-26,2025-02-28,0000796343-25-000059,adbe-20250228.htm,https://www.sec.gov/Archives/edgar/data/796343/000079634325000059/adbe-20250228.htm
ADBE,ADOBE INC.,0000796343,8-K,2025-03-12,2025-03-12,0000796343-25-000052,adbe-20250312.htm,https://www.sec.gov/Archives/edgar/data/796343/000079634325000052/adbe-20250312.htm
ADBE,ADOBE INC.,0000796343,8-K,2025-01-30,2025-01-24,0000796343-25-000036,adbe-20250124.htm,https://www.sec.gov/Archives/edgar/data/796343/000079634325000036/adbe-20250124.htm
ADBE,ADOBE INC.,0000796343,8-K,2025-01-17,2025-01-14,0001193125-25-008409,d856773d8k.htm,https://www.sec.gov/Archives/edgar/data/796343/000119312525008409/d856773d8k.htm
ADBE,ADOBE INC.,0000796343,10-K,2025-01-13,2024-11-29,0000796343-25-000004,adbe-20241129.htm,https://www.sec.gov/Archives/edgar/data/796343/000079634325000004/adbe-20241129.htm
ADBE,ADOBE INC.,0000796343,8-K,2024-12-11,2024-12-11,0000796343-24-000250,adbe-20241211.htm,https://www.sec.gov/Archives/edgar/data/796343/000079634324000250/adbe-20241211.htm
ADBE,ADOBE INC.,0000796343,10-Q,2024-09-25,2024-08-30,0000796343-24-000208,adbe-20240830.htm,https://www.sec.gov/Archives/edgar/data/796343/000079634324000208/adbe-20240830.htm
ADBE,ADOBE INC.,0000796343,8-K,2024-09-12,2024-09-12,0000796343-24-000200,adbe-20240912.htm,https://www.sec.gov/Archives/edgar/data/796343/000079634324000200/adbe-20240912.htm
ADBE,ADOBE INC.,0000796343,8-K,2024-08-08,2024-08-05,0000796343-24-000192,adbe-20240805.htm,https://www.sec.gov/Archives/edgar/data/796343/000079634324000192/adbe-20240805.htm
ADBE,ADOBE INC.,0000796343,8-K,2024-07-18,2024-07-12,0000796343-24-000173,adbe-20240712.htm,https://www.sec.gov/Archives/edgar/data/796343/000079634324000173/adbe-20240712.htm
ADBE,ADOBE INC.,0000796343,10-Q,2024-06-26,2024-05-31,0000796343-24-000150,adbe-20240531.htm,https://www.sec.gov/Archives/edgar/data/796343/000079634324000150/adbe-20240531.htm
ADBE,ADOBE INC.,0000796343,8-K,2024-06-13,2024-06-13,0000796343-24-000140,adbe-20240613.htm,https://www.sec.gov/Archives/edgar/data/796343/000079634324000140/adbe-20240613.htm
ADBE,ADOBE INC.,0000796343,8-K,2024-04-19,2024-04-17,0000796343-24-000086,adbe-20240417.htm,https://www.sec.gov/Archives/edgar/data/796343/000079634324000086/adbe-20240417.htm
ADBE,ADOBE INC.,0000796343,8-K,2024-04-04,2024-04-01,0001193125-24-087244,d771427d8k.htm,https://www.sec.gov/Archives/edgar/data/796343/000119312524087244/d771427d8k.htm
ADBE,ADOBE INC.,0000796343,10-Q,2024-03-27,2024-03-01,0000796343-24-000065,adbe-20240301.htm,https://www.sec.gov/Archives/edgar/data/796343/000079634324000065/adbe-20240301.htm
ADBE,ADOBE INC.,0000796343,8-K,2024-03-14,2024-03-14,0000796343-24-000057,adbe-20240314.htm,https://www.sec.gov/Archives/edgar/data/796343/000079634324000057/adbe-20240314.htm
ADBE,ADOBE INC.,0000796343,8-K,2024-01-26,2024-01-24,0000796343-24-000024,adbe-20240124.htm,https://www.sec.gov/Archives/edgar/data/796343/000079634324000024/adbe-20240124.htm
ADBE,ADOBE INC.,0000796343,10-K,2024-01-17,2023-12-01,0000796343-24-000006,adbe-20231201.htm,https://www.sec.gov/Archives/edgar/data/796343/000079634324000006/adbe-20231201.htm
ADBE,ADOBE INC.,0000796343,8-K,2023-12-18,2023-12-17,0000796343-23-000254,adbe-20231217.htm,https://www.sec.gov/Archives/edgar/data/796343/000079634323000254/adbe-20231217.htm
ADBE,ADOBE INC.,0000796343,8-K,2023-12-13,2023-12-11,0000796343-23-000252,adbe-20231211.htm,https://www.sec.gov/Archives/edgar/data/796343/000079634323000252/adbe-20231211.htm
ADBE,ADOBE INC.,0000796343,8-K,2023-10-26,2023-10-25,0000796343-23-000226,adbe-20231025.htm,https://www.sec.gov/Archives/edgar/data/796343/000079634323000226/adbe-20231025.htm
ADBE,ADOBE INC.,0000796343,10-Q,2023-09-27,2023-09-01,0000796343-23-000205,adbe-20230901.htm,https://www.sec.gov/Archives/edgar/data/796343/000079634323000205/adbe-20230901.htm
ADBE,ADOBE INC.,0000796343,8-K,2023-09-14,2023-09-08,0000796343-23-000198,adbe-20230908.htm,https://www.sec.gov/Archives/edgar/data/796343/000079634323000198/adbe-20230908.htm
ADBE,ADOBE INC.,0000796343,10-Q,2023-06-28,2023-06-02,0000796343-23-000153,adbe-20230602.htm,https://www.sec.gov/Archives/edgar/data/796343/000079634323000153/adbe-20230602.htm
ADBE,ADOBE INC.,0000796343,8-K,2023-06-15,2023-06-15,0000796343-23-000133,adbe-20230615.htm,https://www.sec.gov/Archives/edgar/data/796343/000079634323000133/adbe-20230615.htm
ADBE,ADOBE INC.,0000796343,8-K,2023-04-24,2023-04-20,0000796343-23-000084,adbe-20230420.htm,https://www.sec.gov/Archives/edgar/data/796343/000079634323000084/adbe-20230420.htm
ADBE,ADOBE INC.,0000796343,10-Q,2023-03-29,2023-03-03,0000796343-23-000055,adbe-20230303.htm,https://www.sec.gov/Archives/edgar/data/796343/000079634323000055/adbe-20230303.htm
ADBE,ADOBE INC.,0000796343,8-K,2023-03-15,2023-03-15,0000796343-23-000044,adbe-20230315.htm,https://www.sec.gov/Archives/edgar/data/796343/000079634323000044/adbe-20230315.htm
ADBE,ADOBE INC.,0000796343,8-K,2023-01-26,2023-01-24,0000796343-23-000011,adbe-20230124.htm,https://www.sec.gov/Archives/edgar/data/796343/000079634323000011/adbe-20230124.htm
ADBE,ADOBE INC.,0000796343,8-K,2023-01-19,2023-01-19,0001193125-23-010953,d400939d8k.htm,https://www.sec.gov/Archives/edgar/data/796343/000119312523010953/d400939d8k.htm
ADBE,ADOBE INC.,0000796343,10-K,2023-01-17,2022-12-02,0000796343-23-000007,adbe-20221202.htm,https://www.sec.gov/Archives/edgar/data/796343/000079634323000007/adbe-20221202.htm
CAT,CATERPILLAR INC,0000018230,8-K,2026-09-01,2026-08-27,0001104659-26-104197,tm2624321d1_8k.htm,https://www.sec.gov/Archives/edgar/data/18230/000110465926104197/tm2624321d1_8k.htm
CAT,CATERPILLAR INC,0000018230,10-Q,2026-08-05,2026-06-30,0000018230-26-000046,cat-20260630.htm,https://www.sec.gov/Archives/edgar/data/18230/000001823026000046/cat-20260630.htm
CAT,CATERPILLAR INC,0000018230,8-K,2026-08-04,2026-08-04,0000018230-26-000040,cat-20260804.htm,https://www.sec.gov/Archives/edgar/data/18230/000001823026000040/cat-20260804.htm
CAT,CATERPILLAR INC,0000018230,8-K,2026-06-11,2026-06-10,0001104659-26-072929,tm2617177d1_8k.htm,https://www.sec.gov/Archives/edgar/data/18230/000110465926072929/tm2617177d1_8k.htm
CAT,CATERPILLAR INC,0000018230,10-Q,2026-05-06,2026-03-31,0000018230-26-000021,cat-20260331.htm,https://www.sec.gov/Archives/edgar/data/18230/000001823026000021/cat-20260331.htm
CAT,CATERPILLAR INC,0000018230,8-K,2026-04-30,2026-04-30,0000018230-26-000017,cat-20260430.htm,https://www.sec.gov/Archives/edgar/data/18230/000001823026000017/cat-20260430.htm
CAT,CATERPILLAR INC,0000018230,8-K,2026-04-13,2026-04-07,0001104659-26-042621,tm2611571d2_8k.htm,https://www.sec.gov/Archives/edgar/data/18230/000110465926042621/tm2611571d2_8k.htm
CAT,CATERPILLAR INC,0000018230,8-K,2026-04-10,2026-04-07,0001104659-26-042062,tm2611571d1_8k.htm,https://www.sec.gov/Archives/edgar/data/18230/000110465926042062/tm2611571d1_8k.htm
CAT,CATERPILLAR INC,0000018230,8-K,2026-03-26,2026-03-26,0000018230-26-000013,cat-20260326.htm,https://www.sec.gov/Archives/edgar/data/18230/000001823026000013/cat-20260326.htm
CAT,CATERPILLAR INC,0000018230,10-K,2026-02-13,2025-12-31,0000018230-26-000008,cat-20251231.htm,https://www.sec.gov/Archives/edgar/data/18230/000001823026000008/cat-20251231.htm
CAT,CATERPILLAR INC,0000018230,8-K,2026-01-29,2026-01-29,0000018230-26-000003,cat-20260129.htm,https://www.sec.gov/Archives/edgar/data/18230/000001823026000003/cat-20260129.htm
CAT,CATERPILLAR INC,0000018230,8-K,2026-01-06,2026-01-06,0001104659-26-001346,tm261912d1_8k.htm,https://www.sec.gov/Archives/edgar/data/18230/000110465926001346/tm261912d1_8k.htm
CAT,CATERPILLAR INC,0000018230,10-Q,2025-11-03,2025-09-30,0000018230-25-000048,cat-20250930.htm,https://www.sec.gov/Archives/edgar/data/18230/000001823025000048/cat-20250930.htm
CAT,CATERPILLAR INC,0000018230,8-K,2025-10-29,2025-10-29,0000018230-25-000043,cat-20251029.htm,https://www.sec.gov/Archives/edgar/data/18230/000001823025000043/cat-20251029.htm
CAT,CATERPILLAR INC,0000018230,8-K,2025-09-03,2025-08-28,0001104659-25-087011,tm2524597d2_8k.htm,https://www.sec.gov/Archives/edgar/data/18230/000110465925087011/tm2524597d2_8k.htm
CAT,CATERPILLAR INC,0000018230,8-K,2025-08-28,2025-08-28,0001104659-25-084800,tm2524597d1_8k.htm,https://www.sec.gov/Archives/edgar/data/18230/000110465925084800/tm2524597d1_8k.htm
CAT,CATERPILLAR INC,0000018230,10-Q,2025-08-06,2025-06-30,0000018230-25-000040,cat-20250630.htm,https://www.sec.gov/Archives/edgar/data/18230/000001823025000040/cat-20250630.htm
CAT,CATERPILLAR INC,0000018230,8-K,2025-08-05,2025-08-05,0000018230-25-000037,cat-20250805.htm,https://www.sec.gov/Archives/edgar/data/18230/000001823025000037/cat-20250805.htm
CAT,CATERPILLAR INC,0000018230,8-K,2025-06-12,2025-06-11,0001104659-25-058891,tm2517853d1_8k.htm,https://www.sec.gov/Archives/edgar/data/18230/000110465925058891/tm2517853d1_8k.htm
CAT,CATERPILLAR INC,0000018230,8-K,2025-05-15,2025-05-15,0001104659-25-049132,tm2515084d1_8k.htm,https://www.sec.gov/Archives/edgar/data/18230/000110465925049132/tm2515084d1_8k.htm
CAT,CATERPILLAR INC,0000018230,10-Q,2025-05-07,2025-03-31,0000018230-25-000016,cat-20250331.htm,https://www.sec.gov/Archives/edgar/data/18230/000001823025000016/cat-20250331.htm
CAT,CATERPILLAR INC,0000018230,8-K,2025-04-30,2025-04-30,0000018230-25-000013,cat-20250430.htm,https://www.sec.gov/Archives/edgar/data/18230/000001823025000013/cat-20250430.htm
CAT,CATERPILLAR INC,0000018230,8-K,2025-04-15,2025-04-09,0001104659-25-034874,tm2511879d2_8k.htm,https://www.sec.gov/Archives/edgar/data/18230/000110465925034874/tm2511879d2_8k.htm
CAT,CATERPILLAR INC,0000018230,8-K,2025-04-09,2025-04-07,0001104659-25-033418,tm2511879d1_8k.htm,https://www.sec.gov/Archives/edgar/data/18230/000110465925033418/tm2511879d1_8k.htm
CAT,CATERPILLAR INC,0000018230,10-K,2025-02-14,2024-12-31,0000018230-25-000008,cat-20241231.htm,https://www.sec.gov/Archives/edgar/data/18230/000001823025000008/cat-20241231.htm
CAT,CATERPILLAR INC,0000018230,8-K,2025-01-30,2025-01-30,0000018230-25-000004,cat-20250130.htm,https://www.sec.gov/Archives/edgar/data/18230/000001823025000004/cat-20250130.htm
CAT,CATERPILLAR INC,0000018230,10-Q,2024-11-06,2024-09-30,0000018230-24-000053,cat-20240930.htm,https://www.sec.gov/Archives/edgar/data/18230/000001823024000053/cat-20240930.htm
CAT,CATERPILLAR INC,0000018230,8-K,2024-10-30,2024-10-30,0000018230-24-000050,cat-20241030.htm,https://www.sec.gov/Archives/edgar/data/18230/000001823024000050/cat-20241030.htm
CAT,CATERPILLAR INC,0000018230,8-K,2024-10-11,2024-10-09,0000018230-24-000047,cat-20241009.htm,https://www.sec.gov/Archives/edgar/data/18230/000001823024000047/cat-20241009.htm
CAT,CATERPILLAR INC,0000018230,8-K,2024-09-04,2024-08-29,0001104659-24-096572,tm2423020d1_8k.htm,https://www.sec.gov/Archives/edgar/data/18230/000110465924096572/tm2423020d1_8k.htm
CAT,CATERPILLAR INC,0000018230,10-Q,2024-08-07,2024-06-30,0000018230-24-000045,cat-20240630.htm,https://www.sec.gov/Archives/edgar/data/18230/000001823024000045/cat-20240630.htm
CAT,CATERPILLAR INC,0000018230,8-K,2024-08-06,2024-08-06,0000018230-24-000042,cat-20240806.htm,https://www.sec.gov/Archives/edgar/data/18230/000001823024000042/cat-20240806.htm
CAT,CATERPILLAR INC,0000018230,8-K,2024-06-14,2024-06-12,0001104659-24-071748,tm2417203d1_8k.htm,https://www.sec.gov/Archives/edgar/data/18230/000110465924071748/tm2417203d1_8k.htm
CAT,CATERPILLAR INC,0000018230,10-Q,2024-05-01,2024-03-31,0000018230-24-000020,cat-20240331.htm,https://www.sec.gov/Archives/edgar/data/18230/000001823024000020/cat-20240331.htm
CAT,CATERPILLAR INC,0000018230,8-K,2024-04-25,2024-04-25,0000018230-24-000016,cat-20240425.htm,https://www.sec.gov/Archives/edgar/data/18230/000001823024000016/cat-20240425.htm
CAT,CATERPILLAR INC,0000018230,8-K,2024-04-03,2024-04-01,0000018230-24-000012,cat-20240401.htm,https://www.sec.gov/Archives/edgar/data/18230/000001823024000012/cat-20240401.htm
CAT,CATERPILLAR INC,0000018230,10-K,2024-02-16,2023-12-31,0000018230-24-000009,cat-20231231.htm,https://www.sec.gov/Archives/edgar/data/18230/000001823024000009/cat-20231231.htm
CAT,CATERPILLAR INC,0000018230,8-K,2024-02-05,2024-02-05,0000018230-24-000005,cat-20240205.htm,https://www.sec.gov/Archives/edgar/data/18230/000001823024000005/cat-20240205.htm
CAT,CATERPILLAR INC,0000018230,8-K,2023-12-14,2023-12-12,0000018230-23-000058,cat-20231212.htm,https://www.sec.gov/Archives/edgar/data/18230/000001823023000058/cat-20231212.htm
CAT,CATERPILLAR INC,0000018230,10-Q,2023-11-01,2023-09-30,0000018230-23-000056,cat-20230930.htm,https://www.sec.gov/Archives/edgar/data/18230/000001823023000056/cat-20230930.htm
CAT,CATERPILLAR INC,0000018230,8-K,2023-10-31,2023-10-31,0000018230-23-000054,cat-20231031.htm,https://www.sec.gov/Archives/edgar/data/18230/000001823023000054/cat-20231031.htm
CAT,CATERPILLAR INC,0000018230,8-K,2023-10-16,2023-10-11,0000018230-23-000051,cat-20231011.htm,https://www.sec.gov/Archives/edgar/data/18230/000001823023000051/cat-20231011.htm
CAT,CATERPILLAR INC,0000018230,8-K,2023-09-01,2023-08-31,0001104659-23-097732,tm2325071d1_8k.htm,https://www.sec.gov/Archives/edgar/data/18230/000110465923097732/tm2325071d1_8k.htm
CAT,CATERPILLAR INC,0000018230,8-K,2023-08-09,2023-08-08,0000018230-23-000049,cat-20230808.htm,https://www.sec.gov/Archives/edgar/data/18230/000001823023000049/cat-20230808.htm
CAT,CATERPILLAR INC,0000018230,10-Q,2023-08-02,2023-06-30,0000018230-23-000047,cat-20230630.htm,https://www.sec.gov/Archives/edgar/data/18230/000001823023000047/cat-20230630.htm
CAT,CATERPILLAR INC,0000018230,8-K,2023-08-01,2023-08-01,0000018230-23-000044,cat-20230801.htm,https://www.sec.gov/Archives/edgar/data/18230/000001823023000044/cat-20230801.htm
CAT,CATERPILLAR INC,0000018230,8-K,2023-06-20,2023-06-14,0001104659-23-072533,tm2318728d1_8k.htm,https://www.sec.gov/Archives/edgar/data/18230/000110465923072533/tm2318728d1_8k.htm
CAT,CATERPILLAR INC,0000018230,10-Q,2023-05-03,2023-03-31,0000018230-23-000022,cat-20230331.htm,https://www.sec.gov/Archives/edgar/data/18230/000001823023000022/cat-20230331.htm
CAT,CATERPILLAR INC,0000018230,8-K,2023-04-27,2023-04-27,0000018230-23-000017,cat-20230427.htm,https://www.sec.gov/Archives/edgar/data/18230/000001823023000017/cat-20230427.htm
CAT,CATERPILLAR INC,0000018230,10-K,2023-02-15,2022-12-31,0000018230-23-000011,cat-20221231.htm,https://www.sec.gov/Archives/edgar/data/18230/000001823023000011/cat-20221231.htm
CAT,CATERPILLAR INC,0000018230,8-K,2023-02-02,2023-01-27,0000018230-23-000007,cat-20230127.htm,https://www.sec.gov/Archives/edgar/data/18230/000001823023000007/cat-20230127.htm
CAT,CATERPILLAR INC,0000018230,8-K,2023-01-31,2023-01-31,0000018230-23-000005,cat-20230131.htm,https://www.sec.gov/Archives/edgar/data/18230/000001823023000005/cat-20230131.htm
DELL,Dell Technologies Inc.,0001571996,8-K,2026-09-10,2026-09-09,0001193125-26-387958,d150030d8k.htm,https://www.sec.gov/Archives/edgar/data/1571996/000119312526387958/d150030d8k.htm
DELL,Dell Technologies Inc.,0001571996,10-Q,2026-09-08,2026-07-31,0001571996-26-000046,dell-20260731.htm,https://www.sec.gov/Archives/edgar/data/1571996/000157199626000046/dell-20260731.htm
DELL,Dell Technologies Inc.,0001571996,8-K,2026-09-01,2026-09-01,0001571996-26-000039,dell-20260901.htm,https://www.sec.gov/Archives/edgar/data/1571996/000157199626000039/dell-20260901.htm
DELL,Dell Technologies Inc.,0001571996,8-K,2026-07-06,2026-07-02,0001193125-26-296224,d32716d8k.htm,https://www.sec.gov/Archives/edgar/data/1571996/000119312526296224/d32716d8k.htm
DELL,Dell Technologies Inc.,0001571996,8-K,2026-07-01,2026-06-25,0001571996-26-000036,dell-20260625.htm,https://www.sec.gov/Archives/edgar/data/1571996/000157199626000036/dell-20260625.htm
DELL,Dell Technologies Inc.,0001571996,8-K,2026-06-17,2026-06-11,0001571996-26-000032,dell-20260611.htm,https://www.sec.gov/Archives/edgar/data/1571996/000157199626000032/dell-20260611.htm
DELL,Dell Technologies Inc.,0001571996,8-K,2026-06-16,2026-06-16,0001193125-26-272720,d20600d8k.htm,https://www.sec.gov/Archives/edgar/data/1571996/000119312526272720/d20600d8k.htm
DELL,Dell Technologies Inc.,0001571996,8-K,2026-06-12,2026-06-11,0001193125-26-269594,d131151d8k.htm,https://www.sec.gov/Archives/edgar/data/1571996/000119312526269594/d131151d8k.htm
DELL,Dell Technologies Inc.,0001571996,8-K,2026-06-10,2026-06-10,0001193125-26-265877,d98058d8k.htm,https://www.sec.gov/Archives/edgar/data/1571996/000119312526265877/d98058d8k.htm
DELL,Dell Technologies Inc.,0001571996,10-Q,2026-06-09,2026-05-01,0001571996-26-000030,dell-20260501.htm,https://www.sec.gov/Archives/edgar/data/1571996/000157199626000030/dell-20260501.htm
DELL,Dell Technologies Inc.,0001571996,8-K,2026-05-28,2026-05-28,0001571996-26-000021,dell-20260528.htm,https://www.sec.gov/Archives/edgar/data/1571996/000157199626000021/dell-20260528.htm
DELL,Dell Technologies Inc.,0001571996,8-K,2026-04-20,2026-04-15,0001571996-26-000013,dell-20260415.htm,https://www.sec.gov/Archives/edgar/data/1571996/000157199626000013/dell-20260415.htm
DELL,Dell Technologies Inc.,0001571996,10-K,2026-03-16,2026-01-30,0001571996-26-000008,dell-20260130.htm,https://www.sec.gov/Archives/edgar/data/1571996/000157199626000008/dell-20260130.htm
DELL,Dell Technologies Inc.,0001571996,8-K,2026-02-26,2026-02-26,0001571996-26-000003,dell-20260226.htm,https://www.sec.gov/Archives/edgar/data/1571996/000157199626000003/dell-20260226.htm
DELL,Dell Technologies Inc.,0001571996,10-Q,2025-12-09,2025-10-31,0001571996-25-000127,dell-20251031.htm,https://www.sec.gov/Archives/edgar/data/1571996/000157199625000127/dell-20251031.htm
DELL,Dell Technologies Inc.,0001571996,8-K,2025-11-25,2025-11-25,0001571996-25-000118,dell-20251125.htm,https://www.sec.gov/Archives/edgar/data/1571996/000157199625000118/dell-20251125.htm
DELL,Dell Technologies Inc.,0001571996,8-K,2025-10-07,2025-10-07,0001193125-25-232662,d55706d8k.htm,https://www.sec.gov/Archives/edgar/data/1571996/000119312525232662/d55706d8k.htm
DELL,Dell Technologies Inc.,0001571996,8-K,2025-10-06,2025-10-06,0001193125-25-231904,d50652d8k.htm,https://www.sec.gov/Archives/edgar/data/1571996/000119312525231904/d50652d8k.htm
DELL,Dell Technologies Inc.,0001571996,8-K,2025-10-02,2025-09-30,0001571996-25-000111,dell-20250930.htm,https://www.sec.gov/Archives/edgar/data/1571996/000157199625000111/dell-20250930.htm
DELL,Dell Technologies Inc.,0001571996,8-K,2025-09-26,2025-09-22,0001571996-25-000107,dell-20250922.htm,https://www.sec.gov/Archives/edgar/data/1571996/000157199625000107/dell-20250922.htm
DELL,Dell Technologies Inc.,0001571996,8-K,2025-09-23,2025-09-22,0001193125-25-213629,d66554d8k.htm,https://www.sec.gov/Archives/edgar/data/1571996/000119312525213629/d66554d8k.htm
DELL,Dell Technologies Inc.,0001571996,8-K,2025-09-08,2025-09-05,0001571996-25-000104,dell-20250905.htm,https://www.sec.gov/Archives/edgar/data/1571996/000157199625000104/dell-20250905.htm
DELL,Dell Technologies Inc.,0001571996,10-Q,2025-09-08,2025-08-01,0001571996-25-000102,dell-20250801.htm,https://www.sec.gov/Archives/edgar/data/1571996/000157199625000102/dell-20250801.htm
DELL,Dell Technologies Inc.,0001571996,8-K,2025-08-28,2025-08-28,0001571996-25-000096,dell-20250828.htm,https://www.sec.gov/Archives/edgar/data/1571996/000157199625000096/dell-20250828.htm
DELL,Dell Technologies Inc.,0001571996,8-K,2025-08-12,2025-08-07,0001571996-25-000093,dell-20250807.htm,https://www.sec.gov/Archives/edgar/data/1571996/000157199625000093/dell-20250807.htm
DELL,Dell Technologies Inc.,0001571996,8-K,2025-07-16,2025-07-10,0001571996-25-000081,dell-20250710.htm,https://www.sec.gov/Archives/edgar/data/1571996/000157199625000081/dell-20250710.htm
DELL,Dell Technologies Inc.,0001571996,8-K,2025-07-01,2025-06-26,0001571996-25-000078,dell-20250626.htm,https://www.sec.gov/Archives/edgar/data/1571996/000157199625000078/dell-20250626.htm
DELL,Dell Technologies Inc.,0001571996,10-Q,2025-06-10,2025-05-02,0001571996-25-000063,dell-20250502.htm,https://www.sec.gov/Archives/edgar/data/1571996/000157199625000063/dell-20250502.htm
DELL,Dell Technologies Inc.,0001571996,8-K,2025-05-29,2025-05-29,0001571996-25-000046,dell-20250529.htm,https://www.sec.gov/Archives/edgar/data/1571996/000157199625000046/dell-20250529.htm
DELL,Dell Technologies Inc.,0001571996,8-K,2025-04-01,2025-04-01,0001193125-25-070461,d848892d8k.htm,https://www.sec.gov/Archives/edgar/data/1571996/000119312525070461/d848892d8k.htm
DELL,Dell Technologies Inc.,0001571996,8-K,2025-03-27,2025-03-26,0001193125-25-065594,d906514d8k.htm,https://www.sec.gov/Archives/edgar/data/1571996/000119312525065594/d906514d8k.htm
DELL,Dell Technologies Inc.,0001571996,10-K,2025-03-25,2025-01-31,0001571996-25-000034,dell-20250131.htm,https://www.sec.gov/Archives/edgar/data/1571996/000157199625000034/dell-20250131.htm
DELL,Dell Technologies Inc.,0001571996,8-K,2025-02-27,2025-02-27,0001571996-25-000014,dell-20250227.htm,https://www.sec.gov/Archives/edgar/data/1571996/000157199625000014/dell-20250227.htm
DELL,Dell Technologies Inc.,0001571996,8-K,2025-01-14,2025-01-08,0001571996-25-000004,dell-20250108.htm,https://www.sec.gov/Archives/edgar/data/1571996/000157199625000004/dell-20250108.htm
DELL,Dell Technologies Inc.,0001571996,10-Q,2024-12-10,2024-11-01,0001571996-24-000143,dell-20241101.htm,https://www.sec.gov/Archives/edgar/data/1571996/000157199624000143/dell-20241101.htm
DELL,Dell Technologies Inc.,0001571996,8-K,2024-12-03,2024-11-29,0001571996-24-000136,dell-20241129.htm,https://www.sec.gov/Archives/edgar/data/1571996/000157199624000136/dell-20241129.htm
DELL,Dell Technologies Inc.,0001571996,8-K,2024-11-26,2024-11-26,0001571996-24-000130,dell-20241126.htm,https://www.sec.gov/Archives/edgar/data/1571996/000157199624000130/dell-20241126.htm
DELL,Dell Technologies Inc.,0001571996,8-K,2024-10-08,2024-10-08,0001193125-24-234446,d887607d8k.htm,https://www.sec.gov/Archives/edgar/data/1571996/000119312524234446/d887607d8k.htm
DELL,Dell Technologies Inc.,0001571996,8-K,2024-10-02,2024-10-01,0001193125-24-231195,d802942d8k.htm,https://www.sec.gov/Archives/edgar/data/1571996/000119312524231195/d802942d8k.htm
DELL,Dell Technologies Inc.,0001571996,8-K,2024-09-19,2024-09-17,0001571996-24-000105,dell-20240917.htm,https://www.sec.gov/Archives/edgar/data/1571996/000157199624000105/dell-20240917.htm
DELL,Dell Technologies Inc.,0001571996,10-Q,2024-09-10,2024-08-02,0001571996-24-000090,dell-20240802.htm,https://www.sec.gov/Archives/edgar/data/1571996/000157199624000090/dell-20240802.htm
DELL,Dell Technologies Inc.,0001571996,8-K,2024-08-29,2024-08-29,0001571996-24-000081,dell-20240829.htm,https://www.sec.gov/Archives/edgar/data/1571996/000157199624000081/dell-20240829.htm
DELL,Dell Technologies Inc.,0001571996,8-K,2024-07-12,2024-07-08,0001193125-24-178608,d854251d8k.htm,https://www.sec.gov/Archives/edgar/data/1571996/000119312524178608/d854251d8k.htm
DELL,Dell Technologies Inc.,0001571996,8-K,2024-07-02,2024-06-27,0001571996-24-000074,dell-20240627.htm,https://www.sec.gov/Archives/edgar/data/1571996/000157199624000074/dell-20240627.htm
DELL,Dell Technologies Inc.,0001571996,10-Q,2024-06-11,2024-05-03,0001571996-24-000062,dell-20240503.htm,https://www.sec.gov/Archives/edgar/data/1571996/000157199624000062/dell-20240503.htm
DELL,Dell Technologies Inc.,0001571996,8-K,2024-06-10,2024-06-04,0001571996-24-000059,dell-20240604.htm,https://www.sec.gov/Archives/edgar/data/1571996/000157199624000059/dell-20240604.htm
DELL,Dell Technologies Inc.,0001571996,8-K,2024-05-30,2024-05-30,0001571996-24-000050,dell-20240530.htm,https://www.sec.gov/Archives/edgar/data/1571996/000157199624000050/dell-20240530.htm
DELL,Dell Technologies Inc.,0001571996,8-K,2024-03-26,2024-03-20,0001571996-24-000038,dell-20240320.htm,https://www.sec.gov/Archives/edgar/data/1571996/000157199624000038/dell-20240320.htm
DELL,Dell Technologies Inc.,0001571996,10-K,2024-03-25,2024-02-02,0001571996-24-000036,dell-20240202.htm,https://www.sec.gov/Archives/edgar/data/1571996/000157199624000036/dell-20240202.htm
DELL,Dell Technologies Inc.,0001571996,8-K,2024-03-18,2024-03-18,0001193125-24-070193,d772920d8k.htm,https://www.sec.gov/Archives/edgar/data/1571996/000119312524070193/d772920d8k.htm
DELL,Dell Technologies Inc.,0001571996,8-K,2024-03-07,2024-03-03,0001571996-24-000012,dell-20240303.htm,https://www.sec.gov/Archives/edgar/data/1571996/000157199624000012/dell-20240303.htm
DELL,Dell Technologies Inc.,0001571996,8-K,2024-03-06,2024-03-04,0001193125-24-059631,d794419d8k.htm,https://www.sec.gov/Archives/edgar/data/1571996/000119312524059631/d794419d8k.htm
DELL,Dell Technologies Inc.,0001571996,8-K,2024-02-29,2024-02-29,0001571996-24-000008,dell-20240229.htm,https://www.sec.gov/Archives/edgar/data/1571996/000157199624000008/dell-20240229.htm
DELL,Dell Technologies Inc.,0001571996,8-K,2024-01-30,2024-01-25,0001571996-24-000004,dell-20240125.htm,https://www.sec.gov/Archives/edgar/data/1571996/000157199624000004/dell-20240125.htm
DELL,Dell Technologies Inc.,0001571996,8-K,2024-01-18,2024-01-16,0001571996-24-000002,dell-20240116.htm,https://www.sec.gov/Archives/edgar/data/1571996/000157199624000002/dell-20240116.htm
DELL,Dell Technologies Inc.,0001571996,8-K,2023-12-18,2023-12-15,0001193125-23-297664,d625155d8k.htm,https://www.sec.gov/Archives/edgar/data/1571996/000119312523297664/d625155d8k.htm
DELL,Dell Technologies Inc.,0001571996,10-Q,2023-12-08,2023-11-03,0001571996-23-000046,dell-20231103.htm,https://www.sec.gov/Archives/edgar/data/1571996/000157199623000046/dell-20231103.htm
DELL,Dell Technologies Inc.,0001571996,8-K,2023-12-05,2023-12-01,0001571996-23-000042,dell-20231201.htm,https://www.sec.gov/Archives/edgar/data/1571996/000157199623000042/dell-20231201.htm
DELL,Dell Technologies Inc.,0001571996,8-K,2023-12-04,2023-12-04,0001193125-23-288428,d56618d8k.htm,https://www.sec.gov/Archives/edgar/data/1571996/000119312523288428/d56618d8k.htm
DELL,Dell Technologies Inc.,0001571996,8-K,2023-11-30,2023-11-30,0001571996-23-000039,dell-20231130.htm,https://www.sec.gov/Archives/edgar/data/1571996/000157199623000039/dell-20231130.htm
DELL,Dell Technologies Inc.,0001571996,8-K,2023-10-05,2023-10-05,0001193125-23-251131,d541426d8k.htm,https://www.sec.gov/Archives/edgar/data/1571996/000119312523251131/d541426d8k.htm
DELL,Dell Technologies Inc.,0001571996,8-K,2023-09-26,2023-09-20,0001571996-23-000034,dell-20230920.htm,https://www.sec.gov/Archives/edgar/data/1571996/000157199623000034/dell-20230920.htm
DELL,Dell Technologies Inc.,0001571996,10-Q,2023-09-12,2023-08-04,0001571996-23-000032,dell-20230804.htm,https://www.sec.gov/Archives/edgar/data/1571996/000157199623000032/dell-20230804.htm
DELL,Dell Technologies Inc.,0001571996,8-K,2023-08-31,2023-08-31,0001571996-23-000029,dell-20230831.htm,https://www.sec.gov/Archives/edgar/data/1571996/000157199623000029/dell-20230831.htm
DELL,Dell Technologies Inc.,0001571996,8-K,2023-07-28,2023-07-27,0001571996-23-000024,dell-20230727.htm,https://www.sec.gov/Archives/edgar/data/1571996/000157199623000024/dell-20230727.htm
DELL,Dell Technologies Inc.,0001571996,8-K,2023-07-13,2023-07-11,0001193125-23-186639,d533731d8k.htm,https://www.sec.gov/Archives/edgar/data/1571996/000119312523186639/d533731d8k.htm
DELL,Dell Technologies Inc.,0001571996,8-K,2023-06-30,2023-06-29,0001193125-23-180570,d475980d8k.htm,https://www.sec.gov/Archives/edgar/data/1571996/000119312523180570/d475980d8k.htm
DELL,Dell Technologies Inc.,0001571996,8-K,2023-06-22,2023-06-20,0001571996-23-000021,dell-20230620.htm,https://www.sec.gov/Archives/edgar/data/1571996/000157199623000021/dell-20230620.htm
DELL,Dell Technologies Inc.,0001571996,8-K,2023-06-15,2023-06-15,0001193125-23-167472,d505540d8k.htm,https://www.sec.gov/Archives/edgar/data/1571996/000119312523167472/d505540d8k.htm
DELL,Dell Technologies Inc.,0001571996,10-Q,2023-06-12,2023-05-05,0001571996-23-000019,dell-20230505.htm,https://www.sec.gov/Archives/edgar/data/1571996/000157199623000019/dell-20230505.htm
DELL,Dell Technologies Inc.,0001571996,8-K,2023-06-01,2023-06-01,0001571996-23-000014,dell-20230601.htm,https://www.sec.gov/Archives/edgar/data/1571996/000157199623000014/dell-20230601.htm
DELL,Dell Technologies Inc.,0001571996,10-K,2023-03-30,2023-02-03,0001571996-23-000007,dell-20230203.htm,https://www.sec.gov/Archives/edgar/data/1571996/000157199623000007/dell-20230203.htm
DELL,Dell Technologies Inc.,0001571996,8-K,2023-03-02,2023-02-26,0001571996-23-000002,dell-20230226.htm,https://www.sec.gov/Archives/edgar/data/1571996/000157199623000002/dell-20230226.htm
DELL,Dell Technologies Inc.,0001571996,8-K,2023-02-06,2023-02-06,0001193125-23-024781,d459652d8k.htm,https://www.sec.gov/Archives/edgar/data/1571996/000119312523024781/d459652d8k.htm
DELL,Dell Technologies Inc.,0001571996,8-K,2023-01-24,2023-01-24,0001193125-23-014260,d453590d8k.htm,https://www.sec.gov/Archives/edgar/data/1571996/000119312523014260/d453590d8k.htm
DELL,Dell Technologies Inc.,0001571996,8-K,2023-01-11,2023-01-09,0001193125-23-006528,d449158d8k.htm,https://www.sec.gov/Archives/edgar/data/1571996/000119312523006528/d449158d8k.htm
INTC,INTEL CORP,0000050863,8-K,2026-08-12,2026-08-10,0001193125-26-346806,d117670d8k.htm,https://www.sec.gov/Archives/edgar/data/50863/000119312526346806/d117670d8k.htm
INTC,INTEL CORP,0000050863,10-Q,2026-07-24,2026-06-27,0000050863-26-000157,intc-20260627.htm,https://www.sec.gov/Archives/edgar/data/50863/000005086326000157/intc-20260627.htm
INTC,INTEL CORP,0000050863,8-K,2026-07-23,2026-07-23,0000050863-26-000155,intc-20260723.htm,https://www.sec.gov/Archives/edgar/data/50863/000005086326000155/intc-20260723.htm
INTC,INTEL CORP,0000050863,8-K,2026-05-15,2026-05-13,0000050863-26-000118,intc-20260513.htm,https://www.sec.gov/Archives/edgar/data/50863/000005086326000118/intc-20260513.htm
INTC,INTEL CORP,0000050863,8-K,2026-04-30,2026-04-30,0001193125-26-197845,d143782d8k.htm,https://www.sec.gov/Archives/edgar/data/50863/000119312526197845/d143782d8k.htm
INTC,INTEL CORP,0000050863,8-K,2026-04-24,2026-04-24,0000050863-26-000083,intc-20260424.htm,https://www.sec.gov/Archives/edgar/data/50863/000005086326000083/intc-20260424.htm
INTC,INTEL CORP,0000050863,10-Q,2026-04-24,2026-03-28,0000050863-26-000079,intc-20260328.htm,https://www.sec.gov/Archives/edgar/data/50863/000005086326000079/intc-20260328.htm
INTC,INTEL CORP,0000050863,8-K,2026-04-23,2026-04-23,0000050863-26-000077,intc-20260423.htm,https://www.sec.gov/Archives/edgar/data/50863/000005086326000077/intc-20260423.htm
INTC,INTEL CORP,0000050863,8-K,2026-04-08,2026-04-08,0000050863-26-000072,intc-20260408.htm,https://www.sec.gov/Archives/edgar/data/50863/000005086326000072/intc-20260408.htm
INTC,INTEL CORP,0000050863,8-K,2026-04-03,2026-03-30,0000050863-26-000069,intc-20260330.htm,https://www.sec.gov/Archives/edgar/data/50863/000005086326000069/intc-20260330.htm
INTC,INTEL CORP,0000050863,8-K,2026-03-03,2026-02-27,0000050863-26-000044,intc-20260227.htm,https://www.sec.gov/Archives/edgar/data/50863/000005086326000044/intc-20260227.htm
INTC,INTEL CORP,0000050863,8-K,2026-01-23,2026-01-23,0000050863-26-000031,intc-20260123.htm,https://www.sec.gov/Archives/edgar/data/50863/000005086326000031/intc-20260123.htm
INTC,INTEL CORP,0000050863,10-K,2026-01-23,2025-12-27,0000050863-26-000011,intc-20251227.htm,https://www.sec.gov/Archives/edgar/data/50863/000005086326000011/intc-20251227.htm
INTC,INTEL CORP,0000050863,8-K,2026-01-22,2026-01-22,0000050863-26-000009,intc-20260122.htm,https://www.sec.gov/Archives/edgar/data/50863/000005086326000009/intc-20260122.htm
INTC,INTEL CORP,0000050863,8-K,2025-12-29,2025-12-26,0000050863-25-000204,intc-20251226.htm,https://www.sec.gov/Archives/edgar/data/50863/000005086325000204/intc-20251226.htm
INTC,INTEL CORP,0000050863,8-K,2025-11-12,2025-11-10,0000050863-25-000194,intc-20251110.htm,https://www.sec.gov/Archives/edgar/data/50863/000005086325000194/intc-20251110.htm
INTC,INTEL CORP,0000050863,10-Q,2025-11-06,2025-09-27,0000050863-25-000179,intc-20250927.htm,https://www.sec.gov/Archives/edgar/data/50863/000005086325000179/intc-20250927.htm
INTC,INTEL CORP,0000050863,8-K,2025-10-23,2025-10-23,0000050863-25-000169,intc-20251023.htm,https://www.sec.gov/Archives/edgar/data/50863/000005086325000169/intc-20251023.htm
INTC,INTEL CORP,0000050863,8-K,2025-09-29,2025-09-26,0000050863-25-000159,intc-20250926.htm,https://www.sec.gov/Archives/edgar/data/50863/000005086325000159/intc-20250926.htm
INTC,INTEL CORP,0000050863,8-K,2025-09-18,2025-09-15,0000050863-25-000155,intc-20250915.htm,https://www.sec.gov/Archives/edgar/data/50863/000005086325000155/intc-20250915.htm
INTC,INTEL CORP,0000050863,8-K,2025-09-15,2025-09-12,0000050863-25-000153,intc-20250912.htm,https://www.sec.gov/Archives/edgar/data/50863/000005086325000153/intc-20250912.htm
INTC,INTEL CORP,0000050863,8-K,2025-09-08,2025-09-07,0000050863-25-000149,intc-20250907.htm,https://www.sec.gov/Archives/edgar/data/50863/000005086325000149/intc-20250907.htm
INTC,INTEL CORP,0000050863,8-K,2025-09-05,2025-09-05,0000050863-25-000147,intc-20250905.htm,https://www.sec.gov/Archives/edgar/data/50863/000005086325000147/intc-20250905.htm
INTC,INTEL CORP,0000050863,8-K,2025-08-29,2025-08-27,0000050863-25-000135,intc-20250827.htm,https://www.sec.gov/Archives/edgar/data/50863/000005086325000135/intc-20250827.htm
INTC,INTEL CORP,0000050863,8-K,2025-08-25,2025-08-22,0000050863-25-000129,intc-20250822.htm,https://www.sec.gov/Archives/edgar/data/50863/000005086325000129/intc-20250822.htm
INTC,INTEL CORP,0000050863,8-K,2025-08-21,2025-08-18,0000050863-25-000126,intc-20250818.htm,https://www.sec.gov/Archives/edgar/data/50863/000005086325000126/intc-20250818.htm
INTC,INTEL CORP,0000050863,8-K,2025-08-14,2025-04-11,0000050863-25-000123,intc-20250411.htm,https://www.sec.gov/Archives/edgar/data/50863/000005086325000123/intc-20250411.htm
INTC,INTEL CORP,0000050863,10-Q,2025-07-24,2025-06-28,0000050863-25-000109,intc-20250628.htm,https://www.sec.gov/Archives/edgar/data/50863/000005086325000109/intc-20250628.htm
INTC,INTEL CORP,0000050863,8-K,2025-07-24,2025-07-24,0000050863-25-000107,intc-20250724.htm,https://www.sec.gov/Archives/edgar/data/50863/000005086325000107/intc-20250724.htm
INTC,INTEL CORP,0000050863,8-K,2025-05-09,2025-05-06,0000050863-25-000084,intc-20250506.htm,https://www.sec.gov/Archives/edgar/data/50863/000005086325000084/intc-20250506.htm
INTC,INTEL CORP,0000050863,8-K,2025-04-30,2025-04-28,0000050863-25-000079,intc-20250428.htm,https://www.sec.gov/Archives/edgar/data/50863/000005086325000079/intc-20250428.htm
INTC,INTEL CORP,0000050863,10-Q,2025-04-25,2025-03-29,0000050863-25-000074,intc-20250329.htm,https://www.sec.gov/Archives/edgar/data/50863/000005086325000074/intc-20250329.htm
INTC,INTEL CORP,0000050863,8-K,2025-04-24,2025-04-24,0000050863-25-000070,intc-20250424.htm,https://www.sec.gov/Archives/edgar/data/50863/000005086325000070/intc-20250424.htm
INTC,INTEL CORP,0000050863,8-K,2025-04-17,2025-04-14,0000050863-25-000063,intc-20250414.htm,https://www.sec.gov/Archives/edgar/data/50863/000005086325000063/intc-20250414.htm
INTC,INTEL CORP,0000050863,8-K,2025-04-14,2025-04-14,0001193125-25-079727,d901587d8k.htm,https://www.sec.gov/Archives/edgar/data/50863/000119312525079727/d901587d8k.htm
INTC,INTEL CORP,0000050863,8-K,2025-03-28,2025-03-27,0000050863-25-000060,intc-20250327.htm,https://www.sec.gov/Archives/edgar/data/50863/000005086325000060/intc-20250327.htm
INTC,INTEL CORP,0000050863,8-K,2025-03-14,2025-03-10,0000050863-25-000036,intc-20250310.htm,https://www.sec.gov/Archives/edgar/data/50863/000005086325000036/intc-20250310.htm
INTC,INTEL CORP,0000050863,8-K,2025-02-28,2025-02-28,0000050863-25-000024,intc-20250228.htm,https://www.sec.gov/Archives/edgar/data/50863/000005086325000024/intc-20250228.htm
INTC,INTEL CORP,0000050863,10-K,2025-01-31,2024-12-28,0000050863-25-000009,intc-20241228.htm,https://www.sec.gov/Archives/edgar/data/50863/000005086325000009/intc-20241228.htm
INTC,INTEL CORP,0000050863,8-K,2025-01-30,2025-01-30,0000050863-25-000004,intc-20250130.htm,https://www.sec.gov/Archives/edgar/data/50863/000005086325000004/intc-20250130.htm
INTC,INTEL CORP,0000050863,8-K,2024-12-05,2024-12-04,0000050863-24-000180,intc-20241204.htm,https://www.sec.gov/Archives/edgar/data/50863/000005086324000180/intc-20241204.htm
INTC,INTEL CORP,0000050863,8-K,2024-12-03,2024-12-01,0000050863-24-000173,intc-20241201.htm,https://www.sec.gov/Archives/edgar/data/50863/000005086324000173/intc-20241201.htm
INTC,INTEL CORP,0000050863,8-K,2024-11-27,2024-11-25,0000050863-24-000169,intc-20241125.htm,https://www.sec.gov/Archives/edgar/data/50863/000005086324000169/intc-20241125.htm
INTC,INTEL CORP,0000050863,10-Q,2024-11-01,2024-09-28,0000050863-24-000149,intc-20240928.htm,https://www.sec.gov/Archives/edgar/data/50863/000005086324000149/intc-20240928.htm
INTC,INTEL CORP,0000050863,8-K,2024-10-31,2024-10-28,0000050863-24-000147,intc-20241028.htm,https://www.sec.gov/Archives/edgar/data/50863/000005086324000147/intc-20241028.htm
INTC,INTEL CORP,0000050863,8-K,2024-08-22,2024-08-19,0000050863-24-000134,intc-20240819.htm,https://www.sec.gov/Archives/edgar/data/50863/000005086324000134/intc-20240819.htm
INTC,INTEL CORP,0000050863,10-Q,2024-08-02,2024-06-29,0000050863-24-000124,intc-20240629.htm,https://www.sec.gov/Archives/edgar/data/50863/000005086324000124/intc-20240629.htm
INTC,INTEL CORP,0000050863,8-K,2024-08-01,2024-08-01,0000050863-24-000122,intc-20240801.htm,https://www.sec.gov/Archives/edgar/data/50863/000005086324000122/intc-20240801.htm
INTC,INTEL CORP,0000050863,8-K,2024-06-14,2024-06-12,0000050863-24-000110,intc-20240612.htm,https://www.sec.gov/Archives/edgar/data/50863/000005086324000110/intc-20240612.htm
INTC,INTEL CORP,0000050863,8-K,2024-06-04,2024-06-04,0000050863-24-000103,intc-20240604.htm,https://www.sec.gov/Archives/edgar/data/50863/000005086324000103/intc-20240604.htm
INTC,INTEL CORP,0000050863,8-K,2024-05-09,2024-05-07,0000050863-24-000093,intc-20240507.htm,https://www.sec.gov/Archives/edgar/data/50863/000005086324000093/intc-20240507.htm
INTC,INTEL CORP,0000050863,8-K,2024-05-08,2024-05-08,0000050863-24-000086,intc-20240508.htm,https://www.sec.gov/Archives/edgar/data/50863/000005086324000086/intc-20240508.htm
INTC,INTEL CORP,0000050863,10-Q,2024-04-26,2024-03-30,0000050863-24-000076,intc-20240330.htm,https://www.sec.gov/Archives/edgar/data/50863/000005086324000076/intc-20240330.htm
INTC,INTEL CORP,0000050863,8-K,2024-04-25,2024-04-25,0000050863-24-000074,intc-20240425.htm,https://www.sec.gov/Archives/edgar/data/50863/000005086324000074/intc-20240425.htm
INTC,INTEL CORP,0000050863,8-K,2024-04-02,2024-04-02,0000050863-24-000068,intc-20240402.htm,https://www.sec.gov/Archives/edgar/data/50863/000005086324000068/intc-20240402.htm
INTC,INTEL CORP,0000050863,8-K,2024-03-13,2024-03-12,0000050863-24-000036,intc-20240312.htm,https://www.sec.gov/Archives/edgar/data/50863/000005086324000036/intc-20240312.htm
INTC,INTEL CORP,0000050863,8-K,2024-02-21,2024-02-15,0001193125-24-041435,d734995d8k.htm,https://www.sec.gov/Archives/edgar/data/50863/000119312524041435/d734995d8k.htm
INTC,INTEL CORP,0000050863,8-K,2024-02-16,2024-02-15,0000050863-24-000033,intc-20240215.htm,https://www.sec.gov/Archives/edgar/data/50863/000005086324000033/intc-20240215.htm
INTC,INTEL CORP,0000050863,10-K,2024-01-26,2023-12-30,0000050863-24-000010,intc-20231230.htm,https://www.sec.gov/Archives/edgar/data/50863/000005086324000010/intc-20231230.htm
INTC,INTEL CORP,0000050863,8-K,2024-01-25,2024-01-25,0000050863-24-000008,intc-20240125.htm,https://www.sec.gov/Archives/edgar/data/50863/000005086324000008/intc-20240125.htm
INTC,INTEL CORP,0000050863,8-K,2024-01-03,2023-12-29,0000050863-24-000003,intc-20231229.htm,https://www.sec.gov/Archives/edgar/data/50863/000005086324000003/intc-20231229.htm
INTC,INTEL CORP,0000050863,8-K,2023-12-05,2023-11-29,0000050863-23-000128,intc-20231129.htm,https://www.sec.gov/Archives/edgar/data/50863/000005086323000128/intc-20231129.htm
INTC,INTEL CORP,0000050863,8-K,2023-10-30,2023-10-30,0000050863-23-000109,intc-20231030.htm,https://www.sec.gov/Archives/edgar/data/50863/000005086323000109/intc-20231030.htm
INTC,INTEL CORP,0000050863,10-Q,2023-10-27,2023-09-30,0000050863-23-000103,intc-20230930.htm,https://www.sec.gov/Archives/edgar/data/50863/000005086323000103/intc-20230930.htm
INTC,INTEL CORP,0000050863,8-K,2023-10-26,2023-10-26,0000050863-23-000100,intc-20231026.htm,https://www.sec.gov/Archives/edgar/data/50863/000005086323000100/intc-20231026.htm
INTC,INTEL CORP,0000050863,8-K,2023-10-05,2023-10-02,0000050863-23-000092,intc-20231002.htm,https://www.sec.gov/Archives/edgar/data/50863/000005086323000092/intc-20231002.htm
INTC,INTEL CORP,0000050863,8-K,2023-08-16,2023-08-16,0000050863-23-000078,intc-20230816.htm,https://www.sec.gov/Archives/edgar/data/50863/000005086323000078/intc-20230816.htm
INTC,INTEL CORP,0000050863,10-Q,2023-07-28,2023-07-01,0000050863-23-000069,intc-20230701.htm,https://www.sec.gov/Archives/edgar/data/50863/000005086323000069/intc-20230701.htm
INTC,INTEL CORP,0000050863,8-K,2023-07-27,2023-07-27,0000050863-23-000068,intc-20230727.htm,https://www.sec.gov/Archives/edgar/data/50863/000005086323000068/intc-20230727.htm
INTC,INTEL CORP,0000050863,8-K,2023-05-17,2023-05-11,0000050863-23-000057,intc-20230511.htm,https://www.sec.gov/Archives/edgar/data/50863/000005086323000057/intc-20230511.htm
INTC,INTEL CORP,0000050863,10-Q,2023-04-28,2023-04-01,0000050863-23-000028,intc-20230401.htm,https://www.sec.gov/Archives/edgar/data/50863/000005086323000028/intc-20230401.htm
INTC,INTEL CORP,0000050863,8-K,2023-04-27,2023-04-27,0000050863-23-000027,intc-20230427.htm,https://www.sec.gov/Archives/edgar/data/50863/000005086323000027/intc-20230427.htm
INTC,INTEL CORP,0000050863,8-K,2023-02-10,2023-02-07,0001193125-23-032608,d460734d8k.htm,https://www.sec.gov/Archives/edgar/data/50863/000119312523032608/d460734d8k.htm
INTC,INTEL CORP,0000050863,10-K,2023-01-27,2022-12-31,0000050863-23-000006,intc-20221231.htm,https://www.sec.gov/Archives/edgar/data/50863/000005086323000006/intc-20221231.htm
INTC,INTEL CORP,0000050863,8-K,2023-01-26,2023-01-26,0000050863-23-000005,intc-20230126.htm,https://www.sec.gov/Archives/edgar/data/50863/000005086323000005/intc-20230126.htm
MU,MICRON TECHNOLOGY INC,0000723125,8-K,2026-08-26,2026-08-24,0001104659-26-101067,tm2624017d1_8k.htm,https://www.sec.gov/Archives/edgar/data/723125/000110465926101067/tm2624017d1_8k.htm
MU,MICRON TECHNOLOGY INC,0000723125,10-Q,2026-06-25,2026-05-28,0000723125-26-000015,mu-20260528.htm,https://www.sec.gov/Archives/edgar/data/723125/000072312526000015/mu-20260528.htm
MU,MICRON TECHNOLOGY INC,0000723125,8-K,2026-06-24,2026-06-24,0000723125-26-000013,mu-20260624.htm,https://www.sec.gov/Archives/edgar/data/723125/000072312526000013/mu-20260624.htm
MU,MICRON TECHNOLOGY INC,0000723125,8-K,2026-06-09,2026-06-09,0001104659-26-071845,tm2617112d1_8k.htm,https://www.sec.gov/Archives/edgar/data/723125/000110465926071845/tm2617112d1_8k.htm
MU,MICRON TECHNOLOGY INC,0000723125,8-K,2026-04-01,2026-03-31,0001104659-26-038249,tm2610810d1_8k.htm,https://www.sec.gov/Archives/edgar/data/723125/000110465926038249/tm2610810d1_8k.htm
MU,MICRON TECHNOLOGY INC,0000723125,8-K,2026-03-25,2026-03-25,0001104659-26-034174,tm269755d1_8k.htm,https://www.sec.gov/Archives/edgar/data/723125/000110465926034174/tm269755d1_8k.htm
MU,MICRON TECHNOLOGY INC,0000723125,10-Q,2026-03-19,2026-02-26,0000723125-26-000006,mu-20260226.htm,https://www.sec.gov/Archives/edgar/data/723125/000072312526000006/mu-20260226.htm
MU,MICRON TECHNOLOGY INC,0000723125,8-K,2026-03-18,2026-03-18,0000723125-26-000004,mu-20260318.htm,https://www.sec.gov/Archives/edgar/data/723125/000072312526000004/mu-20260318.htm
MU,MICRON TECHNOLOGY INC,0000723125,8-K,2026-01-21,2026-01-15,0001104659-26-005366,tm263707d1_8k.htm,https://www.sec.gov/Archives/edgar/data/723125/000110465926005366/tm263707d1_8k.htm
MU,MICRON TECHNOLOGY INC,0000723125,10-Q,2025-12-18,2025-11-27,0000723125-25-000046,mu-20251127.htm,https://www.sec.gov/Archives/edgar/data/723125/000072312525000046/mu-20251127.htm
MU,MICRON TECHNOLOGY INC,0000723125,8-K,2025-12-17,2025-12-17,0000723125-25-000044,mu-20251217.htm,https://www.sec.gov/Archives/edgar/data/723125/000072312525000044/mu-20251217.htm
MU,MICRON TECHNOLOGY INC,0000723125,8-K,2025-10-21,2025-10-15,0001104659-25-101237,tm2529116d1_8k.htm,https://www.sec.gov/Archives/edgar/data/723125/000110465925101237/tm2529116d1_8k.htm
MU,MICRON TECHNOLOGY INC,0000723125,10-K,2025-10-03,2025-08-28,0000723125-25-000028,mu-20250828.htm,https://www.sec.gov/Archives/edgar/data/723125/000072312525000028/mu-20250828.htm
MU,MICRON TECHNOLOGY INC,0000723125,8-K,2025-09-23,2025-09-23,0000723125-25-000024,mu-20250923.htm,https://www.sec.gov/Archives/edgar/data/723125/000072312525000024/mu-20250923.htm
MU,MICRON TECHNOLOGY INC,0000723125,8-K,2025-08-11,2025-08-11,0001104659-25-075940,tm2522933d1_8k.htm,https://www.sec.gov/Archives/edgar/data/723125/000110465925075940/tm2522933d1_8k.htm
MU,MICRON TECHNOLOGY INC,0000723125,8-K,2025-07-18,2025-07-17,0001104659-25-069019,tm2521153d1_8k.htm,https://www.sec.gov/Archives/edgar/data/723125/000110465925069019/tm2521153d1_8k.htm
MU,MICRON TECHNOLOGY INC,0000723125,10-Q,2025-06-26,2025-05-29,0000723125-25-000021,mu-20250529.htm,https://www.sec.gov/Archives/edgar/data/723125/000072312525000021/mu-20250529.htm
MU,MICRON TECHNOLOGY INC,0000723125,8-K,2025-06-25,2025-06-25,0000723125-25-000019,mu-20250625.htm,https://www.sec.gov/Archives/edgar/data/723125/000072312525000019/mu-20250625.htm
MU,MICRON TECHNOLOGY INC,0000723125,8-K,2025-06-12,2025-06-11,0001104659-25-058741,tm2517778d1_8k.htm,https://www.sec.gov/Archives/edgar/data/723125/000110465925058741/tm2517778d1_8k.htm
MU,MICRON TECHNOLOGY INC,0000723125,8-K,2025-04-29,2025-04-24,0001104659-25-041201,tm2513434d1_8k.htm,https://www.sec.gov/Archives/edgar/data/723125/000110465925041201/tm2513434d1_8k.htm
MU,MICRON TECHNOLOGY INC,0000723125,10-Q,2025-03-21,2025-02-27,0000723125-25-000009,mu-20250227.htm,https://www.sec.gov/Archives/edgar/data/723125/000072312525000009/mu-20250227.htm
MU,MICRON TECHNOLOGY INC,0000723125,8-K,2025-03-20,2025-03-20,0000723125-25-000006,mu-20250320.htm,https://www.sec.gov/Archives/edgar/data/723125/000072312525000006/mu-20250320.htm
MU,MICRON TECHNOLOGY INC,0000723125,8-K,2025-03-12,2025-03-12,0001104659-25-022973,tm258936d1_8k.htm,https://www.sec.gov/Archives/edgar/data/723125/000110465925022973/tm258936d1_8k.htm
MU,MICRON TECHNOLOGY INC,0000723125,8-K,2025-03-05,2025-03-05,0001104659-25-020878,tm258327d1_8k.htm,https://www.sec.gov/Archives/edgar/data/723125/000110465925020878/tm258327d1_8k.htm
MU,MICRON TECHNOLOGY INC,0000723125,8-K,2025-01-21,2025-01-16,0001104659-25-004879,tm253757d1_8k.htm,https://www.sec.gov/Archives/edgar/data/723125/000110465925004879/tm253757d1_8k.htm
MU,MICRON TECHNOLOGY INC,0000723125,8-K,2025-01-16,2025-01-13,0001104659-25-004100,tm2425615d5_8k.htm,https://www.sec.gov/Archives/edgar/data/723125/000110465925004100/tm2425615d5_8k.htm
MU,MICRON TECHNOLOGY INC,0000723125,10-Q,2024-12-19,2024-11-28,0000723125-24-000047,mu-20241128.htm,https://www.sec.gov/Archives/edgar/data/723125/000072312524000047/mu-20241128.htm
MU,MICRON TECHNOLOGY INC,0000723125,8-K,2024-12-18,2024-12-18,0000723125-24-000046,mu-20241218.htm,https://www.sec.gov/Archives/edgar/data/723125/000072312524000046/mu-20241218.htm
MU,MICRON TECHNOLOGY INC,0000723125,8-K,2024-12-10,2024-12-09,0001104659-24-127174,tm2430615d1_8k.htm,https://www.sec.gov/Archives/edgar/data/723125/000110465924127174/tm2430615d1_8k.htm
MU,MICRON TECHNOLOGY INC,0000723125,8-K,2024-10-30,2024-10-25,0001104659-24-112626,tm2425615d2_8k.htm,https://www.sec.gov/Archives/edgar/data/723125/000110465924112626/tm2425615d2_8k.htm
MU,MICRON TECHNOLOGY INC,0000723125,10-K,2024-10-04,2024-08-29,0000723125-24-000027,mu-20240829.htm,https://www.sec.gov/Archives/edgar/data/723125/000072312524000027/mu-20240829.htm
MU,MICRON TECHNOLOGY INC,0000723125,8-K,2024-09-25,2024-09-25,0000723125-24-000023,mu-20240925.htm,https://www.sec.gov/Archives/edgar/data/723125/000072312524000023/mu-20240925.htm
MU,MICRON TECHNOLOGY INC,0000723125,8-K,2024-08-07,2024-08-07,0001104659-24-086571,tm2420905d1_8k.htm,https://www.sec.gov/Archives/edgar/data/723125/000110465924086571/tm2420905d1_8k.htm
MU,MICRON TECHNOLOGY INC,0000723125,8-K,2024-07-19,2024-07-18,0001104659-24-081160,tm2419510d1_8k.htm,https://www.sec.gov/Archives/edgar/data/723125/000110465924081160/tm2419510d1_8k.htm
MU,MICRON TECHNOLOGY INC,0000723125,10-Q,2024-06-27,2024-05-30,0000723125-24-000019,mu-20240530.htm,https://www.sec.gov/Archives/edgar/data/723125/000072312524000019/mu-20240530.htm
MU,MICRON TECHNOLOGY INC,0000723125,8-K,2024-06-26,2024-06-26,0000723125-24-000016,mu-20240626.htm,https://www.sec.gov/Archives/edgar/data/723125/000072312524000016/mu-20240626.htm
MU,MICRON TECHNOLOGY INC,0000723125,8-K,2024-04-19,2024-04-17,0001104659-24-049030,tm2412269d1_8k.htm,https://www.sec.gov/Archives/edgar/data/723125/000110465924049030/tm2412269d1_8k.htm
MU,MICRON TECHNOLOGY INC,0000723125,8-K,2024-04-11,2024-04-10,0001104659-24-045952,tm2411566d1_8k.htm,https://www.sec.gov/Archives/edgar/data/723125/000110465924045952/tm2411566d1_8k.htm
MU,MICRON TECHNOLOGY INC,0000723125,10-Q,2024-03-21,2024-02-29,0000723125-24-000007,mu-20240229.htm,https://www.sec.gov/Archives/edgar/data/723125/000072312524000007/mu-20240229.htm
MU,MICRON TECHNOLOGY INC,0000723125,8-K,2024-03-20,2024-03-20,0000723125-24-000004,mu-20240320.htm,https://www.sec.gov/Archives/edgar/data/723125/000072312524000004/mu-20240320.htm
MU,MICRON TECHNOLOGY INC,0000723125,8-K,2024-03-11,2024-03-11,0001104659-24-033011,tm248305d1_8k.htm,https://www.sec.gov/Archives/edgar/data/723125/000110465924033011/tm248305d1_8k.htm
MU,MICRON TECHNOLOGY INC,0000723125,8-K,2024-01-19,2024-01-18,0001104659-24-005219,tm243636d1_8k.htm,https://www.sec.gov/Archives/edgar/data/723125/000110465924005219/tm243636d1_8k.htm
MU,MICRON TECHNOLOGY INC,0000723125,8-K,2024-01-12,2024-01-12,0001104659-24-003666,tm243238d1_8k.htm,https://www.sec.gov/Archives/edgar/data/723125/000110465924003666/tm243238d1_8k.htm
MU,MICRON TECHNOLOGY INC,0000723125,10-Q,2023-12-21,2023-11-30,0000723125-23-000077,mu-20231130.htm,https://www.sec.gov/Archives/edgar/data/723125/000072312523000077/mu-20231130.htm
MU,MICRON TECHNOLOGY INC,0000723125,8-K,2023-12-20,2023-12-20,0000723125-23-000071,mu-20231220.htm,https://www.sec.gov/Archives/edgar/data/723125/000072312523000071/mu-20231220.htm
MU,MICRON TECHNOLOGY INC,0000723125,8-K,2023-11-28,2023-11-28,0001104659-23-121460,tm2331627d1_8k.htm,https://www.sec.gov/Archives/edgar/data/723125/000110465923121460/tm2331627d1_8k.htm
MU,MICRON TECHNOLOGY INC,0000723125,10-K,2023-10-06,2023-08-31,0000723125-23-000054,mu-20230831.htm,https://www.sec.gov/Archives/edgar/data/723125/000072312523000054/mu-20230831.htm
MU,MICRON TECHNOLOGY INC,0000723125,8-K,2023-09-27,2023-09-27,0000723125-23-000051,mu-20230927.htm,https://www.sec.gov/Archives/edgar/data/723125/000072312523000051/mu-20230927.htm
MU,MICRON TECHNOLOGY INC,0000723125,8-K,2023-08-21,2023-08-21,0000723125-23-000048,mu-20230821.htm,https://www.sec.gov/Archives/edgar/data/723125/000072312523000048/mu-20230821.htm
MU,MICRON TECHNOLOGY INC,0000723125,10-Q,2023-06-29,2023-06-01,0000723125-23-000041,mu-20230601.htm,https://www.sec.gov/Archives/edgar/data/723125/000072312523000041/mu-20230601.htm
MU,MICRON TECHNOLOGY INC,0000723125,8-K,2023-06-28,2023-06-28,0000723125-23-000038,mu-20230628.htm,https://www.sec.gov/Archives/edgar/data/723125/000072312523000038/mu-20230628.htm
MU,MICRON TECHNOLOGY INC,0000723125,8-K,2023-06-16,2023-06-16,0000723125-23-000034,mu-20230616.htm,https://www.sec.gov/Archives/edgar/data/723125/000072312523000034/mu-20230616.htm
MU,MICRON TECHNOLOGY INC,0000723125,8-K,2023-05-22,2023-05-22,0000723125-23-000028,mu-20230522.htm,https://www.sec.gov/Archives/edgar/data/723125/000072312523000028/mu-20230522.htm
MU,MICRON TECHNOLOGY INC,0000723125,8-K,2023-04-11,2023-04-11,0000723125-23-000026,mu-20230411.htm,https://www.sec.gov/Archives/edgar/data/723125/000072312523000026/mu-20230411.htm
MU,MICRON TECHNOLOGY INC,0000723125,10-Q,2023-03-29,2023-03-02,0000723125-23-000022,mu-20230302.htm,https://www.sec.gov/Archives/edgar/data/723125/000072312523000022/mu-20230302.htm
MU,MICRON TECHNOLOGY INC,0000723125,8-K,2023-03-28,2023-03-28,0000723125-23-000018,mu-20230328.htm,https://www.sec.gov/Archives/edgar/data/723125/000072312523000018/mu-20230328.htm
MU,MICRON TECHNOLOGY INC,0000723125,8-K,2023-02-09,2023-02-09,0000723125-23-000014,mu-20230209.htm,https://www.sec.gov/Archives/edgar/data/723125/000072312523000014/mu-20230209.htm
MU,MICRON TECHNOLOGY INC,0000723125,8-K,2023-02-09,2023-02-05,0000723125-23-000011,mu-20230205.htm,https://www.sec.gov/Archives/edgar/data/723125/000072312523000011/mu-20230205.htm
MU,MICRON TECHNOLOGY INC,0000723125,8-K,2023-01-13,2023-01-12,0000723125-23-000007,mu-20230112.htm,https://www.sec.gov/Archives/edgar/data/723125/000072312523000007/mu-20230112.htm
MU,MICRON TECHNOLOGY INC,0000723125,8-K,2023-01-05,2023-01-05,0000723125-23-000004,mu-20230105.htm,https://www.sec.gov/Archives/edgar/data/723125/000072312523000004/mu-20230105.htm
NVDA,NVIDIA CORP,0001045810,8-K,2026-09-03,2026-09-02,0001045810-26-000078,nvda-20260902.htm,https://www.sec.gov/Archives/edgar/data/1045810/000104581026000078/nvda-20260902.htm
NVDA,NVIDIA CORP,0001045810,10-Q,2026-08-26,2026-07-26,0001045810-26-000075,nvda-20260726.htm,https://www.sec.gov/Archives/edgar/data/1045810/000104581026000075/nvda-20260726.htm
NVDA,NVIDIA CORP,0001045810,8-K,2026-08-26,2026-08-26,0001045810-26-000073,nvda-20260826.htm,https://www.sec.gov/Archives/edgar/data/1045810/000104581026000073/nvda-20260826.htm
NVDA,NVIDIA CORP,0001045810,8-K,2026-08-17,2026-08-17,0001045810-26-000069,nvda-20260817.htm,https://www.sec.gov/Archives/edgar/data/1045810/000104581026000069/nvda-20260817.htm
NVDA,NVIDIA CORP,0001045810,8-K,2026-07-02,2026-06-28,0001045810-26-000060,nvda-20260628.htm,https://www.sec.gov/Archives/edgar/data/1045810/000104581026000060/nvda-20260628.htm
NVDA,NVIDIA CORP,0001045810,8-K,2026-06-30,2026-06-24,0001045810-26-000056,nvda-20260624.htm,https://www.sec.gov/Archives/edgar/data/1045810/000104581026000056/nvda-20260624.htm
NVDA,NVIDIA CORP,0001045810,8-K,2026-06-18,2026-06-15,0001193125-26-275783,d48176d8k.htm,https://www.sec.gov/Archives/edgar/data/1045810/000119312526275783/d48176d8k.htm
NVDA,NVIDIA CORP,0001045810,10-Q,2026-05-20,2026-04-26,0001045810-26-000052,nvda-20260426.htm,https://www.sec.gov/Archives/edgar/data/1045810/000104581026000052/nvda-20260426.htm
NVDA,NVIDIA CORP,0001045810,8-K,2026-05-20,2026-05-20,0001045810-26-000051,nvda-20260520.htm,https://www.sec.gov/Archives/edgar/data/1045810/000104581026000051/nvda-20260520.htm
NVDA,NVIDIA CORP,0001045810,8-K,2026-05-08,2026-05-07,0001045810-26-000028,nvda-20260507.htm,https://www.sec.gov/Archives/edgar/data/1045810/000104581026000028/nvda-20260507.htm
NVDA,NVIDIA CORP,0001045810,8-K,2026-04-27,2026-04-24,0001045810-26-000026,nvda-20260424.htm,https://www.sec.gov/Archives/edgar/data/1045810/000104581026000026/nvda-20260424.htm
NVDA,NVIDIA CORP,0001045810,8-K,2026-03-06,2026-03-02,0001045810-26-000024,nvda-20260302.htm,https://www.sec.gov/Archives/edgar/data/1045810/000104581026000024/nvda-20260302.htm
NVDA,NVIDIA CORP,0001045810,10-K,2026-02-25,2026-01-25,0001045810-26-000021,nvda-20260125.htm,https://www.sec.gov/Archives/edgar/data/1045810/000104581026000021/nvda-20260125.htm
NVDA,NVIDIA CORP,0001045810,8-K,2026-02-25,2026-02-25,0001045810-26-000019,nvda-20260225.htm,https://www.sec.gov/Archives/edgar/data/1045810/000104581026000019/nvda-20260225.htm
NVDA,NVIDIA CORP,0001045810,8-K,2026-01-23,2026-01-20,0001045810-26-000003,nvda-20260120.htm,https://www.sec.gov/Archives/edgar/data/1045810/000104581026000003/nvda-20260120.htm
NVDA,NVIDIA CORP,0001045810,10-Q,2025-11-19,2025-10-26,0001045810-25-000230,nvda-20251026.htm,https://www.sec.gov/Archives/edgar/data/1045810/000104581025000230/nvda-20251026.htm
NVDA,NVIDIA CORP,0001045810,8-K,2025-11-19,2025-11-19,0001045810-25-000228,nvda-20251119.htm,https://www.sec.gov/Archives/edgar/data/1045810/000104581025000228/nvda-20251119.htm
NVDA,NVIDIA CORP,0001045810,10-Q,2025-08-27,2025-07-27,0001045810-25-000209,nvda-20250727.htm,https://www.sec.gov/Archives/edgar/data/1045810/000104581025000209/nvda-20250727.htm
NVDA,NVIDIA CORP,0001045810,8-K,2025-08-27,2025-08-27,0001045810-25-000207,nvda-20250827.htm,https://www.sec.gov/Archives/edgar/data/1045810/000104581025000207/nvda-20250827.htm
NVDA,NVIDIA CORP,0001045810,8-K,2025-08-05,2025-07-31,0001045810-25-000197,nvda-20250731.htm,https://www.sec.gov/Archives/edgar/data/1045810/000104581025000197/nvda-20250731.htm
NVDA,NVIDIA CORP,0001045810,8-K,2025-07-01,2025-06-25,0001045810-25-000179,nvda-20250625.htm,https://www.sec.gov/Archives/edgar/data/1045810/000104581025000179/nvda-20250625.htm
NVDA,NVIDIA CORP,0001045810,10-Q,2025-05-28,2025-04-27,0001045810-25-000116,nvda-20250427.htm,https://www.sec.gov/Archives/edgar/data/1045810/000104581025000116/nvda-20250427.htm
NVDA,NVIDIA CORP,0001045810,8-K,2025-05-28,2025-05-28,0001045810-25-000115,nvda-20250528.htm,https://www.sec.gov/Archives/edgar/data/1045810/000104581025000115/nvda-20250528.htm
NVDA,NVIDIA CORP,0001045810,8-K,2025-04-15,2025-04-09,0001045810-25-000082,nvda-20250409.htm,https://www.sec.gov/Archives/edgar/data/1045810/000104581025000082/nvda-20250409.htm
NVDA,NVIDIA CORP,0001045810,8-K,2025-03-07,2025-03-03,0001045810-25-000039,nvda-20250303.htm,https://www.sec.gov/Archives/edgar/data/1045810/000104581025000039/nvda-20250303.htm
NVDA,NVIDIA CORP,0001045810,10-K,2025-02-26,2025-01-26,0001045810-25-000023,nvda-20250126.htm,https://www.sec.gov/Archives/edgar/data/1045810/000104581025000023/nvda-20250126.htm
NVDA,NVIDIA CORP,0001045810,8-K,2025-02-26,2025-02-26,0001045810-25-000021,nvda-20250226.htm,https://www.sec.gov/Archives/edgar/data/1045810/000104581025000021/nvda-20250226.htm
NVDA,NVIDIA CORP,0001045810,8-K,2025-01-17,2025-01-13,0001045810-25-000007,nvda-20250113.htm,https://www.sec.gov/Archives/edgar/data/1045810/000104581025000007/nvda-20250113.htm
NVDA,NVIDIA CORP,0001045810,10-Q,2024-11-20,2024-10-27,0001045810-24-000316,nvda-20241027.htm,https://www.sec.gov/Archives/edgar/data/1045810/000104581024000316/nvda-20241027.htm
NVDA,NVIDIA CORP,0001045810,8-K,2024-11-20,2024-11-20,0001045810-24-000315,nvda-20241120.htm,https://www.sec.gov/Archives/edgar/data/1045810/000104581024000315/nvda-20241120.htm
NVDA,NVIDIA CORP,0001045810,8-K,2024-11-07,2024-11-07,0001045810-24-000300,nvda-20241107.htm,https://www.sec.gov/Archives/edgar/data/1045810/000104581024000300/nvda-20241107.htm
NVDA,NVIDIA CORP,0001045810,10-Q,2024-08-28,2024-07-28,0001045810-24-000264,nvda-20240728.htm,https://www.sec.gov/Archives/edgar/data/1045810/000104581024000264/nvda-20240728.htm
NVDA,NVIDIA CORP,0001045810,8-K,2024-08-28,2024-08-28,0001045810-24-000262,nvda-20240828.htm,https://www.sec.gov/Archives/edgar/data/1045810/000104581024000262/nvda-20240828.htm
NVDA,NVIDIA CORP,0001045810,8-K,2024-07-02,2024-06-26,0001045810-24-000206,nvda-20240626.htm,https://www.sec.gov/Archives/edgar/data/1045810/000104581024000206/nvda-20240626.htm
NVDA,NVIDIA CORP,0001045810,8-K,2024-06-07,2024-06-07,0001045810-24-000144,nvda-20240607.htm,https://www.sec.gov/Archives/edgar/data/1045810/000104581024000144/nvda-20240607.htm
NVDA,NVIDIA CORP,0001045810,10-Q,2024-05-29,2024-04-28,0001045810-24-000124,nvda-20240428.htm,https://www.sec.gov/Archives/edgar/data/1045810/000104581024000124/nvda-20240428.htm
NVDA,NVIDIA CORP,0001045810,8-K,2024-05-22,2024-05-22,0001045810-24-000113,nvda-20240522.htm,https://www.sec.gov/Archives/edgar/data/1045810/000104581024000113/nvda-20240522.htm
NVDA,NVIDIA CORP,0001045810,8-K,2024-03-14,2024-03-08,0001045810-24-000069,nvda-20240308.htm,https://www.sec.gov/Archives/edgar/data/1045810/000104581024000069/nvda-20240308.htm
NVDA,NVIDIA CORP,0001045810,10-K,2024-02-21,2024-01-28,0001045810-24-000029,nvda-20240128.htm,https://www.sec.gov/Archives/edgar/data/1045810/000104581024000029/nvda-20240128.htm
NVDA,NVIDIA CORP,0001045810,8-K,2024-02-21,2024-02-21,0001045810-24-000028,nvda-20240221.htm,https://www.sec.gov/Archives/edgar/data/1045810/000104581024000028/nvda-20240221.htm
NVDA,NVIDIA CORP,0001045810,10-Q,2023-11-21,2023-10-29,0001045810-23-000227,nvda-20231029.htm,https://www.sec.gov/Archives/edgar/data/1045810/000104581023000227/nvda-20231029.htm
NVDA,NVIDIA CORP,0001045810,8-K,2023-11-21,2023-11-21,0001045810-23-000225,nvda-20231121.htm,https://www.sec.gov/Archives/edgar/data/1045810/000104581023000225/nvda-20231121.htm
NVDA,NVIDIA CORP,0001045810,8-K,2023-10-24,2023-10-23,0001045810-23-000221,nvda-20231023.htm,https://www.sec.gov/Archives/edgar/data/1045810/000104581023000221/nvda-20231023.htm
NVDA,NVIDIA CORP,0001045810,8-K,2023-10-17,2023-10-17,0001045810-23-000217,nvda-20231017.htm,https://www.sec.gov/Archives/edgar/data/1045810/000104581023000217/nvda-20231017.htm
NVDA,NVIDIA CORP,0001045810,10-Q,2023-08-28,2023-07-30,0001045810-23-000175,nvda-20230730.htm,https://www.sec.gov/Archives/edgar/data/1045810/000104581023000175/nvda-20230730.htm
NVDA,NVIDIA CORP,0001045810,8-K,2023-08-23,2023-08-23,0001045810-23-000171,nvda-20230823.htm,https://www.sec.gov/Archives/edgar/data/1045810/000104581023000171/nvda-20230823.htm
NVDA,NVIDIA CORP,0001045810,8-K,2023-07-24,2023-07-24,0001045810-23-000164,nvda-20230724.htm,https://www.sec.gov/Archives/edgar/data/1045810/000104581023000164/nvda-20230724.htm
NVDA,NVIDIA CORP,0001045810,8-K,2023-06-27,2023-06-22,0001045810-23-000146,nvda-20230622.htm,https://www.sec.gov/Archives/edgar/data/1045810/000104581023000146/nvda-20230622.htm
NVDA,NVIDIA CORP,0001045810,10-Q,2023-05-26,2023-04-30,0001045810-23-000093,nvda-20230430.htm,https://www.sec.gov/Archives/edgar/data/1045810/000104581023000093/nvda-20230430.htm
NVDA,NVIDIA CORP,0001045810,8-K,2023-05-24,2023-05-24,0001045810-23-000087,nvda-20230524.htm,https://www.sec.gov/Archives/edgar/data/1045810/000104581023000087/nvda-20230524.htm
NVDA,NVIDIA CORP,0001045810,8-K,2023-03-08,2023-03-02,0001045810-23-000039,nvda-20230302.htm,https://www.sec.gov/Archives/edgar/data/1045810/000104581023000039/nvda-20230302.htm
NVDA,NVIDIA CORP,0001045810,10-K,2023-02-24,2023-01-29,0001045810-23-000017,nvda-20230129.htm,https://www.sec.gov/Archives/edgar/data/1045810/000104581023000017/nvda-20230129.htm
NVDA,NVIDIA CORP,0001045810,8-K,2023-02-22,2023-02-22,0001045810-23-000014,nvda-20230222.htm,https://www.sec.gov/Archives/edgar/data/1045810/000104581023000014/nvda-20230222.htm
PG,PROCTER & GAMBLE Co,0000080424,10-K,2026-08-04,2026-06-30,0000080424-26-000103,pg-20260630.htm,https://www.sec.gov/Archives/edgar/data/80424/000008042426000103/pg-20260630.htm
PG,PROCTER & GAMBLE Co,0000080424,8-K,2026-07-29,2026-07-29,0000080424-26-000097,pg-20260729.htm,https://www.sec.gov/Archives/edgar/data/80424/000008042426000097/pg-20260729.htm
PG,PROCTER & GAMBLE Co,0000080424,8-K,2026-07-29,2026-07-29,0000080424-26-000094,pg-20260729.htm,https://www.sec.gov/Archives/edgar/data/80424/000008042426000094/pg-20260729.htm
PG,PROCTER & GAMBLE Co,0000080424,8-K,2026-07-29,2026-07-29,0000080424-26-000093,pg-20260729.htm,https://www.sec.gov/Archives/edgar/data/80424/000008042426000093/pg-20260729.htm
PG,PROCTER & GAMBLE Co,0000080424,8-K,2026-07-14,2026-07-14,0000080424-26-000082,pg-20260714.htm,https://www.sec.gov/Archives/edgar/data/80424/000008042426000082/pg-20260714.htm
PG,PROCTER & GAMBLE Co,0000080424,10-Q,2026-04-24,2026-03-31,0000080424-26-000060,pg-20260331.htm,https://www.sec.gov/Archives/edgar/data/80424/000008042426000060/pg-20260331.htm
PG,PROCTER & GAMBLE Co,0000080424,8-K,2026-04-24,2026-04-24,0000080424-26-000057,pg-20260424.htm,https://www.sec.gov/Archives/edgar/data/80424/000008042426000057/pg-20260424.htm
PG,PROCTER & GAMBLE Co,0000080424,8-K,2026-04-24,2026-04-24,0000080424-26-000056,pg-20260424.htm,https://www.sec.gov/Archives/edgar/data/80424/000008042426000056/pg-20260424.htm
PG,PROCTER & GAMBLE Co,0000080424,8-K,2026-04-14,2026-04-14,0000080424-26-000048,pg-20260414.htm,https://www.sec.gov/Archives/edgar/data/80424/000008042426000048/pg-20260414.htm
PG,PROCTER & GAMBLE Co,0000080424,10-Q,2026-01-23,2025-12-31,0000080424-26-000011,pg-20251231.htm,https://www.sec.gov/Archives/edgar/data/80424/000008042426000011/pg-20251231.htm
PG,PROCTER & GAMBLE Co,0000080424,8-K,2026-01-22,2026-01-22,0000080424-26-000009,pg-20260122.htm,https://www.sec.gov/Archives/edgar/data/80424/000008042426000009/pg-20260122.htm
PG,PROCTER & GAMBLE Co,0000080424,8-K,2026-01-22,2026-01-22,0000080424-26-000006,pg-20260122.htm,https://www.sec.gov/Archives/edgar/data/80424/000008042426000006/pg-20260122.htm
PG,PROCTER & GAMBLE Co,0000080424,8-K,2026-01-13,2026-01-13,0000080424-26-000002,pg-20260113.htm,https://www.sec.gov/Archives/edgar/data/80424/000008042426000002/pg-20260113.htm
PG,PROCTER & GAMBLE Co,0000080424,8-K,2025-12-15,2025-12-15,0000080424-25-000287,pg-20251215.htm,https://www.sec.gov/Archives/edgar/data/80424/000008042425000287/pg-20251215.htm
PG,PROCTER & GAMBLE Co,0000080424,8-K,2025-11-04,2025-11-04,0001193125-25-264728,d47629d8k.htm,https://www.sec.gov/Archives/edgar/data/80424/000119312525264728/d47629d8k.htm
PG,PROCTER & GAMBLE Co,0000080424,8-K,2025-11-03,2025-11-03,0001193125-25-262609,d35820d8k.htm,https://www.sec.gov/Archives/edgar/data/80424/000119312525262609/d35820d8k.htm
PG,PROCTER & GAMBLE Co,0000080424,10-Q,2025-10-24,2025-09-30,0000080424-25-000245,pg-20250930.htm,https://www.sec.gov/Archives/edgar/data/80424/000008042425000245/pg-20250930.htm
PG,PROCTER & GAMBLE Co,0000080424,8-K,2025-10-24,2025-10-24,0000080424-25-000243,pg-20251024.htm,https://www.sec.gov/Archives/edgar/data/80424/000008042425000243/pg-20251024.htm
PG,PROCTER & GAMBLE Co,0000080424,8-K,2025-10-24,2025-10-24,0000080424-25-000240,pg-20251024.htm,https://www.sec.gov/Archives/edgar/data/80424/000008042425000240/pg-20251024.htm
PG,PROCTER & GAMBLE Co,0000080424,8-K,2025-10-16,2025-10-16,0000080424-25-000235,pg-20251016.htm,https://www.sec.gov/Archives/edgar/data/80424/000008042425000235/pg-20251016.htm
PG,PROCTER & GAMBLE Co,0000080424,8-K,2025-10-14,2025-10-14,0000080424-25-000217,pg-20251014.htm,https://www.sec.gov/Archives/edgar/data/80424/000008042425000217/pg-20251014.htm
PG,PROCTER & GAMBLE Co,0000080424,8-K,2025-08-14,2025-08-14,0000080424-25-000111,pg-20250814.htm,https://www.sec.gov/Archives/edgar/data/80424/000008042425000111/pg-20250814.htm
PG,PROCTER & GAMBLE Co,0000080424,10-K,2025-08-04,2025-06-30,0000080424-25-000076,pg-20250630.htm,https://www.sec.gov/Archives/edgar/data/80424/000008042425000076/pg-20250630.htm
PG,PROCTER & GAMBLE Co,0000080424,8-K,2025-07-29,2025-07-29,0000080424-25-000069,pg-20250729.htm,https://www.sec.gov/Archives/edgar/data/80424/000008042425000069/pg-20250729.htm
PG,PROCTER & GAMBLE Co,0000080424,8-K,2025-07-29,2025-07-29,0000080424-25-000067,pg-20250729.htm,https://www.sec.gov/Archives/edgar/data/80424/000008042425000067/pg-20250729.htm
PG,PROCTER & GAMBLE Co,0000080424,8-K,2025-07-28,2025-07-28,0000080424-25-000061,ceotransition.htm,https://www.sec.gov/Archives/edgar/data/80424/000008042425000061/ceotransition.htm
PG,PROCTER & GAMBLE Co,0000080424,8-K,2025-07-08,2025-07-08,0000080424-25-000057,july2025dividend.htm,https://www.sec.gov/Archives/edgar/data/80424/000008042425000057/july2025dividend.htm
PG,PROCTER & GAMBLE Co,0000080424,8-K,2025-06-09,2025-06-09,0000080424-25-000052,arnoldannouncement.htm,https://www.sec.gov/Archives/edgar/data/80424/000008042425000052/arnoldannouncement.htm
PG,PROCTER & GAMBLE Co,0000080424,8-K,2025-06-05,2025-06-05,0000080424-25-000050,deutschebankpresentation.htm,https://www.sec.gov/Archives/edgar/data/80424/000008042425000050/deutschebankpresentation.htm
PG,PROCTER & GAMBLE Co,0000080424,8-K,2025-05-01,2025-05-01,0001193125-25-110040,d946236d8k.htm,https://www.sec.gov/Archives/edgar/data/80424/000119312525110040/d946236d8k.htm
PG,PROCTER & GAMBLE Co,0000080424,10-Q,2025-04-24,2025-03-31,0000080424-25-000037,pg-20250331.htm,https://www.sec.gov/Archives/edgar/data/80424/000008042425000037/pg-20250331.htm
PG,PROCTER & GAMBLE Co,0000080424,8-K,2025-04-24,2025-04-24,0000080424-25-000035,jfmq3fy25earningsslides.htm,https://www.sec.gov/Archives/edgar/data/80424/000008042425000035/jfmq3fy25earningsslides.htm
PG,PROCTER & GAMBLE Co,0000080424,8-K,2025-04-24,2025-04-24,0000080424-25-000032,pg-20250424.htm,https://www.sec.gov/Archives/edgar/data/80424/000008042425000032/pg-20250424.htm
PG,PROCTER & GAMBLE Co,0000080424,8-K,2025-04-08,2025-04-08,0000080424-25-000025,april2025dividend.htm,https://www.sec.gov/Archives/edgar/data/80424/000008042425000025/april2025dividend.htm
PG,PROCTER & GAMBLE Co,0000080424,10-Q,2025-01-22,2024-12-31,0000080424-25-000013,pg-20241231.htm,https://www.sec.gov/Archives/edgar/data/80424/000008042425000013/pg-20241231.htm
PG,PROCTER & GAMBLE Co,0000080424,8-K,2025-01-22,2025-01-22,0000080424-25-000011,ondq2fy25earningsslides.htm,https://www.sec.gov/Archives/edgar/data/80424/000008042425000011/ondq2fy25earningsslides.htm
PG,PROCTER & GAMBLE Co,0000080424,8-K,2025-01-22,2025-01-22,0000080424-25-000009,pg-20250122.htm,https://www.sec.gov/Archives/edgar/data/80424/000008042425000009/pg-20250122.htm
PG,PROCTER & GAMBLE Co,0000080424,8-K,2025-01-14,2025-01-14,0000080424-25-000003,january2025dividend.htm,https://www.sec.gov/Archives/edgar/data/80424/000008042425000003/january2025dividend.htm
PG,PROCTER & GAMBLE Co,0000080424,8-K,2024-10-24,2024-10-24,0001193125-24-242887,d849483d8k.htm,https://www.sec.gov/Archives/edgar/data/80424/000119312524242887/d849483d8k.htm
PG,PROCTER & GAMBLE Co,0000080424,10-Q,2024-10-18,2024-09-30,0000080424-24-000113,pg-20240930.htm,https://www.sec.gov/Archives/edgar/data/80424/000008042424000113/pg-20240930.htm
PG,PROCTER & GAMBLE Co,0000080424,8-K,2024-10-18,2024-10-18,0000080424-24-000110,jasq1fy25earningsslides.htm,https://www.sec.gov/Archives/edgar/data/80424/000008042424000110/jasq1fy25earningsslides.htm
PG,PROCTER & GAMBLE Co,0000080424,8-K,2024-10-18,2024-10-18,0000080424-24-000108,pg-20241018.htm,https://www.sec.gov/Archives/edgar/data/80424/000008042424000108/pg-20241018.htm
PG,PROCTER & GAMBLE Co,0000080424,8-K,2024-10-10,2024-10-10,0000080424-24-000100,annlmtgvote2024.htm,https://www.sec.gov/Archives/edgar/data/80424/000008042424000100/annlmtgvote2024.htm
PG,PROCTER & GAMBLE Co,0000080424,8-K,2024-10-08,2024-10-08,0000080424-24-000098,october202424dividends.htm,https://www.sec.gov/Archives/edgar/data/80424/000008042424000098/october202424dividends.htm
PG,PROCTER & GAMBLE Co,0000080424,10-K,2024-08-05,2024-06-30,0000080424-24-000083,pg-20240630.htm,https://www.sec.gov/Archives/edgar/data/80424/000008042424000083/pg-20240630.htm
PG,PROCTER & GAMBLE Co,0000080424,8-K,2024-07-30,2024-07-30,0000080424-24-000073,amjq4fy2324earningsslides.htm,https://www.sec.gov/Archives/edgar/data/80424/000008042424000073/amjq4fy2324earningsslides.htm
PG,PROCTER & GAMBLE Co,0000080424,8-K,2024-07-30,2024-07-30,0000080424-24-000071,pg-20240730.htm,https://www.sec.gov/Archives/edgar/data/80424/000008042424000071/pg-20240730.htm
PG,PROCTER & GAMBLE Co,0000080424,8-K,2024-07-09,2024-07-09,0000080424-24-000063,july2024dividends.htm,https://www.sec.gov/Archives/edgar/data/80424/000008042424000063/july2024dividends.htm
PG,PROCTER & GAMBLE Co,0000080424,8-K,2024-04-29,2024-04-29,0001193125-24-122626,d794816d8k.htm,https://www.sec.gov/Archives/edgar/data/80424/000119312524122626/d794816d8k.htm
PG,PROCTER & GAMBLE Co,0000080424,10-Q,2024-04-19,2024-03-31,0000080424-24-000051,pg-20240331.htm,https://www.sec.gov/Archives/edgar/data/80424/000008042424000051/pg-20240331.htm
PG,PROCTER & GAMBLE Co,0000080424,8-K,2024-04-19,2024-04-19,0000080424-24-000048,jfmq3fy24earningsslides.htm,https://www.sec.gov/Archives/edgar/data/80424/000008042424000048/jfmq3fy24earningsslides.htm
PG,PROCTER & GAMBLE Co,0000080424,8-K,2024-04-19,2024-04-19,0000080424-24-000046,pg-20240419.htm,https://www.sec.gov/Archives/edgar/data/80424/000008042424000046/pg-20240419.htm
PG,PROCTER & GAMBLE Co,0000080424,8-K,2024-04-09,2024-04-09,0000080424-24-000030,bralyretirement.htm,https://www.sec.gov/Archives/edgar/data/80424/000008042424000030/bralyretirement.htm
PG,PROCTER & GAMBLE Co,0000080424,8-K,2024-04-09,2024-04-09,0000080424-24-000029,april2024dividend.htm,https://www.sec.gov/Archives/edgar/data/80424/000008042424000029/april2024dividend.htm
PG,PROCTER & GAMBLE Co,0000080424,8-K,2024-01-29,2024-01-29,0001193125-24-018146,d680446d8k.htm,https://www.sec.gov/Archives/edgar/data/80424/000119312524018146/d680446d8k.htm
PG,PROCTER & GAMBLE Co,0000080424,10-Q,2024-01-23,2023-12-31,0000080424-24-000018,pg-20231231.htm,https://www.sec.gov/Archives/edgar/data/80424/000008042424000018/pg-20231231.htm
PG,PROCTER & GAMBLE Co,0000080424,8-K,2024-01-23,2024-01-23,0000080424-24-000015,ondq2fy24earningsslides.htm,https://www.sec.gov/Archives/edgar/data/80424/000008042424000015/ondq2fy24earningsslides.htm
PG,PROCTER & GAMBLE Co,0000080424,8-K,2024-01-23,2024-01-23,0000080424-24-000013,pg-20240123.htm,https://www.sec.gov/Archives/edgar/data/80424/000008042424000013/pg-20240123.htm
PG,PROCTER & GAMBLE Co,0000080424,8-K,2024-01-09,2024-01-09,0000080424-24-000004,january2024dividend.htm,https://www.sec.gov/Archives/edgar/data/80424/000008042424000004/january2024dividend.htm
PG,PROCTER & GAMBLE Co,0000080424,8-K,2023-12-13,2023-12-13,0000080424-23-000114,mcevoyannouncement.htm,https://www.sec.gov/Archives/edgar/data/80424/000008042423000114/mcevoyannouncement.htm
PG,PROCTER & GAMBLE Co,0000080424,8-K,2023-12-05,2023-12-05,0000080424-23-000107,emrestructureannouncemnt.htm,https://www.sec.gov/Archives/edgar/data/80424/000008042423000107/emrestructureannouncemnt.htm
PG,PROCTER & GAMBLE Co,0000080424,8-K,2023-11-01,2023-11-01,0001193125-23-268205,d573847d8k.htm,https://www.sec.gov/Archives/edgar/data/80424/000119312523268205/d573847d8k.htm
PG,PROCTER & GAMBLE Co,0000080424,10-Q,2023-10-18,2023-09-30,0000080424-23-000103,pg-20230930.htm,https://www.sec.gov/Archives/edgar/data/80424/000008042423000103/pg-20230930.htm
PG,PROCTER & GAMBLE Co,0000080424,8-K,2023-10-18,2023-10-18,0000080424-23-000096,jasq1fy24earningsslides.htm,https://www.sec.gov/Archives/edgar/data/80424/000008042423000096/jasq1fy24earningsslides.htm
PG,PROCTER & GAMBLE Co,0000080424,8-K,2023-10-18,2023-10-18,0000080424-23-000094,pg-20231018.htm,https://www.sec.gov/Archives/edgar/data/80424/000008042423000094/pg-20231018.htm
PG,PROCTER & GAMBLE Co,0000080424,8-K,2023-10-13,2023-10-13,0000080424-23-000090,annualmtgvote2023.htm,https://www.sec.gov/Archives/edgar/data/80424/000008042423000090/annualmtgvote2023.htm
PG,PROCTER & GAMBLE Co,0000080424,8-K,2023-10-10,2023-10-10,0000080424-23-000088,oct23dividendbiggs.htm,https://www.sec.gov/Archives/edgar/data/80424/000008042423000088/oct23dividendbiggs.htm
PG,PROCTER & GAMBLE Co,0000080424,10-K,2023-08-04,2023-06-30,0000080424-23-000073,pg-20230630.htm,https://www.sec.gov/Archives/edgar/data/80424/000008042423000073/pg-20230630.htm
PG,PROCTER & GAMBLE Co,0000080424,8-K,2023-07-28,2023-07-28,0000080424-23-000061,amjq4fy23earningsslides.htm,https://www.sec.gov/Archives/edgar/data/80424/000008042423000061/amjq4fy23earningsslides.htm
PG,PROCTER & GAMBLE Co,0000080424,8-K,2023-07-28,2023-07-28,0000080424-23-000059,pg-20230728.htm,https://www.sec.gov/Archives/edgar/data/80424/000008042423000059/pg-20230728.htm
PG,PROCTER & GAMBLE Co,0000080424,8-K,2023-07-11,2023-07-11,0000080424-23-000056,july2023dividend.htm,https://www.sec.gov/Archives/edgar/data/80424/000008042423000056/july2023dividend.htm
PG,PROCTER & GAMBLE Co,0000080424,8-K,2023-05-02,2023-05-02,0001193125-23-132560,d430441d8k.htm,https://www.sec.gov/Archives/edgar/data/80424/000119312523132560/d430441d8k.htm
PG,PROCTER & GAMBLE Co,0000080424,10-Q,2023-04-21,2023-03-31,0000080424-23-000046,pg-20230331.htm,https://www.sec.gov/Archives/edgar/data/80424/000008042423000046/pg-20230331.htm
PG,PROCTER & GAMBLE Co,0000080424,8-K,2023-04-21,2023-04-21,0000080424-23-000043,jfmq3fy23earningsslides.htm,https://www.sec.gov/Archives/edgar/data/80424/000008042423000043/jfmq3fy23earningsslides.htm
PG,PROCTER & GAMBLE Co,0000080424,8-K,2023-04-21,2023-04-21,0000080424-23-000039,pg-20230421.htm,https://www.sec.gov/Archives/edgar/data/80424/000008042423000039/pg-20230421.htm
PG,PROCTER & GAMBLE Co,0000080424,8-K,2023-04-11,2023-04-11,0000080424-23-000027,boniniportmanappointment.htm,https://www.sec.gov/Archives/edgar/data/80424/000008042423000027/boniniportmanappointment.htm
PG,PROCTER & GAMBLE Co,0000080424,8-K,2023-04-11,2023-04-11,0000080424-23-000026,april2023dividend.htm,https://www.sec.gov/Archives/edgar/data/80424/000008042423000026/april2023dividend.htm
PG,PROCTER & GAMBLE Co,0000080424,8-K,2023-02-03,2023-02-03,0001193125-23-024268,d293337d8k.htm,https://www.sec.gov/Archives/edgar/data/80424/000119312523024268/d293337d8k.htm
PG,PROCTER & GAMBLE Co,0000080424,8-K,2023-01-26,2023-01-26,0001193125-23-016270,d440879d8k.htm,https://www.sec.gov/Archives/edgar/data/80424/000119312523016270/d440879d8k.htm
PG,PROCTER & GAMBLE Co,0000080424,10-Q,2023-01-19,2022-12-31,0000080424-23-000014,pg-20221231.htm,https://www.sec.gov/Archives/edgar/data/80424/000008042423000014/pg-20221231.htm
PG,PROCTER & GAMBLE Co,0000080424,8-K,2023-01-19,2023-01-19,0000080424-23-000010,ondq2fy23earningsslides.htm,https://www.sec.gov/Archives/edgar/data/80424/000008042423000010/ondq2fy23earningsslides.htm
PG,PROCTER & GAMBLE Co,0000080424,8-K,2023-01-19,2023-01-19,0000080424-23-000008,pg-20230119.htm,https://www.sec.gov/Archives/edgar/data/80424/000008042423000008/pg-20230119.htm
PG,PROCTER & GAMBLE Co,0000080424,8-K,2023-01-10,2023-01-10,0000080424-23-000003,januarydividend2023.htm,https://www.sec.gov/Archives/edgar/data/80424/000008042423000003/januarydividend2023.htm
TEAM,Atlassian Corp,0001650372,10-K,2026-08-14,2026-06-30,0001650372-26-000036,team-20260630.htm,https://www.sec.gov/Archives/edgar/data/1650372/000165037226000036/team-20260630.htm
TEAM,Atlassian Corp,0001650372,8-K,2026-08-06,2026-08-06,0001650372-26-000031,team-20260806.htm,https://www.sec.gov/Archives/edgar/data/1650372/000165037226000031/team-20260806.htm
TEAM,Atlassian Corp,0001650372,10-Q,2026-05-01,2026-03-31,0001650372-26-000027,team-20260331.htm,https://www.sec.gov/Archives/edgar/data/1650372/000165037226000027/team-20260331.htm
TEAM,Atlassian Corp,0001650372,8-K,2026-04-30,2026-04-30,0001650372-26-000024,team-20260430.htm,https://www.sec.gov/Archives/edgar/data/1650372/000165037226000024/team-20260430.htm
TEAM,Atlassian Corp,0001650372,8-K,2026-03-11,2026-03-11,0001650372-26-000021,team-20260311.htm,https://www.sec.gov/Archives/edgar/data/1650372/000165037226000021/team-20260311.htm
TEAM,Atlassian Corp,0001650372,8-K,2026-02-18,2026-02-18,0001650372-26-000017,team-20260218.htm,https://www.sec.gov/Archives/edgar/data/1650372/000165037226000017/team-20260218.htm
TEAM,Atlassian Corp,0001650372,10-Q,2026-02-06,2025-12-31,0001650372-26-000011,team-20251231.htm,https://www.sec.gov/Archives/edgar/data/1650372/000165037226000011/team-20251231.htm
TEAM,Atlassian Corp,0001650372,8-K,2026-02-05,2026-02-05,0001650372-26-000008,team-20260205.htm,https://www.sec.gov/Archives/edgar/data/1650372/000165037226000008/team-20260205.htm
TEAM,Atlassian Corp,0001650372,8-K,2026-01-15,2026-01-15,0001650372-26-000003,team-20260115.htm,https://www.sec.gov/Archives/edgar/data/1650372/000165037226000003/team-20260115.htm
TEAM,Atlassian Corp,0001650372,8-K,2025-12-22,2025-12-18,0001650372-25-000072,team-20251218.htm,https://www.sec.gov/Archives/edgar/data/1650372/000165037225000072/team-20251218.htm
TEAM,Atlassian Corp,0001650372,8-K,2025-12-03,2025-12-02,0001650372-25-000070,team-20251202.htm,https://www.sec.gov/Archives/edgar/data/1650372/000165037225000070/team-20251202.htm
TEAM,Atlassian Corp,0001650372,10-Q,2025-10-31,2025-09-30,0001650372-25-000068,team-20250930.htm,https://www.sec.gov/Archives/edgar/data/1650372/000165037225000068/team-20250930.htm
TEAM,Atlassian Corp,0001650372,8-K,2025-10-30,2025-10-30,0001650372-25-000064,team-20251030.htm,https://www.sec.gov/Archives/edgar/data/1650372/000165037225000064/team-20251030.htm
TEAM,Atlassian Corp,0001650372,8-K,2025-09-18,2025-09-18,0001650372-25-000050,team-20250918.htm,https://www.sec.gov/Archives/edgar/data/1650372/000165037225000050/team-20250918.htm
TEAM,Atlassian Corp,0001650372,8-K,2025-09-17,2025-09-15,0001650372-25-000047,team-20250915.htm,https://www.sec.gov/Archives/edgar/data/1650372/000165037225000047/team-20250915.htm
TEAM,Atlassian Corp,0001650372,8-K,2025-09-08,2025-09-08,0001650372-25-000045,team-20250908.htm,https://www.sec.gov/Archives/edgar/data/1650372/000165037225000045/team-20250908.htm
TEAM,Atlassian Corp,0001650372,8-K,2025-09-04,2025-09-04,0001650372-25-000040,team-20250904.htm,https://www.sec.gov/Archives/edgar/data/1650372/000165037225000040/team-20250904.htm
TEAM,Atlassian Corp,0001650372,10-K,2025-08-15,2025-06-30,0001650372-25-000036,team-20250630.htm,https://www.sec.gov/Archives/edgar/data/1650372/000165037225000036/team-20250630.htm
TEAM,Atlassian Corp,0001650372,8-K,2025-08-07,2025-08-07,0001650372-25-000028,team-20250807.htm,https://www.sec.gov/Archives/edgar/data/1650372/000165037225000028/team-20250807.htm
TEAM,Atlassian Corp,0001650372,10-Q,2025-05-02,2025-03-31,0001650372-25-000022,team-20250331.htm,https://www.sec.gov/Archives/edgar/data/1650372/000165037225000022/team-20250331.htm
TEAM,Atlassian Corp,0001650372,8-K,2025-05-01,2025-05-01,0001650372-25-000018,team-20250501.htm,https://www.sec.gov/Archives/edgar/data/1650372/000165037225000018/team-20250501.htm
TEAM,Atlassian Corp,0001650372,8-K,2025-04-14,2025-04-09,0001650372-25-000013,team-20250409.htm,https://www.sec.gov/Archives/edgar/data/1650372/000165037225000013/team-20250409.htm
TEAM,Atlassian Corp,0001650372,10-Q,2025-01-31,2024-12-31,0001650372-25-000009,team-20241231.htm,https://www.sec.gov/Archives/edgar/data/1650372/000165037225000009/team-20241231.htm
TEAM,Atlassian Corp,0001650372,8-K,2025-01-30,2025-01-30,0001650372-25-000005,team-20250130.htm,https://www.sec.gov/Archives/edgar/data/1650372/000165037225000005/team-20250130.htm
TEAM,Atlassian Corp,0001650372,8-K,2024-12-19,2024-12-16,0001650372-24-000061,team-20241216.htm,https://www.sec.gov/Archives/edgar/data/1650372/000165037224000061/team-20241216.htm
TEAM,Atlassian Corp,0001650372,8-K,2024-12-12,2024-12-11,0001650372-24-000058,team-20241211.htm,https://www.sec.gov/Archives/edgar/data/1650372/000165037224000058/team-20241211.htm
TEAM,Atlassian Corp,0001650372,10-Q,2024-11-01,2024-09-30,0001650372-24-000056,team-20240930.htm,https://www.sec.gov/Archives/edgar/data/1650372/000165037224000056/team-20240930.htm
TEAM,Atlassian Corp,0001650372,8-K,2024-10-31,2024-10-31,0001650372-24-000054,team-20241031.htm,https://www.sec.gov/Archives/edgar/data/1650372/000165037224000054/team-20241031.htm
TEAM,Atlassian Corp,0001650372,10-K,2024-08-16,2024-06-30,0001650372-24-000036,team-20240630.htm,https://www.sec.gov/Archives/edgar/data/1650372/000165037224000036/team-20240630.htm
TEAM,Atlassian Corp,0001650372,8-K,2024-08-13,2024-08-12,0001650372-24-000028,team-20240812.htm,https://www.sec.gov/Archives/edgar/data/1650372/000165037224000028/team-20240812.htm
TEAM,Atlassian Corp,0001650372,8-K,2024-08-01,2024-08-01,0001650372-24-000023,team-20240801.htm,https://www.sec.gov/Archives/edgar/data/1650372/000165037224000023/team-20240801.htm
TEAM,Atlassian Corp,0001650372,8-K,2024-07-24,2024-07-23,0001650372-24-000019,team-20240723.htm,https://www.sec.gov/Archives/edgar/data/1650372/000165037224000019/team-20240723.htm
TEAM,Atlassian Corp,0001650372,8-K,2024-05-15,2024-05-15,0001104659-24-062074,tm2414543d1_8k.htm,https://www.sec.gov/Archives/edgar/data/1650372/000110465924062074/tm2414543d1_8k.htm
TEAM,Atlassian Corp,0001650372,8-K,2024-05-09,2024-05-08,0001104659-24-059414,tm2411286d6_8k.htm,https://www.sec.gov/Archives/edgar/data/1650372/000110465924059414/tm2411286d6_8k.htm
TEAM,Atlassian Corp,0001650372,10-Q,2024-04-26,2024-03-31,0001650372-24-000016,team-20240331.htm,https://www.sec.gov/Archives/edgar/data/1650372/000165037224000016/team-20240331.htm
TEAM,Atlassian Corp,0001650372,8-K,2024-04-25,2024-04-25,0001650372-24-000013,team-20240425.htm,https://www.sec.gov/Archives/edgar/data/1650372/000165037224000013/team-20240425.htm
TEAM,Atlassian Corp,0001650372,10-Q,2024-02-02,2023-12-31,0001650372-24-000010,team-20231231.htm,https://www.sec.gov/Archives/edgar/data/1650372/000165037224000010/team-20231231.htm
TEAM,Atlassian Corp,0001650372,8-K,2024-02-01,2024-02-01,0001650372-24-000007,team-20240201.htm,https://www.sec.gov/Archives/edgar/data/1650372/000165037224000007/team-20240201.htm
TEAM,Atlassian Corp,0001650372,8-K,2023-12-07,2023-12-06,0001650372-23-000063,team-20231206.htm,https://www.sec.gov/Archives/edgar/data/1650372/000165037223000063/team-20231206.htm
TEAM,Atlassian Corp,0001650372,10-Q,2023-11-03,2023-09-30,0001650372-23-000060,team-20230930.htm,https://www.sec.gov/Archives/edgar/data/1650372/000165037223000060/team-20230930.htm
TEAM,Atlassian Corp,0001650372,8-K,2023-11-02,2023-11-02,0001650372-23-000058,team-20231102.htm,https://www.sec.gov/Archives/edgar/data/1650372/000165037223000058/team-20231102.htm
TEAM,Atlassian Corp,0001650372,10-K,2023-08-18,2023-06-30,0001650372-23-000040,team-20230630.htm,https://www.sec.gov/Archives/edgar/data/1650372/000165037223000040/team-20230630.htm
TEAM,Atlassian Corp,0001650372,8-K,2023-08-03,2023-08-03,0001650372-23-000035,team-20230803.htm,https://www.sec.gov/Archives/edgar/data/1650372/000165037223000035/team-20230803.htm
TEAM,Atlassian Corp,0001650372,8-K,2023-05-26,2023-05-26,0001650372-23-000030,team-20230526.htm,https://www.sec.gov/Archives/edgar/data/1650372/000165037223000030/team-20230526.htm
TEAM,Atlassian Corp,0001650372,10-Q,2023-05-05,2023-03-31,0001650372-23-000024,team-20230331.htm,https://www.sec.gov/Archives/edgar/data/1650372/000165037223000024/team-20230331.htm
TEAM,Atlassian Corp,0001650372,8-K,2023-05-04,2023-05-04,0001650372-23-000021,team-20230504.htm,https://www.sec.gov/Archives/edgar/data/1650372/000165037223000021/team-20230504.htm
TEAM,Atlassian Corp,0001650372,8-K,2023-03-06,2023-03-06,0001650372-23-000016,team-20230306.htm,https://www.sec.gov/Archives/edgar/data/1650372/000165037223000016/team-20230306.htm
TEAM,Atlassian Corp,0001650372,8-K,2023-02-06,2023-02-06,0001650372-23-000011,team-20230206.htm,https://www.sec.gov/Archives/edgar/data/1650372/000165037223000011/team-20230206.htm
TEAM,Atlassian Corp,0001650372,10-Q,2023-02-03,2022-12-31,0001650372-23-000009,team-20221231.htm,https://www.sec.gov/Archives/edgar/data/1650372/000165037223000009/team-20221231.htm
TEAM,Atlassian Corp,0001650372,8-K,2023-02-02,2023-02-02,0001650372-23-000005,team-20230202.htm,https://www.sec.gov/Archives/edgar/data/1650372/000165037223000005/team-20230202.htm
WM,WASTE MANAGEMENT INC,0000823768,8-K,2026-08-26,2026-08-24,0001104659-26-101077,tm2624023d1_8k.htm,https://www.sec.gov/Archives/edgar/data/823768/000110465926101077/tm2624023d1_8k.htm
WM,WASTE MANAGEMENT INC,0000823768,10-Q,2026-07-29,2026-06-30,0001104659-26-088016,wm-20260630x10q.htm,https://www.sec.gov/Archives/edgar/data/823768/000110465926088016/wm-20260630x10q.htm
WM,WASTE MANAGEMENT INC,0000823768,8-K,2026-07-28,2026-07-28,0001104659-26-087575,tm2621414d1_8k.htm,https://www.sec.gov/Archives/edgar/data/823768/000110465926087575/tm2621414d1_8k.htm
WM,WASTE MANAGEMENT INC,0000823768,8-K,2026-05-14,2026-05-12,0001104659-26-060755,tm2614440d2_8k.htm,https://www.sec.gov/Archives/edgar/data/823768/000110465926060755/tm2614440d2_8k.htm
WM,WASTE MANAGEMENT INC,0000823768,8-K,2026-05-13,2026-05-08,0001104659-26-059860,tm2614440d1_8k.htm,https://www.sec.gov/Archives/edgar/data/823768/000110465926059860/tm2614440d1_8k.htm
WM,WASTE MANAGEMENT INC,0000823768,10-Q,2026-04-29,2026-03-31,0001104659-26-051283,wm-20260331x10q.htm,https://www.sec.gov/Archives/edgar/data/823768/000110465926051283/wm-20260331x10q.htm
WM,WASTE MANAGEMENT INC,0000823768,8-K,2026-04-28,2026-04-28,0001104659-26-050425,tm2612889d1_8k.htm,https://www.sec.gov/Archives/edgar/data/823768/000110465926050425/tm2612889d1_8k.htm
WM,WASTE MANAGEMENT INC,0000823768,8-K,2026-03-25,2026-03-20,0001104659-26-034537,tm269616d1_8k.htm,https://www.sec.gov/Archives/edgar/data/823768/000110465926034537/tm269616d1_8k.htm
WM,WASTE MANAGEMENT INC,0000823768,8-K,2026-03-13,2026-03-13,0001104659-26-027703,tm268718d1_8k.htm,https://www.sec.gov/Archives/edgar/data/823768/000110465926027703/tm268718d1_8k.htm
WM,WASTE MANAGEMENT INC,0000823768,8-K,2026-03-06,2026-03-03,0001104659-26-024739,tm268015d1_8k.htm,https://www.sec.gov/Archives/edgar/data/823768/000110465926024739/tm268015d1_8k.htm
WM,WASTE MANAGEMENT INC,0000823768,10-K,2026-02-09,2025-12-31,0001104659-26-012049,wm-20251231x10k.htm,https://www.sec.gov/Archives/edgar/data/823768/000110465926012049/wm-20251231x10k.htm
WM,WASTE MANAGEMENT INC,0000823768,8-K,2026-01-28,2026-01-28,0001104659-26-007476,tm264211d1_8k.htm,https://www.sec.gov/Archives/edgar/data/823768/000110465926007476/tm264211d1_8k.htm
WM,WASTE MANAGEMENT INC,0000823768,8-K,2025-11-20,2025-11-20,0001104659-25-114641,tm2531866d1_8k.htm,https://www.sec.gov/Archives/edgar/data/823768/000110465925114641/tm2531866d1_8k.htm
WM,WASTE MANAGEMENT INC,0000823768,10-Q,2025-10-28,2025-09-30,0001104659-25-103136,wm-20250930x10q.htm,https://www.sec.gov/Archives/edgar/data/823768/000110465925103136/wm-20250930x10q.htm
WM,WASTE MANAGEMENT INC,0000823768,8-K,2025-10-27,2025-10-27,0001104659-25-102615,tm2529298d1_8k.htm,https://www.sec.gov/Archives/edgar/data/823768/000110465925102615/tm2529298d1_8k.htm
WM,WASTE MANAGEMENT INC,0000823768,8-K,2025-08-27,2025-08-21,0001104659-25-084026,tm2524148d2_8k.htm,https://www.sec.gov/Archives/edgar/data/823768/000110465925084026/tm2524148d2_8k.htm
WM,WASTE MANAGEMENT INC,0000823768,8-K,2025-08-22,2025-08-21,0001104659-25-081894,tm2524148d1_8k.htm,https://www.sec.gov/Archives/edgar/data/823768/000110465925081894/tm2524148d1_8k.htm
WM,WASTE MANAGEMENT INC,0000823768,10-Q,2025-07-29,2025-06-30,0001558370-25-009726,wm-20250630x10q.htm,https://www.sec.gov/Archives/edgar/data/823768/000155837025009726/wm-20250630x10q.htm
WM,WASTE MANAGEMENT INC,0000823768,8-K,2025-07-28,2025-07-28,0001104659-25-071187,tm2521801d1_8k.htm,https://www.sec.gov/Archives/edgar/data/823768/000110465925071187/tm2521801d1_8k.htm
WM,WASTE MANAGEMENT INC,0000823768,8-K,2025-06-24,2025-06-24,0001104659-25-061923,tm2518434d1_8k.htm,https://www.sec.gov/Archives/edgar/data/823768/000110465925061923/tm2518434d1_8k.htm
WM,WASTE MANAGEMENT INC,0000823768,8-K,2025-05-14,2025-05-13,0001104659-25-048609,tm2514999d1_8k.htm,https://www.sec.gov/Archives/edgar/data/823768/000110465925048609/tm2514999d1_8k.htm
WM,WASTE MANAGEMENT INC,0000823768,8-K,2025-05-14,2025-05-14,0001104659-25-048604,tm2514999d2_8k.htm,https://www.sec.gov/Archives/edgar/data/823768/000110465925048604/tm2514999d2_8k.htm
WM,WASTE MANAGEMENT INC,0000823768,10-Q,2025-04-29,2025-03-31,0001558370-25-005805,wm-20250331x10q.htm,https://www.sec.gov/Archives/edgar/data/823768/000155837025005805/wm-20250331x10q.htm
WM,WASTE MANAGEMENT INC,0000823768,8-K,2025-04-28,2025-04-28,0001104659-25-040282,tm2512935d1_8k.htm,https://www.sec.gov/Archives/edgar/data/823768/000110465925040282/tm2512935d1_8k.htm
WM,WASTE MANAGEMENT INC,0000823768,8-K,2025-02-28,2025-02-25,0001104659-25-019125,tm257911d1_8k.htm,https://www.sec.gov/Archives/edgar/data/823768/000110465925019125/tm257911d1_8k.htm
WM,WASTE MANAGEMENT INC,0000823768,10-K,2025-02-19,2024-12-31,0001558370-25-001132,wm-20241231x10k.htm,https://www.sec.gov/Archives/edgar/data/823768/000155837025001132/wm-20241231x10k.htm
WM,WASTE MANAGEMENT INC,0000823768,8-K,2025-01-30,2025-01-29,0001104659-25-007338,tm254559d1_8k.htm,https://www.sec.gov/Archives/edgar/data/823768/000110465925007338/tm254559d1_8k.htm
WM,WASTE MANAGEMENT INC,0000823768,8-K,2024-11-08,2024-11-08,0001104659-24-115866,tm2427884d1_8k.htm,https://www.sec.gov/Archives/edgar/data/823768/000110465924115866/tm2427884d1_8k.htm
WM,WASTE MANAGEMENT INC,0000823768,8-K,2024-11-07,2024-11-05,0001104659-24-115364,tm2427744d1_8k.htm,https://www.sec.gov/Archives/edgar/data/823768/000110465924115364/tm2427744d1_8k.htm
WM,WASTE MANAGEMENT INC,0000823768,8-K,2024-11-04,2024-11-04,0001104659-24-113690,tm2427004d3_8k.htm,https://www.sec.gov/Archives/edgar/data/823768/000110465924113690/tm2427004d3_8k.htm
WM,WASTE MANAGEMENT INC,0000823768,8-K,2024-11-01,2024-10-30,0001104659-24-113361,tm2427004d1_8k.htm,https://www.sec.gov/Archives/edgar/data/823768/000110465924113361/tm2427004d1_8k.htm
WM,WASTE MANAGEMENT INC,0000823768,8-K,2024-10-31,2024-10-30,0001104659-24-113072,tm2427004d2_8k.htm,https://www.sec.gov/Archives/edgar/data/823768/000110465924113072/tm2427004d2_8k.htm
WM,WASTE MANAGEMENT INC,0000823768,10-Q,2024-10-28,2024-09-30,0001558370-24-013762,wm-20240930x10q.htm,https://www.sec.gov/Archives/edgar/data/823768/000155837024013762/wm-20240930x10q.htm
WM,WASTE MANAGEMENT INC,0000823768,8-K,2024-10-28,2024-10-28,0001104659-24-111884,tm2426919d2_8k.htm,https://www.sec.gov/Archives/edgar/data/823768/000110465924111884/tm2426919d2_8k.htm
WM,WASTE MANAGEMENT INC,0000823768,8-K,2024-09-24,2024-09-23,0001104659-24-102483,tm2424669d1_8k.htm,https://www.sec.gov/Archives/edgar/data/823768/000110465924102483/tm2424669d1_8k.htm
WM,WASTE MANAGEMENT INC,0000823768,8-K,2024-09-10,2024-09-10,0001104659-24-098609,tm2423683d1_8k.htm,https://www.sec.gov/Archives/edgar/data/823768/000110465924098609/tm2423683d1_8k.htm
WM,WASTE MANAGEMENT INC,0000823768,8-K,2024-09-06,2024-09-05,0001104659-24-097567,tm2422979d2_8k.htm,https://www.sec.gov/Archives/edgar/data/823768/000110465924097567/tm2422979d2_8k.htm
WM,WASTE MANAGEMENT INC,0000823768,8-K,2024-09-03,2024-08-28,0001104659-24-096357,tm2422979d1_8k.htm,https://www.sec.gov/Archives/edgar/data/823768/000110465924096357/tm2422979d1_8k.htm
WM,WASTE MANAGEMENT INC,0000823768,10-Q,2024-07-25,2024-06-30,0001558370-24-010155,wm-20240630x10q.htm,https://www.sec.gov/Archives/edgar/data/823768/000155837024010155/wm-20240630x10q.htm
WM,WASTE MANAGEMENT INC,0000823768,8-K,2024-07-24,2024-07-24,0001104659-24-082358,tm2420025d1_8k.htm,https://www.sec.gov/Archives/edgar/data/823768/000110465924082358/tm2420025d1_8k.htm
WM,WASTE MANAGEMENT INC,0000823768,8-K,2024-06-25,2024-06-24,0001104659-24-074797,tm2417732d5_8k.htm,https://www.sec.gov/Archives/edgar/data/823768/000110465924074797/tm2417732d5_8k.htm
WM,WASTE MANAGEMENT INC,0000823768,8-K,2024-06-05,2024-06-03,0001104659-24-068410,tm2416276d1_8k.htm,https://www.sec.gov/Archives/edgar/data/823768/000110465924068410/tm2416276d1_8k.htm
WM,WASTE MANAGEMENT INC,0000823768,8-K,2024-05-17,2024-05-14,0001104659-24-063047,tm2412128d3_8k.htm,https://www.sec.gov/Archives/edgar/data/823768/000110465924063047/tm2412128d3_8k.htm
WM,WASTE MANAGEMENT INC,0000823768,8-K,2024-05-10,2024-05-08,0001104659-24-059949,tm2412128d2_8k.htm,https://www.sec.gov/Archives/edgar/data/823768/000110465924059949/tm2412128d2_8k.htm
WM,WASTE MANAGEMENT INC,0000823768,10-Q,2024-04-25,2024-03-31,0001558370-24-005734,wm-20240331x10q.htm,https://www.sec.gov/Archives/edgar/data/823768/000155837024005734/wm-20240331x10q.htm
WM,WASTE MANAGEMENT INC,0000823768,8-K,2024-04-25,2024-04-24,0001104659-24-051322,tm2412128d1_8k.htm,https://www.sec.gov/Archives/edgar/data/823768/000110465924051322/tm2412128d1_8k.htm
WM,WASTE MANAGEMENT INC,0000823768,8-K,2024-03-06,2024-03-01,0001104659-24-031504,tm247937d1_8k.htm,https://www.sec.gov/Archives/edgar/data/823768/000110465924031504/tm247937d1_8k.htm
WM,WASTE MANAGEMENT INC,0000823768,8-K,2024-03-01,2024-03-01,0001104659-24-030004,tm247544d1_8k.htm,https://www.sec.gov/Archives/edgar/data/823768/000110465924030004/tm247544d1_8k.htm
WM,WASTE MANAGEMENT INC,0000823768,10-K,2024-02-13,2023-12-31,0001558370-24-001049,wm-20231231x10k.htm,https://www.sec.gov/Archives/edgar/data/823768/000155837024001049/wm-20231231x10k.htm
WM,WASTE MANAGEMENT INC,0000823768,8-K,2024-02-13,2024-02-12,0001104659-24-015422,tm245359d1_8k.htm,https://www.sec.gov/Archives/edgar/data/823768/000110465924015422/tm245359d1_8k.htm
WM,WASTE MANAGEMENT INC,0000823768,8-K,2023-11-07,2023-11-06,0001104659-23-115047,tm2329883d1_8k.htm,https://www.sec.gov/Archives/edgar/data/823768/000110465923115047/tm2329883d1_8k.htm
WM,WASTE MANAGEMENT INC,0000823768,10-Q,2023-10-25,2023-09-30,0001558370-23-016700,wm-20230930x10q.htm,https://www.sec.gov/Archives/edgar/data/823768/000155837023016700/wm-20230930x10q.htm
WM,WASTE MANAGEMENT INC,0000823768,8-K,2023-10-24,2023-10-24,0001104659-23-111131,tm2328756d1_8k.htm,https://www.sec.gov/Archives/edgar/data/823768/000110465923111131/tm2328756d1_8k.htm
WM,WASTE MANAGEMENT INC,0000823768,8-K,2023-08-09,2023-08-04,0001104659-23-089111,tm2323215d1_8k.htm,https://www.sec.gov/Archives/edgar/data/823768/000110465923089111/tm2323215d1_8k.htm
WM,WASTE MANAGEMENT INC,0000823768,8-K,2023-08-01,2023-07-27,0001104659-23-086363,tm2321764d2_8k.htm,https://www.sec.gov/Archives/edgar/data/823768/000110465923086363/tm2321764d2_8k.htm
WM,WASTE MANAGEMENT INC,0000823768,10-Q,2023-07-26,2023-06-30,0001558370-23-012266,wm-20230630x10q.htm,https://www.sec.gov/Archives/edgar/data/823768/000155837023012266/wm-20230630x10q.htm
WM,WASTE MANAGEMENT INC,0000823768,8-K,2023-07-25,2023-07-25,0001104659-23-083891,tm2321764d1_8k.htm,https://www.sec.gov/Archives/edgar/data/823768/000110465923083891/tm2321764d1_8k.htm
WM,WASTE MANAGEMENT INC,0000823768,8-K,2023-05-10,2023-05-09,0001104659-23-058503,tm2315236d1_8k.htm,https://www.sec.gov/Archives/edgar/data/823768/000110465923058503/tm2315236d1_8k.htm
WM,WASTE MANAGEMENT INC,0000823768,10-Q,2023-04-27,2023-03-31,0001558370-23-007024,wm-20230331x10q.htm,https://www.sec.gov/Archives/edgar/data/823768/000155837023007024/wm-20230331x10q.htm
WM,WASTE MANAGEMENT INC,0000823768,8-K,2023-04-27,2023-04-26,0001104659-23-050476,tm2313631d1_8k.htm,https://www.sec.gov/Archives/edgar/data/823768/000110465923050476/tm2313631d1_8k.htm
WM,WASTE MANAGEMENT INC,0000823768,8-K,2023-04-05,2023-04-05,0001104659-23-041897,tm2311370d1_8k.htm,https://www.sec.gov/Archives/edgar/data/823768/000110465923041897/tm2311370d1_8k.htm
WM,WASTE MANAGEMENT INC,0000823768,8-K,2023-03-10,2023-03-07,0001104659-23-030666,tm238966d1_8k.htm,https://www.sec.gov/Archives/edgar/data/823768/000110465923030666/tm238966d1_8k.htm
WM,WASTE MANAGEMENT INC,0000823768,8-K,2023-02-13,2023-02-08,0001104659-23-019722,tm235749d5_8k.htm,https://www.sec.gov/Archives/edgar/data/823768/000110465923019722/tm235749d5_8k.htm
WM,WASTE MANAGEMENT INC,0000823768,10-K,2023-02-07,2022-12-31,0001558370-23-000964,wm-20221231x10k.htm,https://www.sec.gov/Archives/edgar/data/823768/000155837023000964/wm-20221231x10k.htm
WM,WASTE MANAGEMENT INC,0000823768,8-K,2023-02-06,2023-02-06,0001104659-23-011281,tm235358d1_8k.htm,https://www.sec.gov/Archives/edgar/data/823768/000110465923011281/tm235358d1_8k.htm
WM,WASTE MANAGEMENT INC,0000823768,8-K,2023-02-01,2023-01-31,0001104659-23-008880,tm234918d1_8k.htm,https://www.sec.gov/Archives/edgar/data/823768/000110465923008880/tm234918d1_8k.htm
