doc_id,ticker,form,doc_type,doc_role,filing_date,n_chars,n_words,alpha_ratio,mean_word_len,fragment_rate,n_tables,n_sections,xbrl_leak,entity_residue,toc_residue,near_empty,short_exhibit,size_outlier,low_alpha,odd_word_len,fragmented,warnings
33d9da1b47f5e338,ADBE,8-K,8-K,primary,2026-09-10,14463,2164,0.798,5.65,0.0108,4,0,False,False,False,False,False,False,False,False,False,info:page_artifacts_dropped:4
f5ee59e02dc8a1de,ADBE,8-K,EX-99.1,exhibit,2026-09-10,25532,5132,0.56,3.72,0.0034,13,0,False,False,False,False,False,False,False,False,False,info:page_artifacts_dropped:10
36add901ff7bdc7e,ADBE,8-K,8-K,primary,2026-09-08,5801,943,0.722,5.08,0.0202,4,0,False,False,False,False,False,False,False,False,False,info:page_artifacts_dropped:3
7915bd230bd1a969,ADBE,8-K,EX-99.1,exhibit,2026-09-08,5022,733,0.817,5.83,0.0014,0,0,False,False,False,False,False,False,False,False,False,
5686304475c068b3,ADBE,8-K,8-K,primary,2026-07-17,4515,744,0.711,5.0,0.0239,3,0,False,False,False,False,False,False,False,False,False,info:page_artifacts_dropped:2
3166f000b8101217,ADBE,10-Q,10-Q,primary,2026-06-15,211139,37661,0.687,4.46,0.0051,50,8,False,False,False,False,False,False,False,False,False,info:page_artifacts_dropped:178
689355513446c6ad,ADBE,8-K,8-K,primary,2026-06-11,15812,2380,0.795,5.62,0.0098,4,0,False,False,False,False,False,False,False,False,False,info:page_artifacts_dropped:5
9e0adcb21a25405e,ADBE,8-K,EX-99.1,exhibit,2026-06-11,26457,5280,0.568,3.77,0.0032,13,0,False,False,False,False,False,False,False,False,False,info:page_artifacts_dropped:10
b312474d0bc60fc3,ADBE,8-K,8-K,primary,2026-04-21,8821,1586,0.592,4.45,0.0174,12,0,False,False,False,False,False,False,False,False,False,info:page_artifacts_dropped:4
07c07d31911125e3,ADBE,8-K,EX-99.1,exhibit,2026-04-21,4835,686,0.816,6.02,0.0088,0,0,False,False,False,False,False,False,False,False,False,info:page_artifacts_dropped:1
78fb523f22937176,ADBE,10-Q,10-Q,primary,2026-03-25,196906,33719,0.715,4.72,0.0054,49,9,False,False,False,False,False,False,False,False,False,info:page_artifacts_dropped:169
0026a2fc249f378b,ADBE,8-K,8-K,primary,2026-03-12,15327,2297,0.794,5.64,0.0112,4,0,False,False,False,False,False,False,False,False,False,info:page_artifacts_dropped:5
7e531e90276a81d6,ADBE,8-K,EX-99.1,exhibit,2026-03-12,22165,4237,0.604,4.01,0.0036,9,0,False,False,False,False,False,False,False,False,False,info:page_artifacts_dropped:7
5aa626da83401319,ADBE,8-K,EX-99.2,exhibit,2026-03-12,1915,287,0.805,5.63,0.0,0,0,False,False,False,False,False,False,False,False,False,
5dda168944df63b4,ADBE,8-K,EX-99.3,exhibit,2026-03-12,2686,473,0.791,4.66,0.0086,0,0,False,False,False,False,False,False,False,False,False,
134259612d113763,ADBE,8-K,8-K,primary,2026-01-27,15000,2501,0.728,4.93,0.0132,7,0,False,False,False,False,False,False,False,False,False,info:page_artifacts_dropped:5
301433c02d926d5a,ADBE,10-K,10-K,primary,2026-01-15,370449,61992,0.729,4.87,0.0069,73,19,False,False,False,False,False,False,False,False,False,info:page_artifacts_dropped:268
8feee2b16fce41b1,ADBE,8-K,8-K,primary,2025-12-10,13670,2039,0.795,5.67,0.0115,4,0,False,False,False,False,False,False,False,False,False,info:page_artifacts_dropped:4
67214c0b420183e0,ADBE,8-K,EX-99.1,exhibit,2025-12-10,29636,5844,0.568,3.82,0.0029,13,0,False,False,False,False,False,False,False,False,False,info:page_artifacts_dropped:8
bda615e120a1a46c,ADBE,10-Q,10-Q,primary,2025-09-24,209549,37944,0.677,4.37,0.005,51,8,False,False,False,False,False,False,False,False,False,info:page_artifacts_dropped:180
7d26e70eee03e65f,ADBE,8-K,8-K,primary,2025-09-11,13578,2022,0.797,5.68,0.0116,4,0,False,False,False,False,False,False,False,False,False,info:page_artifacts_dropped:4
3d7d37cd0ef0dd9e,ADBE,8-K,EX-99.1,exhibit,2025-09-11,24973,4976,0.567,3.78,0.0034,13,0,False,False,False,False,False,False,False,False,False,info:page_artifacts_dropped:8
17093dc29d1a86cf,ADBE,10-Q,10-Q,primary,2025-06-25,209720,38173,0.676,4.34,0.005,52,8,False,False,False,False,False,False,False,False,False,info:page_artifacts_dropped:179
6a20bb49b6272a61,ADBE,8-K,8-K,primary,2025-06-12,13556,2023,0.796,5.67,0.0116,4,0,False,False,False,False,False,False,False,False,False,info:page_artifacts_dropped:4
7646ab7da4e0efa5,ADBE,8-K,EX-99.1,exhibit,2025-06-12,24376,4867,0.567,3.77,0.003,13,0,False,False,False,False,False,False,False,False,False,info:page_artifacts_dropped:8
6ab51377cc5639fd,ADBE,8-K,8-K,primary,2025-04-24,9596,1706,0.621,4.5,0.0168,9,0,False,False,False,False,False,False,False,False,False,info:page_artifacts_dropped:4
253c2437ae7fff69,ADBE,10-Q,10-Q,primary,2025-03-26,198189,34472,0.706,4.62,0.0059,49,8,False,False,False,False,False,False,False,False,False,info:page_artifacts_dropped:177
e48a95e899ef8449,ADBE,8-K,8-K,primary,2025-03-12,13522,2015,0.796,5.68,0.0116,4,0,False,False,False,False,False,False,False,False,False,info:page_artifacts_dropped:4
464b4dc7d2b4ff55,ADBE,8-K,EX-99.1,exhibit,2025-03-12,25133,4814,0.602,4.0,0.0036,12,0,False,False,False,False,False,False,False,False,False,info:page_artifacts_dropped:8
3742d9105073dd75,ADBE,8-K,8-K,primary,2025-01-30,14722,2462,0.724,4.91,0.014,7,0,False,False,False,False,False,False,False,False,False,info:page_artifacts_dropped:5
86c696d47b787fb6,ADBE,8-K,8-K,primary,2025-01-17,8882,1513,0.691,4.83,0.0238,10,0,False,False,False,False,False,False,False,False,False,
7889e270a587cb61,ADBE,10-K,10-K,primary,2025-01-13,402016,66633,0.736,4.93,0.0061,76,20,False,False,False,False,False,False,False,False,False,info:page_artifacts_dropped:283
642c1a0221285258,ADBE,8-K,8-K,primary,2024-12-11,13558,2020,0.796,5.68,0.0116,4,0,False,False,False,False,False,False,False,False,False,info:page_artifacts_dropped:4
b312a77e2410e00e,ADBE,8-K,EX-99.1,exhibit,2024-12-11,28141,5655,0.554,3.72,0.0027,12,0,False,False,False,False,False,False,False,False,False,info:page_artifacts_dropped:8
3dfb9ce4f9a6dd66,ADBE,10-Q,10-Q,primary,2024-09-25,213633,38719,0.677,4.37,0.0052,57,9,False,False,False,False,False,False,False,False,False,info:page_artifacts_dropped:186
a2bbb50634c04f50,ADBE,8-K,8-K,primary,2024-09-12,13527,2016,0.796,5.68,0.0116,4,0,False,False,False,False,False,False,False,False,False,info:page_artifacts_dropped:4
5b1d84e3ea3787a7,ADBE,8-K,EX-99.1,exhibit,2024-09-12,22551,4497,0.568,3.77,0.0033,8,0,False,False,False,False,False,False,False,False,False,info:page_artifacts_dropped:7
769069769ad7e782,ADBE,8-K,8-K,primary,2024-08-08,5603,902,0.722,5.15,0.0208,3,0,False,False,False,False,False,False,False,False,False,info:page_artifacts_dropped:2
171917ee2353f66f,ADBE,8-K,8-K,primary,2024-07-18,3341,550,0.685,4.98,0.032,3,0,False,False,False,False,False,False,False,False,False,info:page_artifacts_dropped:2
3364efc9fd832714,ADBE,10-Q,10-Q,primary,2024-06-26,211890,38583,0.676,4.34,0.0055,55,8,False,False,False,False,False,False,False,False,False,info:page_artifacts_dropped:184
51d255455a8b2060,ADBE,8-K,8-K,primary,2024-06-13,13141,1969,0.794,5.64,0.0114,4,0,False,False,False,False,False,False,False,False,False,info:page_artifacts_dropped:3
dc7a347168cd2c4c,ADBE,8-K,EX-99.1,exhibit,2024-06-13,23655,4763,0.56,3.72,0.0032,10,0,False,False,False,False,False,False,False,False,False,info:page_artifacts_dropped:8
8c03dd2467b6861c,ADBE,8-K,8-K,primary,2024-04-19,7359,1366,0.553,4.24,0.021,10,0,False,False,False,False,False,False,False,False,False,info:page_artifacts_dropped:3
2e85fde17ca111d1,ADBE,8-K,8-K,primary,2024-04-04,9108,1577,0.684,4.72,0.0225,10,0,False,False,False,False,False,False,False,False,False,info:page_artifacts_dropped:3
6c426fb273ef3b83,ADBE,10-Q,10-Q,primary,2024-03-27,196663,34089,0.711,4.65,0.0055,52,9,False,False,False,False,False,False,False,False,False,info:page_artifacts_dropped:175
c073ef9b946abbd9,ADBE,8-K,8-K,primary,2024-03-14,14472,2178,0.794,5.61,0.0103,4,0,False,False,False,False,False,False,False,False,False,info:page_artifacts_dropped:4
bc6c8f6e7f15ee3b,ADBE,8-K,EX-99.1,exhibit,2024-03-14,21080,4066,0.601,3.97,0.0042,7,0,False,False,False,False,False,False,False,False,False,info:page_artifacts_dropped:7
4f7a02cd7a3c2425,ADBE,8-K,EX-99.2,exhibit,2024-03-14,4836,687,0.813,6.01,0.0117,0,0,False,False,False,False,False,False,False,False,False,
5d2b7fed48c939d7,ADBE,8-K,8-K,primary,2024-01-26,14922,2496,0.729,4.92,0.0132,7,0,False,False,False,False,False,False,False,False,False,info:page_artifacts_dropped:5
646202e69050ac9f,ADBE,10-K,10-K,primary,2024-01-17,391295,65197,0.733,4.9,0.0065,78,19,False,False,False,False,False,False,False,False,False,info:page_artifacts_dropped:284
09f1ededa1dc24b3,ADBE,8-K,8-K,primary,2023-12-18,6014,1015,0.696,4.83,0.0223,4,0,False,False,False,False,False,False,False,False,False,info:page_artifacts_dropped:2
2da43fbc6f6504e0,ADBE,8-K,EX-99.1,exhibit,2023-12-18,6017,875,0.814,5.85,0.0046,0,0,False,False,False,False,False,False,False,False,False,
91bd1c9437aa334a,ADBE,8-K,8-K,primary,2023-12-13,14895,2246,0.793,5.6,0.0105,4,0,False,False,False,False,False,False,False,False,False,info:page_artifacts_dropped:4
9f6eca7d30b7da07,ADBE,8-K,EX-99.1,exhibit,2023-12-13,27117,5454,0.554,3.72,0.0028,11,0,False,False,False,False,False,False,False,False,False,info:page_artifacts_dropped:8
dbf95d257cca4905,ADBE,8-K,8-K,primary,2023-10-26,5099,870,0.681,4.76,0.0295,4,0,False,False,False,False,False,False,False,False,False,info:page_artifacts_dropped:2
42f08749fbe08b78,ADBE,8-K,EX-99.1,exhibit,2023-10-26,2531,372,0.806,5.76,0.0214,0,0,False,False,False,False,False,False,False,False,False,
a06c45c33c3cad96,ADBE,10-Q,10-Q,primary,2023-09-27,218983,39317,0.686,4.42,0.005,56,9,False,False,False,False,False,False,False,False,False,info:page_artifacts_dropped:183
2081e082f6271629,ADBE,8-K,8-K,primary,2023-09-14,15980,2424,0.794,5.56,0.0092,4,0,False,False,False,False,False,False,False,False,False,info:page_artifacts_dropped:5
77b620146c3d7e02,ADBE,8-K,EX-99.1,exhibit,2023-09-14,20981,4235,0.557,3.7,0.0026,8,0,False,False,False,False,False,False,False,False,False,info:page_artifacts_dropped:6
62d96527db92deda,ADBE,10-Q,10-Q,primary,2023-06-28,216523,39199,0.682,4.37,0.0048,56,9,False,False,False,False,False,False,False,False,False,info:page_artifacts_dropped:183
d64660df364d662a,ADBE,8-K,8-K,primary,2023-06-15,12653,1901,0.793,5.62,0.0112,4,0,False,False,False,False,False,False,False,False,False,info:page_artifacts_dropped:4
329c1997bf2a0828,ADBE,8-K,EX-99.1,exhibit,2023-06-15,23158,4693,0.554,3.68,0.0023,11,0,False,False,False,False,False,False,False,False,False,info:page_artifacts_dropped:8
4112715eb34c62ec,ADBE,8-K,8-K,primary,2023-04-24,6826,1285,0.538,4.16,0.0217,10,0,False,False,False,False,False,False,False,False,False,info:page_artifacts_dropped:3
94122b6e073ac102,ADBE,10-Q,10-Q,primary,2023-03-29,204521,35428,0.714,4.65,0.0051,54,9,False,False,False,False,False,False,False,False,False,info:page_artifacts_dropped:176
322a06e0edb94188,ADBE,8-K,8-K,primary,2023-03-15,12658,1901,0.793,5.63,0.0112,4,0,False,False,False,False,False,False,False,False,False,info:page_artifacts_dropped:4
57f87db8aeae0a4c,ADBE,8-K,EX-99.1,exhibit,2023-03-15,21289,4205,0.579,3.83,0.0024,10,0,False,False,False,False,False,False,False,False,False,info:page_artifacts_dropped:8
51a421f4ff0e3737,ADBE,8-K,8-K,primary,2023-01-26,15281,2560,0.73,4.91,0.0129,7,0,False,False,False,False,False,False,False,False,False,info:page_artifacts_dropped:5
8f58cc2103df0b5b,ADBE,8-K,8-K,primary,2023-01-19,8049,1344,0.736,4.94,0.0174,11,0,False,False,False,False,False,False,False,False,False,
25fc5ec6d5b0db5f,ADBE,10-K,10-K,primary,2023-01-17,396281,66005,0.735,4.9,0.0061,78,18,False,False,False,False,False,False,False,False,False,info:page_artifacts_dropped:283
56a7ab1c523f042f,CAT,8-K,8-K,primary,2026-09-01,10333,1633,0.738,5.29,0.0173,6,0,False,False,False,False,False,False,False,False,False,info:page_artifacts_dropped:2
a75f7c93c12f84de,CAT,10-Q,10-Q,primary,2026-08-05,310244,66445,0.531,3.38,0.0094,84,9,False,False,False,False,False,False,False,True,False,info:page_artifacts_dropped:225
627a1ca34be25ad2,CAT,8-K,8-K,primary,2026-08-04,4427,883,0.586,3.81,0.0461,5,0,False,False,False,False,False,False,False,False,False,
adeb40178caba7b3,CAT,8-K,EX-99.1,exhibit,2026-08-04,83267,19603,0.423,2.88,0.0141,33,0,False,False,False,False,False,False,True,True,False,info:page_artifacts_dropped:81
12c1bb59d6904eb2,CAT,8-K,EX-99.2,exhibit,2026-08-04,11277,1730,0.77,5.5,0.0108,1,0,False,False,False,False,False,False,False,False,False,
8ac611cfc710de41,CAT,8-K,8-K,primary,2026-06-11,6958,1373,0.532,3.89,0.0423,13,0,False,False,False,False,False,False,False,False,False,
946aec3a4567f85a,CAT,8-K,EX-99.1,exhibit,2026-06-11,2100,310,0.776,5.74,0.0208,1,0,False,False,False,False,False,False,False,False,False,
918039c61cbb9f81,CAT,10-Q,10-Q,primary,2026-05-06,248203,50952,0.569,3.61,0.0094,71,9,False,False,False,False,False,False,False,False,False,info:page_artifacts_dropped:172
2d5c60eac0c4e4ee,CAT,8-K,8-K,primary,2026-04-30,4428,883,0.585,3.81,0.0461,5,0,False,False,False,False,False,False,False,False,False,
84dd38a920231249,CAT,8-K,EX-99.1,exhibit,2026-04-30,74631,17475,0.431,2.91,0.013,29,0,False,False,False,False,False,False,True,True,False,info:page_artifacts_dropped:71
5b57b021b02391b7,CAT,8-K,EX-99.2,exhibit,2026-04-30,11282,1730,0.77,5.5,0.0108,1,0,False,False,False,False,False,False,False,False,False,
3cbe0422712e1fa3,CAT,8-K,8-K,primary,2026-04-13,3165,569,0.655,4.49,0.0438,6,0,False,False,False,False,False,False,False,False,False,
5c6195d0e1893e0f,CAT,8-K,8-K,primary,2026-04-10,5244,905,0.69,4.73,0.0334,9,0,False,False,False,False,False,False,False,False,False,
e3a74cb26bc6ca42,CAT,8-K,EX-99.1,exhibit,2026-04-10,3799,553,0.798,5.84,0.0,2,0,False,False,False,False,False,False,False,False,False,
3b17088bedf658d1,CAT,8-K,8-K,primary,2026-03-26,6738,1142,0.705,4.81,0.0305,5,0,False,False,False,False,False,False,False,False,False,
852595b000c79588,CAT,8-K,EX-99.1,exhibit,2026-03-26,41290,11340,0.253,2.19,0.0147,12,0,False,False,False,False,False,False,True,True,False,info:page_artifacts_dropped:10
e3888caf13e09ffa,CAT,8-K,EX-99.2,exhibit,2026-03-26,4977,689,0.81,6.21,0.0103,0,0,False,False,False,False,False,False,False,False,False,
01329c1bf08d4878,CAT,10-K,10-K,primary,2026-02-13,526718,101368,0.617,3.97,0.0137,127,21,False,False,False,False,False,False,False,False,False,info:page_artifacts_dropped:258
bd2be7d4eb0646fe,CAT,8-K,8-K,primary,2026-01-29,4439,883,0.586,3.83,0.0461,5,0,False,False,False,False,False,False,False,False,False,
7cfba388d6d74e71,CAT,8-K,EX-99.1,exhibit,2026-01-29,91922,21490,0.426,2.92,0.0139,35,0,False,False,False,False,False,False,True,True,False,info:page_artifacts_dropped:82
0a99f55eae2b53f7,CAT,8-K,EX-99.2,exhibit,2026-01-29,11121,1756,0.755,5.3,0.0125,1,0,False,False,False,False,False,False,False,False,False,
2bafe44f90e471ce,CAT,8-K,8-K,primary,2026-01-06,4797,832,0.692,4.7,0.031,6,0,False,False,False,False,False,False,False,False,False,
84f5cf99219b316a,CAT,8-K,EX-99.1,exhibit,2026-01-06,6965,1017,0.801,5.83,0.01,0,0,False,False,False,False,False,False,False,False,False,
9ab9f36a24f75641,CAT,10-Q,10-Q,primary,2025-11-03,312143,66176,0.536,3.43,0.0095,81,9,False,False,False,False,False,False,False,True,False,info:page_artifacts_dropped:220
1b650bb6f65a2956,CAT,8-K,8-K,primary,2025-10-29,4440,883,0.586,3.83,0.0461,5,0,False,False,False,False,False,False,False,False,False,
759d31bff575b252,CAT,8-K,EX-99.1,exhibit,2025-10-29,84920,19864,0.429,2.91,0.0138,33,0,False,False,False,False,False,False,True,True,False,info:page_artifacts_dropped:81
78022a4348e6d4a6,CAT,8-K,EX-99.2,exhibit,2025-10-29,11067,1724,0.763,5.4,0.0125,1,0,False,False,False,False,False,False,False,False,False,
abfea51fe58e5a6e,CAT,8-K,8-K,primary,2025-09-03,9991,1610,0.733,5.17,0.018,11,0,False,False,False,False,False,False,False,False,False,
8c49b5cc604a3d3a,CAT,8-K,8-K,primary,2025-08-28,7975,1252,0.747,5.34,0.0239,7,0,False,False,False,False,False,False,False,False,False,
56fd7c9dcaaddb72,CAT,10-Q,10-Q,primary,2025-08-06,304324,65121,0.53,3.39,0.0093,81,9,False,False,False,False,False,False,False,True,False,info:page_artifacts_dropped:216
5cd4e20119fa03e7,CAT,8-K,8-K,primary,2025-08-05,4427,883,0.586,3.81,0.0461,5,0,False,False,False,False,False,False,False,False,False,
105bec3c9ba4304d,CAT,8-K,EX-99.1,exhibit,2025-08-05,83659,19642,0.425,2.89,0.0135,33,0,False,False,False,False,False,False,True,True,False,info:page_artifacts_dropped:83
082054ff9d1be543,CAT,8-K,EX-99.2,exhibit,2025-08-05,11149,1728,0.764,5.44,0.0125,1,0,False,False,False,False,False,False,False,False,False,
b691df51f76a18cb,CAT,8-K,8-K,primary,2025-06-12,6799,1202,0.609,4.6,0.0369,12,0,False,False,False,False,False,False,False,False,False,
6b97a50b94e9f588,CAT,8-K,EX-99.1,exhibit,2025-06-12,2291,332,0.782,5.86,0.0193,1,0,False,False,False,False,False,False,False,False,False,
db1c044f8489fa26,CAT,8-K,8-K,primary,2025-05-15,7501,1269,0.711,4.86,0.0242,7,0,False,False,False,False,False,False,False,False,False,
15e744ef174cab17,CAT,10-Q,10-Q,primary,2025-05-07,241078,49608,0.565,3.6,0.009,68,9,False,False,False,False,False,False,False,False,False,info:page_artifacts_dropped:172
cc78d441ccc90eb3,CAT,8-K,8-K,primary,2025-04-30,4428,883,0.585,3.81,0.0461,5,0,False,False,False,False,False,False,False,False,False,
6b2f533316fadb92,CAT,8-K,EX-99.1,exhibit,2025-04-30,76303,17744,0.434,2.94,0.0121,29,0,False,False,False,False,False,False,True,True,False,info:page_artifacts_dropped:71
a753490d237a6b04,CAT,8-K,EX-99.2,exhibit,2025-04-30,11161,1730,0.763,5.44,0.0125,1,0,False,False,False,False,False,False,False,False,False,
f6487720add8d527,CAT,8-K,8-K,primary,2025-04-15,6312,1072,0.7,4.83,0.031,10,0,False,False,False,False,False,False,False,False,False,
813b6e593b94fe7d,CAT,8-K,EX-99.1,exhibit,2025-04-15,7953,1139,0.803,5.96,0.009,0,0,False,False,False,False,False,False,False,False,False,
0dc28c6f547747f6,CAT,8-K,8-K,primary,2025-04-09,3452,606,0.672,4.62,0.042,6,0,False,False,False,False,False,False,False,False,False,
5650ea1d8484f009,CAT,10-K,10-K,primary,2025-02-14,524947,100681,0.619,3.99,0.0135,126,21,False,False,False,False,False,False,False,False,False,info:page_artifacts_dropped:257
f84eb6c0990fe92b,CAT,8-K,8-K,primary,2025-01-30,4439,883,0.586,3.83,0.0461,5,0,False,False,False,False,False,False,False,False,False,
c600f12ba19df482,CAT,8-K,EX-99.1,exhibit,2025-01-30,92653,21570,0.43,2.94,0.0142,35,0,False,False,False,False,False,False,True,True,False,info:page_artifacts_dropped:84
dd2db064cc28fd09,CAT,8-K,EX-99.2,exhibit,2025-01-30,11260,1760,0.757,5.37,0.0125,1,0,False,False,False,False,False,False,False,False,False,
2be340d72c8b6ef1,CAT,10-Q,10-Q,primary,2024-11-06,299926,63584,0.535,3.44,0.0093,83,9,False,False,False,False,False,False,False,True,False,info:page_artifacts_dropped:214
c1d98e0768694045,CAT,8-K,8-K,primary,2024-10-30,4440,883,0.586,3.83,0.0461,5,0,False,False,False,False,False,False,False,False,False,
ab890977af4cfb1a,CAT,8-K,EX-99.1,exhibit,2024-10-30,83021,19540,0.422,2.88,0.0139,33,0,False,False,False,False,False,False,True,True,False,info:page_artifacts_dropped:83
9aa0d75677d16e2e,CAT,8-K,EX-99.2,exhibit,2024-10-30,11151,1728,0.763,5.44,0.0125,1,0,False,False,False,False,False,False,False,False,False,
752b5b668b80c0d2,CAT,8-K,8-K,primary,2024-10-11,4531,896,0.595,3.86,0.0388,5,0,False,False,False,False,False,False,False,False,False,
edf8564d18a1d8db,CAT,8-K,EX-99.1,exhibit,2024-10-11,6133,862,0.803,6.1,0.0095,0,0,False,False,False,False,False,False,False,False,False,
b4e779cc765e2f8a,CAT,8-K,8-K,primary,2024-09-04,8832,1438,0.72,5.1,0.0181,12,0,False,False,False,False,False,False,False,False,False,
46152cae7b4f8c25,CAT,10-Q,10-Q,primary,2024-08-07,296194,63277,0.531,3.4,0.0096,83,9,False,False,False,False,False,False,False,True,False,info:page_artifacts_dropped:214
bfb8129c9a9cb36a,CAT,8-K,8-K,primary,2024-08-06,4427,883,0.586,3.81,0.0461,5,0,False,False,False,False,False,False,False,False,False,
c8af953be0f8e642,CAT,8-K,EX-99.1,exhibit,2024-08-06,84784,19817,0.429,2.92,0.0162,33,0,False,False,False,False,False,False,True,True,False,info:page_artifacts_dropped:83
1fc628abe7f83576,CAT,8-K,EX-99.2,exhibit,2024-08-06,11130,1729,0.762,5.42,0.0125,1,0,False,False,False,False,False,False,False,False,False,
3197bcc1f18daff6,CAT,8-K,8-K,primary,2024-06-14,7266,1267,0.63,4.69,0.0326,12,0,False,False,False,False,False,False,False,False,False,
3faa9e1486286121,CAT,8-K,EX-99.1,exhibit,2024-06-14,2669,379,0.794,6.0,0.0137,0,0,False,False,False,False,False,False,False,False,False,
224beb63423be0d2,CAT,10-Q,10-Q,primary,2024-05-01,240428,49188,0.57,3.63,0.0089,69,9,False,False,False,False,False,False,False,False,False,info:page_artifacts_dropped:165
4fea3055d32dcab4,CAT,8-K,8-K,primary,2024-04-25,4428,883,0.585,3.81,0.0461,5,0,False,False,False,False,False,False,False,False,False,
fd1772e1634231de,CAT,8-K,EX-99.1,exhibit,2024-04-25,76183,17830,0.431,2.91,0.0134,29,0,False,False,False,False,False,False,True,True,False,info:page_artifacts_dropped:71
9491eddf48615d9a,CAT,8-K,EX-99.2,exhibit,2024-04-25,10886,1784,0.744,5.08,0.0129,3,0,False,False,False,False,False,False,False,False,False,
e3e0fb332b2adf42,CAT,8-K,8-K,primary,2024-04-03,4030,819,0.579,3.71,0.0438,5,0,False,False,False,False,False,False,False,False,False,
c201ff777bbf4b79,CAT,10-K,10-K,primary,2024-02-16,520364,99748,0.62,4.0,0.0131,122,21,False,False,False,False,False,False,False,False,False,info:page_artifacts_dropped:252
0118e5453f927080,CAT,8-K,8-K,primary,2024-02-05,4438,883,0.587,3.83,0.0461,5,0,False,False,False,False,False,False,False,False,False,
e3edf2424b8bea94,CAT,8-K,EX-99.1,exhibit,2024-02-05,87584,20439,0.427,2.93,0.0156,31,0,False,False,False,False,False,False,True,True,False,info:page_artifacts_dropped:80
54c4415de655700d,CAT,8-K,EX-99.2,exhibit,2024-02-05,10300,1752,0.729,4.84,0.0151,3,0,False,False,False,False,False,False,False,False,False,
4d6be5dc6413d81b,CAT,8-K,8-K,primary,2023-12-14,4088,830,0.57,3.72,0.0466,5,0,False,False,False,False,False,False,False,False,False,
2b92db8376a56b14,CAT,8-K,EX-99.1,exhibit,2023-12-14,2340,319,0.801,6.29,0.013,0,0,False,False,False,False,False,False,False,False,False,
1a39fd9f5cb17d3f,CAT,10-Q,10-Q,primary,2023-11-01,290293,61431,0.535,3.44,0.0094,80,9,False,False,False,False,False,False,False,True,False,info:page_artifacts_dropped:211
95991375b1388704,CAT,8-K,8-K,primary,2023-10-31,4442,883,0.587,3.83,0.0461,5,0,False,False,False,False,False,False,False,False,False,
7e500081482ab22a,CAT,8-K,EX-99.1,exhibit,2023-10-31,81677,19164,0.426,2.9,0.0152,31,0,False,False,False,False,False,False,True,True,False,info:page_artifacts_dropped:77
59a409bd66e05a2a,CAT,8-K,EX-99.2,exhibit,2023-10-31,10879,1782,0.744,5.09,0.0129,3,0,False,False,False,False,False,False,False,False,False,
eff58e72127f3f4f,CAT,8-K,8-K,primary,2023-10-16,5861,1096,0.638,4.19,0.0298,5,0,False,False,False,False,False,False,False,False,False,
7c064575909d3783,CAT,8-K,EX-99.1,exhibit,2023-10-16,3751,531,0.807,6.03,0.002,0,0,False,False,False,False,False,False,False,False,False,
254ff59f4816639a,CAT,8-K,8-K,primary,2023-09-01,8539,1374,0.727,5.17,0.0192,9,0,False,False,False,False,False,False,False,False,False,info:page_artifacts_dropped:3
89a944e366063873,CAT,8-K,8-K,primary,2023-08-09,4223,850,0.588,3.77,0.0393,5,0,False,False,False,False,False,False,False,False,False,
fbb98467d806cee0,CAT,10-Q,10-Q,primary,2023-08-02,286505,61154,0.531,3.4,0.0089,80,8,False,False,False,False,False,False,False,True,False,info:page_artifacts_dropped:213
167c416c4240907c,CAT,8-K,8-K,primary,2023-08-01,4429,883,0.586,3.82,0.0461,5,0,False,False,False,False,False,False,False,False,False,
32ce07049ee67476,CAT,8-K,EX-99.1,exhibit,2023-08-01,81181,19104,0.423,2.88,0.0147,31,0,False,False,False,False,False,False,True,True,False,info:page_artifacts_dropped:77
7dfbe6d4f3aec5b7,CAT,8-K,EX-99.2,exhibit,2023-08-01,10917,1787,0.744,5.09,0.0128,3,0,False,False,False,False,False,False,False,False,False,
d6677a337bc07233,CAT,8-K,8-K,primary,2023-06-20,9788,1698,0.633,4.72,0.0287,18,0,False,False,False,False,False,False,False,False,False,
f569ce2ef49e0cea,CAT,8-K,EX-99.1,exhibit,2023-06-20,2154,309,0.784,5.93,0.0136,0,0,False,False,False,False,False,False,False,False,False,
2379420def4ead09,CAT,10-Q,10-Q,primary,2023-05-03,233817,47936,0.567,3.62,0.0093,68,8,False,False,False,False,False,False,False,False,False,info:page_artifacts_dropped:167
f566d6b3bca03870,CAT,8-K,8-K,primary,2023-04-27,4436,885,0.585,3.81,0.0499,5,0,False,False,False,False,False,False,False,False,False,
54dde99df90c382b,CAT,8-K,EX-99.1,exhibit,2023-04-27,74680,17371,0.436,2.94,0.0128,27,0,False,False,False,False,False,False,True,True,False,info:page_artifacts_dropped:69
1e49e6c2b52fa267,CAT,8-K,EX-99.2,exhibit,2023-04-27,11191,1828,0.747,5.1,0.0139,3,0,False,False,False,False,False,False,False,False,False,
331f789634de2a8d,CAT,10-K,10-K,primary,2023-02-15,525206,100593,0.62,4.0,0.0136,125,21,False,False,False,False,False,False,False,False,False,info:page_artifacts_dropped:261
d4fa6e5554c7435e,CAT,8-K,8-K,primary,2023-02-02,5179,1015,0.614,3.93,0.0351,5,0,False,False,False,False,False,False,False,False,False,
9cbf05cc5cf986da,CAT,8-K,EX-99.1,exhibit,2023-02-02,8312,1202,0.801,5.89,0.006,0,0,False,False,False,False,False,False,False,False,False,
2f497931545018f7,CAT,8-K,8-K,primary,2023-01-31,4530,903,0.586,3.82,0.049,5,0,False,False,False,False,False,False,False,False,False,
82d128235c90943c,CAT,8-K,EX-99.1,exhibit,2023-01-31,88608,20539,0.433,2.96,0.0151,31,0,False,False,False,False,False,False,True,True,False,info:page_artifacts_dropped:82
d7ffd694f320000a,CAT,8-K,EX-99.2,exhibit,2023-01-31,10309,1750,0.73,4.85,0.0151,3,0,False,False,False,False,False,False,False,False,False,
5708596d1ba2b9c8,DELL,8-K,8-K,primary,2026-09-10,6473,1108,0.669,4.76,0.0336,11,0,False,False,False,False,False,False,False,False,False,info:page_artifacts_dropped:2
c65dc3808c639018,DELL,10-Q,10-Q,primary,2026-09-08,234289,45098,0.624,4.0,0.0081,71,9,False,False,False,False,False,False,False,False,False,info:page_artifacts_dropped:265
ead160e8a0f06e7d,DELL,8-K,8-K,primary,2026-09-01,4093,713,0.667,4.66,0.0308,10,0,False,False,False,False,False,False,False,False,False,info:page_artifacts_dropped:2
28fa20706efeaf74,DELL,8-K,EX-99.1,exhibit,2026-09-01,41427,9300,0.453,3.15,0.0098,14,0,False,False,False,False,False,False,True,True,False,info:page_artifacts_dropped:26
72707aa60a8e4312,DELL,8-K,8-K,primary,2026-07-06,5496,979,0.682,4.54,0.0219,13,0,False,False,False,False,False,False,False,False,False,
c7130df7742f7d9b,DELL,8-K,8-K,primary,2026-07-01,14590,2505,0.698,4.76,0.0184,17,0,False,False,False,False,False,False,False,False,False,info:page_artifacts_dropped:5
465e5408a7a8ffc0,DELL,8-K,8-K,primary,2026-06-17,4887,851,0.68,4.69,0.0611,9,0,False,False,False,False,False,False,False,False,True,info:page_artifacts_dropped:2
0cee50c09e8b7baf,DELL,8-K,8-K,primary,2026-06-16,10583,1846,0.686,4.68,0.0265,12,0,False,False,False,False,False,False,False,False,False,
664b73a38044c5f4,DELL,8-K,8-K,primary,2026-06-12,5952,1026,0.67,4.72,0.0362,11,0,False,False,False,False,False,False,False,False,False,info:page_artifacts_dropped:1
b50599fd69f1ec38,DELL,8-K,8-K,primary,2026-06-10,6993,1198,0.703,4.77,0.0274,14,0,False,False,False,False,False,False,False,False,False,
b3b2a3c28ae9bf29,DELL,10-Q,10-Q,primary,2026-06-09,213207,39540,0.658,4.23,0.0068,76,9,False,False,False,False,False,False,False,False,False,info:page_artifacts_dropped:269
e9ea37ee042ab220,DELL,8-K,8-K,primary,2026-05-28,4068,711,0.665,4.65,0.0309,10,0,False,False,False,False,False,False,False,False,False,info:page_artifacts_dropped:2
29be9f5e6102ddf4,DELL,8-K,EX-99.1,exhibit,2026-05-28,32030,6395,0.562,3.78,0.0089,12,0,False,False,False,False,False,False,False,False,False,info:page_artifacts_dropped:26
1154a0eeb51d59e6,DELL,8-K,8-K,primary,2026-04-20,4873,845,0.683,4.71,0.0613,9,0,False,False,False,False,False,False,False,False,True,info:page_artifacts_dropped:2
3428b18576c36311,DELL,10-K,10-K,primary,2026-03-16,538462,92962,0.707,4.67,0.0133,108,20,False,False,False,False,False,False,False,False,False,info:page_artifacts_dropped:454
62cc6b3dc3885c3f,DELL,8-K,8-K,primary,2026-02-26,4109,714,0.668,4.68,0.0308,10,0,False,False,False,False,False,False,False,False,False,info:page_artifacts_dropped:2
667e8b69326fa240,DELL,8-K,EX-99.1,exhibit,2026-02-26,42615,9333,0.473,3.27,0.0083,12,0,False,False,False,False,False,False,True,True,False,info:page_artifacts_dropped:26
2c607492e067bca1,DELL,10-Q,10-Q,primary,2025-12-09,261204,51220,0.612,3.9,0.0073,82,9,False,False,False,False,False,False,False,False,False,info:page_artifacts_dropped:308
6da4d3abb9ec8ab9,DELL,8-K,8-K,primary,2025-11-25,4093,711,0.667,4.68,0.0309,10,0,False,False,False,False,False,False,False,False,False,info:page_artifacts_dropped:2
129d8af7f8a461a9,DELL,8-K,EX-99.1,exhibit,2025-11-25,41141,9072,0.469,3.23,0.0087,12,0,False,False,False,False,False,False,True,True,False,info:page_artifacts_dropped:26
07d68fa2e2c643b6,DELL,8-K,8-K,primary,2025-10-07,4846,858,0.671,4.56,0.0291,11,0,False,False,False,False,False,False,False,False,False,
c95c3c34cf70a019,DELL,8-K,EX-99.1,exhibit,2025-10-07,45684,7101,0.743,5.43,0.0221,0,0,False,False,False,False,False,False,False,False,False,info:page_artifacts_dropped:10
323f2ffc7edeee4d,DELL,8-K,EX-99.2,exhibit,2025-10-07,11283,1712,0.774,5.55,0.0061,12,0,False,False,False,False,False,False,False,False,False,
3d431b3fe2bfa2e4,DELL,8-K,8-K,primary,2025-10-06,12007,2101,0.682,4.67,0.0272,13,0,False,False,False,False,False,False,False,False,False,
bb12d476106c1d48,DELL,8-K,8-K,primary,2025-10-02,6323,1053,0.715,4.95,0.0222,10,0,False,False,False,False,False,False,False,False,False,info:page_artifacts_dropped:2
7cf4f1666ddecd8d,DELL,8-K,8-K,primary,2025-09-26,4859,836,0.688,4.75,0.0616,9,0,False,False,False,False,False,False,False,False,True,info:page_artifacts_dropped:2
4afff44d4a7c97a7,DELL,8-K,8-K,primary,2025-09-23,6326,1079,0.672,4.79,0.0319,11,0,False,False,False,False,False,False,False,False,False,info:page_artifacts_dropped:2
41736007505bf3af,DELL,8-K,8-K,primary,2025-09-08,5639,930,0.711,5.01,0.0239,9,0,False,False,False,False,False,False,False,False,False,info:page_artifacts_dropped:2
a1af817b424d2f32,DELL,10-Q,10-Q,primary,2025-09-08,259053,50872,0.614,3.89,0.0065,81,9,False,False,False,False,False,False,False,False,False,info:page_artifacts_dropped:288
41c4162f4283d7eb,DELL,8-K,8-K,primary,2025-08-28,4083,711,0.667,4.67,0.0309,10,0,False,False,False,False,False,False,False,False,False,info:page_artifacts_dropped:2
2e7cc9691c265e6e,DELL,8-K,EX-99.1,exhibit,2025-08-28,40620,9013,0.466,3.2,0.0089,12,0,False,False,False,False,False,False,True,True,False,info:page_artifacts_dropped:26
558d35f38b8e1c01,DELL,8-K,8-K,primary,2025-08-12,4755,802,0.691,4.87,0.0288,9,0,False,False,False,False,False,False,False,False,False,info:page_artifacts_dropped:2
3938e85ab558b487,DELL,8-K,8-K,primary,2025-07-16,4833,839,0.684,4.7,0.0615,9,0,False,False,False,False,False,False,False,False,True,info:page_artifacts_dropped:2
e97728d80eb17925,DELL,8-K,8-K,primary,2025-07-01,6630,1193,0.622,4.47,0.0294,13,0,False,False,False,False,False,False,False,False,False,info:page_artifacts_dropped:3
2a1f732654c53d83,DELL,10-Q,10-Q,primary,2025-06-10,231510,43040,0.659,4.21,0.0075,78,9,False,False,False,False,False,False,False,False,False,info:page_artifacts_dropped:290
97eeda626fc80f8e,DELL,8-K,8-K,primary,2025-05-29,4068,711,0.665,4.65,0.0309,10,0,False,False,False,False,False,False,False,False,False,info:page_artifacts_dropped:2
1445e23830cbb99a,DELL,8-K,EX-99.1,exhibit,2025-05-29,32302,6411,0.57,3.81,0.0091,12,0,False,False,False,False,False,False,False,False,False,info:page_artifacts_dropped:26
9ab4ff2042811e94,DELL,8-K,8-K,primary,2025-04-01,11953,2105,0.681,4.63,0.0272,13,0,False,False,False,False,False,False,False,False,False,
f2a4847fe5ddf441,DELL,8-K,8-K,primary,2025-03-27,6200,1065,0.668,4.75,0.0373,11,0,False,False,False,False,False,False,False,False,False,info:page_artifacts_dropped:2
0d6d5b952af1dc34,DELL,10-K,10-K,primary,2025-03-25,578857,102023,0.694,4.54,0.0134,119,20,False,False,False,False,False,False,False,False,False,info:page_artifacts_dropped:496
b8b50469d2bb4820,DELL,8-K,8-K,primary,2025-02-27,5477,921,0.701,4.88,0.0224,10,0,False,False,False,False,False,False,False,False,False,info:page_artifacts_dropped:2
70e9359f713445c7,DELL,8-K,EX-99.1,exhibit,2025-02-27,61743,14834,0.405,2.84,0.0072,18,0,False,False,False,False,False,False,True,True,False,info:page_artifacts_dropped:52
5e13d726133d6e7b,DELL,8-K,8-K,primary,2025-01-14,4838,836,0.688,4.73,0.0616,9,0,False,False,False,False,False,False,False,False,True,info:page_artifacts_dropped:2
d117f3de53f6d95e,DELL,10-Q,10-Q,primary,2024-12-10,269051,52621,0.616,3.91,0.0072,80,9,False,False,False,False,False,False,False,False,False,info:page_artifacts_dropped:312
f690ac6c4f649fa1,DELL,8-K,8-K,primary,2024-12-03,5009,865,0.693,4.73,0.0346,9,0,False,False,False,False,False,False,False,False,False,info:page_artifacts_dropped:2
76c086e10df86939,DELL,8-K,8-K,primary,2024-11-26,4093,711,0.667,4.68,0.0309,10,0,False,False,False,False,False,False,False,False,False,info:page_artifacts_dropped:2
1d40b1bef2155083,DELL,8-K,EX-99.1,exhibit,2024-11-26,37370,8502,0.441,3.08,0.0073,11,0,False,False,False,False,False,False,True,True,False,info:page_artifacts_dropped:23
d050b62f4002bb45,DELL,8-K,8-K,primary,2024-10-08,9646,1685,0.695,4.67,0.0269,12,0,False,False,False,False,False,False,False,False,False,
d646532fedc30fd2,DELL,8-K,8-K,primary,2024-10-02,5840,1002,0.678,4.75,0.0382,11,0,False,False,False,False,False,False,False,False,False,info:page_artifacts_dropped:2
a210c9c309de34cc,DELL,8-K,EX-99.1,exhibit,2024-10-02,120156,19269,0.784,5.21,0.0179,11,0,False,False,False,False,False,False,False,False,False,
bc681297a97f7b6b,DELL,8-K,8-K,primary,2024-09-19,5084,875,0.694,4.75,0.0342,9,0,False,False,False,False,False,False,False,False,False,info:page_artifacts_dropped:2
3e7067ba75013c9a,DELL,10-Q,10-Q,primary,2024-09-10,261262,51404,0.613,3.88,0.0068,79,9,False,False,False,False,False,False,False,False,False,info:page_artifacts_dropped:299
aaba2c360410a693,DELL,8-K,8-K,primary,2024-08-29,4083,711,0.667,4.67,0.0309,10,0,False,False,False,False,False,False,False,False,False,info:page_artifacts_dropped:2
f98fe5ae92c2657b,DELL,8-K,EX-99.1,exhibit,2024-08-29,37070,8428,0.444,3.08,0.0073,11,0,False,False,False,False,False,False,True,True,False,info:page_artifacts_dropped:23
578f9bd938c2f9e9,DELL,8-K,8-K,primary,2024-07-12,4857,862,0.68,4.55,0.0617,9,0,False,False,False,False,False,False,False,False,True,
22cb9278a5f0b579,DELL,8-K,8-K,primary,2024-07-02,7645,1376,0.621,4.47,0.028,15,0,False,False,False,False,False,False,False,False,False,info:page_artifacts_dropped:3
dfe5ea524d5bcabc,DELL,10-Q,10-Q,primary,2024-06-11,229619,43025,0.654,4.16,0.0073,76,9,False,False,False,False,False,False,False,False,False,info:page_artifacts_dropped:296
be9d585e62d6d6a4,DELL,8-K,8-K,primary,2024-06-10,4809,835,0.69,4.7,0.0613,9,0,False,False,False,False,False,False,False,False,True,info:page_artifacts_dropped:2
2c10ed2ed41476d1,DELL,8-K,8-K,primary,2024-05-30,4068,711,0.665,4.65,0.0309,10,0,False,False,False,False,False,False,False,False,False,info:page_artifacts_dropped:2
5568e35a1204215f,DELL,8-K,EX-99.1,exhibit,2024-05-30,29722,5994,0.561,3.73,0.0082,11,0,False,False,False,False,False,False,False,False,False,info:page_artifacts_dropped:23
e0c310fa4682d09b,DELL,8-K,8-K,primary,2024-03-26,4746,825,0.682,4.69,0.0613,9,0,False,False,False,False,False,False,False,False,True,info:page_artifacts_dropped:2
67402f2d19ab7cce,DELL,10-K,10-K,primary,2024-03-25,571763,99527,0.702,4.62,0.0139,111,20,False,False,False,False,False,False,False,False,False,info:page_artifacts_dropped:485
2fab565acb9b1073,DELL,8-K,8-K,primary,2024-03-18,8186,1432,0.701,4.66,0.0254,12,0,False,False,False,False,False,False,False,False,False,
07f643fa69b3099c,DELL,8-K,8-K,primary,2024-03-07,6249,1077,0.708,4.76,0.0531,9,0,False,False,False,False,False,False,False,False,True,info:page_artifacts_dropped:2
6971e98b93d9ca09,DELL,8-K,8-K,primary,2024-03-06,5497,946,0.679,4.73,0.0405,11,0,False,False,False,False,False,False,False,False,False,
1c7439e9d741ce58,DELL,8-K,EX-99.1,exhibit,2024-03-06,118476,18877,0.792,5.25,0.0178,8,0,False,False,False,False,False,False,False,False,False,
d1be1a78d1670431,DELL,8-K,8-K,primary,2024-02-29,4109,714,0.668,4.68,0.0308,10,0,False,False,False,False,False,False,False,False,False,info:page_artifacts_dropped:2
f0c3bb01f1455e30,DELL,8-K,EX-99.1,exhibit,2024-02-29,41069,9151,0.458,3.17,0.0073,11,0,False,False,False,False,False,False,True,True,False,info:page_artifacts_dropped:24
0279810bdc54cbc5,DELL,8-K,8-K,primary,2024-01-30,3631,625,0.668,4.73,0.0283,9,0,False,False,False,False,False,False,False,False,False,info:page_artifacts_dropped:2
40301958e1b692af,DELL,8-K,8-K,primary,2024-01-18,5288,911,0.703,4.75,0.0576,9,0,False,False,False,False,False,False,False,False,True,info:page_artifacts_dropped:2
f1963b19706c9b4d,DELL,8-K,8-K,primary,2023-12-18,6129,1071,0.663,4.65,0.0276,11,0,False,False,False,False,False,False,False,False,False,
08ae947da20fad9d,DELL,8-K,EX-99.1,exhibit,2023-12-18,14115,2193,0.742,5.4,0.0256,4,0,False,False,False,False,False,False,False,False,False,info:page_artifacts_dropped:4
d22691836ab44ecb,DELL,8-K,EX-99.2,exhibit,2023-12-18,14786,2337,0.731,5.28,0.0361,7,0,False,False,False,False,False,False,False,False,False,info:page_artifacts_dropped:4
c4a691841b912866,DELL,10-Q,10-Q,primary,2023-12-08,287838,55970,0.618,3.94,0.0073,83,9,False,False,False,False,False,False,False,False,False,info:page_artifacts_dropped:335
f618c16ffa21efd7,DELL,8-K,8-K,primary,2023-12-05,5241,904,0.699,4.74,0.0327,9,0,False,False,False,False,False,False,False,False,False,info:page_artifacts_dropped:2
b3c3e11788c61c0a,DELL,8-K,8-K,primary,2023-12-04,4634,823,0.64,4.54,0.0381,11,0,False,False,False,False,False,False,False,False,False,
d89f9f890266d9bb,DELL,8-K,EX-99.1,exhibit,2023-12-04,19475,3078,0.753,5.29,0.0186,6,0,False,False,False,False,False,False,False,False,False,
d9c730baa6758286,DELL,8-K,8-K,primary,2023-11-30,4093,711,0.667,4.68,0.0309,10,0,False,False,False,False,False,False,False,False,False,info:page_artifacts_dropped:2
65ea734cef0c2cf7,DELL,8-K,EX-99.1,exhibit,2023-11-30,43419,9732,0.452,3.13,0.0057,13,0,False,False,False,False,False,False,True,True,False,info:page_artifacts_dropped:24
d290927e19ef3945,DELL,8-K,8-K,primary,2023-10-05,5731,992,0.697,4.7,0.0264,12,0,False,False,False,False,False,False,False,False,False,info:page_artifacts_dropped:2
129aef7b8816058c,DELL,8-K,EX-99.1,exhibit,2023-10-05,35451,5211,0.79,5.79,0.0199,0,0,False,False,False,False,False,False,False,False,False,info:page_artifacts_dropped:13
af4f50696ac17b13,DELL,8-K,8-K,primary,2023-09-26,6085,1013,0.718,4.96,0.024,9,0,False,False,False,False,False,False,False,False,False,info:page_artifacts_dropped:2
322d3d7b1634edfc,DELL,10-Q,10-Q,primary,2023-09-12,280700,54754,0.617,3.92,0.0071,82,9,False,False,False,False,False,False,False,False,False,info:page_artifacts_dropped:333
19b119eda333a7db,DELL,8-K,8-K,primary,2023-08-31,4083,711,0.667,4.67,0.0309,10,0,False,False,False,False,False,False,False,False,False,info:page_artifacts_dropped:2
251fe7d746ea8ba2,DELL,8-K,EX-99.1,exhibit,2023-08-31,43502,9773,0.454,3.12,0.0056,13,0,False,False,False,False,False,False,True,True,False,info:page_artifacts_dropped:24
ebd141f2ce999faf,DELL,8-K,8-K,primary,2023-07-28,3757,643,0.665,4.77,0.0338,9,0,False,False,False,False,False,False,False,False,False,info:page_artifacts_dropped:2
1005f15b1f1c6891,DELL,8-K,8-K,primary,2023-07-13,5085,894,0.698,4.62,0.0571,9,0,False,False,False,False,False,False,False,False,True,info:page_artifacts_dropped:2
37382c6bafd54b2b,DELL,8-K,8-K,primary,2023-06-30,5149,915,0.661,4.54,0.0314,11,0,False,False,False,False,False,False,False,False,False,
b6ed381eac1e45dd,DELL,8-K,EX-99.1,exhibit,2023-06-30,12194,1881,0.75,5.44,0.0221,3,0,False,False,False,False,False,False,False,False,False,info:page_artifacts_dropped:3
b82d3efdcbaeec66,DELL,8-K,EX-99.2,exhibit,2023-06-30,13152,2100,0.732,5.19,0.0343,6,0,False,False,False,False,False,False,False,False,False,info:page_artifacts_dropped:4
572f2c21e484f1ee,DELL,8-K,8-K,primary,2023-06-22,10215,1809,0.653,4.57,0.023,16,0,False,False,False,False,False,False,False,False,False,info:page_artifacts_dropped:4
dcb2417e5b99309b,DELL,8-K,8-K,primary,2023-06-15,4202,746,0.642,4.54,0.0403,11,0,False,False,False,False,False,False,False,False,False,
0acbfd32e910b8c6,DELL,8-K,EX-99.1,exhibit,2023-06-15,16987,2650,0.759,5.37,0.0173,5,0,False,False,False,False,False,False,False,False,False,
00e064af66f8c90e,DELL,10-Q,10-Q,primary,2023-06-12,243967,45406,0.656,4.2,0.0066,77,8,False,False,False,False,False,False,False,False,False,info:page_artifacts_dropped:318
b9ede8d2b5bcf2f6,DELL,8-K,8-K,primary,2023-06-01,4068,711,0.666,4.65,0.0309,10,0,False,False,False,False,False,False,False,False,False,info:page_artifacts_dropped:2
72787818308b65b9,DELL,8-K,EX-99.1,exhibit,2023-06-01,31396,6245,0.567,3.79,0.0068,11,0,False,False,False,False,False,False,False,False,False,info:page_artifacts_dropped:21
098921811a7e64a1,DELL,10-K,10-K,primary,2023-03-30,588653,102282,0.702,4.63,0.0133,113,18,False,False,False,False,False,False,False,False,False,info:page_artifacts_dropped:488
737003d542e1ea56,DELL,8-K,8-K,primary,2023-03-02,6479,1066,0.71,5.02,0.027,10,0,False,False,False,False,False,False,False,False,False,info:page_artifacts_dropped:2
0b834a08fe2ca346,DELL,8-K,EX-99.1,exhibit,2023-03-02,44369,9464,0.501,3.41,0.006,10,0,False,False,False,False,False,False,False,True,False,info:page_artifacts_dropped:24
52f6b5240b1e370a,DELL,8-K,8-K,primary,2023-02-06,5572,957,0.701,4.75,0.0286,12,0,False,False,False,False,False,False,False,False,False,info:page_artifacts_dropped:2
f02ac41cef6eeb21,DELL,8-K,EX-99.1,exhibit,2023-02-06,3530,605,0.774,4.8,0.0,3,0,False,False,False,False,False,False,False,False,False,
54324b02e100a893,DELL,8-K,8-K,primary,2023-01-24,9570,1681,0.689,4.64,0.0279,12,0,False,False,False,False,False,False,False,False,False,
ba45d6e61a26eebf,DELL,8-K,8-K,primary,2023-01-11,5831,1003,0.675,4.73,0.0358,11,0,False,False,False,False,False,False,False,False,False,
247480a5af36ab5b,DELL,8-K,EX-99.1,exhibit,2023-01-11,119534,19184,0.783,5.2,0.0178,10,0,False,False,False,False,False,False,False,False,False,info:page_artifacts_dropped:1
3dd3370e900c327b,INTC,8-K,8-K,primary,2026-08-12,5399,949,0.665,4.61,0.0278,12,0,False,False,False,False,False,False,False,False,False,
3aec017ed163c2ba,INTC,8-K,EX-99.1,exhibit,2026-08-12,10391,1705,0.712,5.02,0.0157,29,0,False,False,False,False,False,False,False,False,False,
4f01ff2c76aeaead,INTC,8-K,EX-99.2,exhibit,2026-08-12,10341,1699,0.71,5.02,0.0172,28,0,False,False,False,False,False,False,False,False,False,
a6f236547a43bf94,INTC,10-Q,10-Q,primary,2026-07-24,185829,34932,0.631,4.15,0.0085,123,0,False,False,False,False,False,False,False,False,False,info:page_artifacts_dropped:67;sections_cross_reference_index
0b4a3454d2869ebd,INTC,8-K,8-K,primary,2026-07-23,4420,720,0.714,5.07,0.0207,4,0,False,False,False,False,False,False,False,False,False,
57c9a0e925cb8e7b,INTC,8-K,EX-99.1,exhibit,2026-07-23,44303,8047,0.628,4.31,0.0094,15,0,False,False,False,False,False,False,False,False,False,info:page_artifacts_dropped:9
0feccb1d8668eeff,INTC,8-K,8-K,primary,2026-05-15,6330,1161,0.515,4.32,0.0347,11,0,False,False,False,False,False,False,False,False,False,
eec0e9fa9e6876d7,INTC,8-K,8-K,primary,2026-04-30,6943,1187,0.654,4.77,0.021,10,0,False,False,False,False,False,False,False,False,False,
c1ef121a28f1a258,INTC,8-K,8-K,primary,2026-04-24,3480,571,0.698,5.01,0.0268,4,0,False,False,False,False,False,False,False,False,False,
428aa2378dc5709e,INTC,10-Q,10-Q,primary,2026-04-24,166750,30127,0.669,4.39,0.0085,139,0,False,False,False,False,False,False,False,False,False,info:page_artifacts_dropped:51;sections_cross_reference_index
71bd6f951100013f,INTC,8-K,8-K,primary,2026-04-23,4390,716,0.713,5.06,0.0208,4,0,False,False,False,False,False,False,False,False,False,
794c20f24c5afa9a,INTC,8-K,EX-99.1,exhibit,2026-04-23,42735,7851,0.626,4.24,0.0087,15,0,False,False,False,False,False,False,False,False,False,info:page_artifacts_dropped:9
267b96e3a0e1f660,INTC,8-K,8-K,primary,2026-04-08,3980,657,0.705,4.98,0.023,4,0,False,False,False,False,False,False,False,False,False,
b46eaeca7b677931,INTC,8-K,8-K,primary,2026-04-03,3468,577,0.694,4.92,0.0267,4,0,False,False,False,False,False,False,False,False,False,
2fde2520771f7952,INTC,8-K,8-K,primary,2026-03-03,4097,695,0.697,4.82,0.0271,4,0,False,False,False,False,False,False,False,False,False,
e24cab174f03e1f6,INTC,8-K,EX-99.1,exhibit,2026-03-03,4971,746,0.806,5.64,0.0109,0,0,False,False,False,False,False,False,False,False,False,
e914ba1accb3f729,INTC,8-K,8-K,primary,2026-01-23,4897,807,0.72,5.0,0.0181,4,0,False,False,False,False,False,False,False,False,False,
ee34a0db9e45ef3e,INTC,10-K,10-K,primary,2026-01-23,563741,95413,0.719,4.81,0.0107,287,0,False,False,False,False,False,False,False,False,False,info:page_artifacts_dropped:47;sections_cross_reference_index
47642928bdc2d032,INTC,8-K,8-K,primary,2026-01-22,4403,716,0.714,5.08,0.0208,4,0,False,False,False,False,False,False,False,False,False,
d8dbceff72927757,INTC,8-K,EX-99.1,exhibit,2026-01-22,54886,10803,0.568,3.84,0.0103,19,0,False,False,False,False,False,False,False,False,False,info:page_artifacts_dropped:9
0dd4c29460483045,INTC,8-K,8-K,primary,2025-12-29,3457,573,0.687,4.95,0.0308,3,0,False,False,False,False,False,False,False,False,False,
4d9cd8732dcf8b7f,INTC,8-K,8-K,primary,2025-11-12,7536,1199,0.743,5.24,0.0201,4,0,False,False,False,False,False,False,False,False,False,
c56e1d5566281d37,INTC,8-K,EX-99.1,exhibit,2025-11-12,2722,402,0.8,5.73,0.0075,0,0,False,False,False,False,False,False,False,False,False,
2e733c77b2b93aac,INTC,10-Q,10-Q,primary,2025-11-06,213353,39967,0.641,4.18,0.0119,161,0,False,False,False,False,False,False,False,False,False,info:page_artifacts_dropped:57;sections_cross_reference_index
4a437e35d63767f6,INTC,8-K,8-K,primary,2025-10-23,4404,716,0.714,5.08,0.0208,4,0,False,False,False,False,False,False,False,False,False,
3e4e4f29d85511b4,INTC,8-K,EX-99.1,exhibit,2025-10-23,48096,8738,0.636,4.31,0.0093,16,0,False,False,False,False,False,False,False,False,False,info:page_artifacts_dropped:9
30c2c358f263c0fa,INTC,8-K,8-K,primary,2025-09-29,3438,572,0.686,4.93,0.0309,3,0,False,False,False,False,False,False,False,False,False,
4d43d733d2523065,INTC,8-K,8-K,primary,2025-09-18,4556,739,0.708,5.09,0.0235,4,0,False,False,False,False,False,False,False,False,False,
dba8f4e3037aec95,INTC,8-K,EX-99.1,exhibit,2025-09-18,8085,1190,0.811,5.78,0.0051,0,0,False,False,False,False,False,False,False,False,False,info:page_artifacts_dropped:3
b1eaee36987709a3,INTC,8-K,8-K,primary,2025-09-15,13540,2057,0.763,5.52,0.0124,6,0,False,False,False,False,False,False,False,False,False,
bab7f6c35d6bb00c,INTC,8-K,8-K,primary,2025-09-08,3713,616,0.699,4.95,0.0247,4,0,False,False,False,False,False,False,False,False,False,
ee0a15d63979eec6,INTC,8-K,8-K,primary,2025-09-05,5412,897,0.712,4.98,0.0228,4,0,False,False,False,False,False,False,False,False,False,
c6a48ec69a62d818,INTC,8-K,8-K,primary,2025-08-29,6749,1108,0.729,5.04,0.0189,4,0,False,False,False,False,False,False,False,False,False,
026604d5d310ef6c,INTC,8-K,8-K,primary,2025-08-25,18693,2961,0.78,5.29,0.0111,4,0,False,False,False,False,False,False,False,False,False,
c22b100c46d07420,INTC,8-K,EX-99.1,exhibit,2025-08-25,12028,1724,0.818,5.96,0.0386,0,0,False,False,False,False,False,False,False,False,False,
fe968d51c6099381,INTC,8-K,8-K,primary,2025-08-21,4343,714,0.699,5.01,0.0246,4,0,False,False,False,False,False,False,False,False,False,
8a7edea96e426808,INTC,8-K,EX-99.1,exhibit,2025-08-21,5250,765,0.804,5.84,0.0105,0,0,False,False,False,False,False,False,False,False,False,
2695adf8c68b4954,INTC,8-K,8-K,primary,2025-08-14,6966,1106,0.743,5.24,0.0198,4,0,False,False,False,False,False,False,False,False,False,
c2e6b7ede1e83494,INTC,10-Q,10-Q,primary,2025-07-24,198824,37377,0.639,4.15,0.0056,145,0,False,False,False,False,False,False,False,False,False,info:page_artifacts_dropped:52;sections_cross_reference_index
f5a5be5389c77b8e,INTC,8-K,8-K,primary,2025-07-24,7414,1175,0.745,5.26,0.0149,4,0,False,False,False,False,False,False,False,False,False,
9a1d5c36643ff705,INTC,8-K,EX-99.1,exhibit,2025-07-24,45036,8277,0.624,4.24,0.0055,15,0,False,False,False,False,False,False,False,False,False,info:page_artifacts_dropped:9
cc29a09d3af6a4ac,INTC,8-K,8-K,primary,2025-05-09,6028,1102,0.519,4.34,0.0361,10,0,False,False,False,False,False,False,False,False,False,
d8699c3e717994ae,INTC,8-K,8-K,primary,2025-04-30,3294,547,0.688,4.93,0.0286,4,0,False,False,False,False,False,False,False,False,False,
281e1de682801aec,INTC,10-Q,10-Q,primary,2025-04-25,143138,27060,0.636,4.12,0.0064,132,0,False,False,False,False,False,False,False,False,False,info:page_artifacts_dropped:45;sections_cross_reference_index
a5466443676860d3,INTC,8-K,8-K,primary,2025-04-24,4390,716,0.713,5.06,0.0208,4,0,False,False,False,False,False,False,False,False,False,
2ed3fe609dc57f3e,INTC,8-K,EX-99.1,exhibit,2025-04-24,44645,8253,0.622,4.21,0.0062,15,0,False,False,False,False,False,False,False,False,False,info:page_artifacts_dropped:9
96798f9f0ae9390d,INTC,8-K,8-K,primary,2025-04-17,27582,4290,0.797,5.4,0.0075,4,0,False,False,False,False,False,False,False,False,False,
fe157884a198ca42,INTC,8-K,8-K,primary,2025-04-14,6436,1106,0.712,4.75,0.0205,12,0,False,False,False,False,False,False,False,False,False,
cbbcdb3703df8020,INTC,8-K,EX-99.1,exhibit,2025-04-14,10337,1571,0.791,5.54,0.0021,1,0,False,False,False,False,False,False,False,False,False,
50584faca8eb43a6,INTC,8-K,8-K,primary,2025-03-28,4092,670,0.709,5.03,0.0241,4,0,False,False,False,False,False,False,False,False,False,
c67042427d550413,INTC,8-K,8-K,primary,2025-03-14,13215,2199,0.752,4.98,0.0125,4,0,False,False,False,False,False,False,False,False,False,
7b7bd7f236585658,INTC,8-K,EX-99.1,exhibit,2025-03-14,5816,880,0.803,5.58,0.0046,0,0,False,False,False,False,False,False,False,False,False,
6b21fbc6e7523eb0,INTC,8-K,8-K,primary,2025-02-28,4564,738,0.712,5.11,0.0201,4,0,False,False,False,False,False,False,False,False,False,
7cab42faf96d8547,INTC,10-K,10-K,primary,2025-01-31,516854,89086,0.706,4.69,0.0055,271,0,False,False,False,False,False,False,False,False,False,info:page_artifacts_dropped:135;sections_cross_reference_index
f1df69679a83d6c0,INTC,8-K,8-K,primary,2025-01-30,4410,718,0.714,5.07,0.0208,4,0,False,False,False,False,False,False,False,False,False,
07c968f4062e2730,INTC,8-K,EX-99.1,exhibit,2025-01-30,51498,9830,0.59,4.02,0.0072,16,0,False,False,False,False,False,False,False,False,False,info:page_artifacts_dropped:9
0d14be2dd0a7c266,INTC,8-K,8-K,primary,2024-12-05,10769,1657,0.762,5.46,0.0188,4,0,False,False,False,False,False,False,False,False,False,info:page_artifacts_dropped:4
418148655936c045,INTC,8-K,EX-99.1,exhibit,2024-12-05,3868,568,0.804,5.78,0.0054,0,0,False,False,False,False,False,False,False,False,False,
71ef3ecc7476bd81,INTC,8-K,8-K,primary,2024-12-03,8330,1321,0.756,5.26,0.012,4,0,False,False,False,False,False,False,False,False,False,info:page_artifacts_dropped:4
e8885d3d261394ac,INTC,8-K,EX-99.1,exhibit,2024-12-03,12967,1842,0.807,5.99,0.0044,0,0,False,False,False,False,False,False,False,False,False,
2815ae90e47b9997,INTC,8-K,8-K,primary,2024-11-27,8874,1399,0.759,5.3,0.0216,4,0,False,False,False,False,False,False,False,False,False,info:page_artifacts_dropped:4
1f6b6cbe325f5504,INTC,8-K,EX-99.1,exhibit,2024-11-27,16027,2210,0.809,6.21,0.0304,0,0,False,False,False,False,False,False,False,False,False,
dc30fa9a40233d97,INTC,10-Q,10-Q,primary,2024-11-01,187421,35072,0.64,4.18,0.0062,167,0,False,False,False,False,False,False,False,False,False,info:page_artifacts_dropped:64;sections_cross_reference_index
85b511831c1bbd9b,INTC,8-K,8-K,primary,2024-10-31,7716,1201,0.752,5.38,0.0126,4,0,False,False,False,False,False,False,False,False,False,
3576127475d7df38,INTC,8-K,EX-99.1,exhibit,2024-10-31,48396,8756,0.642,4.34,0.0076,15,0,False,False,False,False,False,False,False,False,False,info:page_artifacts_dropped:9
bb9fe313b239a067,INTC,8-K,8-K,primary,2024-08-22,3311,553,0.696,4.9,0.0271,3,0,False,False,False,False,False,False,False,False,False,
bd4bcb0513822a7c,INTC,10-Q,10-Q,primary,2024-08-02,170127,32606,0.625,4.04,0.007,161,0,False,False,False,False,False,False,False,False,False,info:page_artifacts_dropped:59;sections_cross_reference_index
99efa968326f0672,INTC,8-K,8-K,primary,2024-08-01,4375,714,0.714,5.05,0.0209,4,0,False,False,False,False,False,False,False,False,False,
491ef3b54d0e0c08,INTC,8-K,EX-99.1,exhibit,2024-08-01,48622,8763,0.644,4.37,0.006,14,0,False,False,False,False,False,False,False,False,False,info:page_artifacts_dropped:9
fd97b4e6f29ebc4a,INTC,8-K,8-K,primary,2024-06-14,4317,696,0.716,5.13,0.0209,3,0,False,False,False,False,False,False,False,False,False,
1fe4c44ace2e7486,INTC,8-K,8-K,primary,2024-06-04,14302,2198,0.779,5.46,0.0079,4,0,False,False,False,False,False,False,False,False,False,
74b7746e163db91a,INTC,8-K,EX-99.1,exhibit,2024-06-04,12220,1756,0.809,5.92,0.0029,0,0,False,False,False,False,False,False,False,False,False,
eaac7c89031b6206,INTC,8-K,8-K,primary,2024-05-09,5992,1084,0.518,4.39,0.0383,9,0,False,False,False,False,False,False,False,False,False,
744296e86c9f4b32,INTC,8-K,8-K,primary,2024-05-08,6991,1063,0.761,5.51,0.0169,3,0,False,False,False,False,False,False,False,False,False,
26288c41c765b7d3,INTC,10-Q,10-Q,primary,2024-04-26,142514,26637,0.648,4.19,0.007,148,0,False,False,False,False,False,False,False,False,False,info:page_artifacts_dropped:55;sections_cross_reference_index
a9c0eeebbf8f6f6f,INTC,8-K,8-K,primary,2024-04-25,6913,1094,0.743,5.27,0.0172,4,0,False,False,False,False,False,False,False,False,False,
c71ef07892f5cf29,INTC,8-K,EX-99.1,exhibit,2024-04-25,40899,7492,0.631,4.27,0.0066,12,0,False,False,False,False,False,False,False,False,False,info:page_artifacts_dropped:8
910da232f1ffaa75,INTC,8-K,EX-99.2,exhibit,2024-04-25,3335,949,0.194,2.07,0.0,1,0,False,False,False,False,False,False,True,True,False,
e303af8783a318ab,INTC,8-K,8-K,primary,2024-04-02,6511,1049,0.733,5.16,0.0281,4,0,False,False,False,False,False,False,False,False,False,info:page_artifacts_dropped:3
6fd17fffa925f364,INTC,8-K,EX-99.1,exhibit,2024-04-02,42354,7422,0.68,4.57,0.0069,47,0,False,False,False,False,False,False,False,False,False,info:page_artifacts_dropped:13
5be19664bce04bf4,INTC,8-K,8-K,primary,2024-03-13,7486,1216,0.74,5.11,0.0179,4,0,False,False,False,False,False,False,False,False,False,
6ce97d255e0d6c36,INTC,8-K,EX-99,exhibit,2024-03-13,3599,543,0.788,5.59,0.0019,0,0,False,False,False,False,False,False,False,False,False,
680e3fda9f754174,INTC,8-K,8-K,primary,2024-02-21,6637,1142,0.662,4.73,0.0219,11,0,False,False,False,False,False,False,False,False,False,
312e5f2acdb1b6c6,INTC,8-K,8-K,primary,2024-02-16,3972,656,0.71,4.98,0.0229,4,0,False,False,False,False,False,False,False,False,False,
229237c55027919b,INTC,10-K,10-K,primary,2024-01-26,521998,89419,0.714,4.73,0.0057,292,0,False,False,False,False,False,False,False,False,False,info:page_artifacts_dropped:149;sections_cross_reference_index
68ebe9e8108ea8bd,INTC,10-K,EX-99.1,exhibit,2024-01-26,388,91,0.575,3.21,0.0,1,0,False,False,False,False,False,True,False,True,False,info:page_artifacts_dropped:1
7a29fe9b2d9b8bb5,INTC,8-K,8-K,primary,2024-01-25,4401,716,0.714,5.07,0.0208,4,0,False,False,False,False,False,False,False,False,False,
6e46fca0bcab5f4c,INTC,8-K,EX-99.1,exhibit,2024-01-25,50688,9749,0.592,3.98,0.0063,13,0,False,False,False,False,False,False,False,False,False,info:page_artifacts_dropped:8
9d6c5f8622480a3e,INTC,8-K,8-K,primary,2024-01-03,3414,569,0.688,4.91,0.0318,4,0,False,False,False,False,False,False,False,False,False,
8a5781e209407901,INTC,8-K,8-K,primary,2023-12-05,5688,930,0.734,5.05,0.0177,4,0,False,False,False,False,False,False,False,False,False,
05513669336e3fc1,INTC,8-K,8-K,primary,2023-10-30,5589,901,0.737,5.14,0.0183,4,0,False,False,False,False,False,False,False,False,False,
be35171ac40ed528,INTC,10-Q,10-Q,primary,2023-10-27,156216,30464,0.616,3.95,0.0068,152,0,False,False,False,False,False,False,False,False,False,info:page_artifacts_dropped:51;sections_cross_reference_index
ea83d67e1086242a,INTC,8-K,8-K,primary,2023-10-26,4400,716,0.714,5.07,0.0208,4,0,False,False,False,False,False,False,False,False,False,
ef644bfd1707eb12,INTC,8-K,EX-99.1,exhibit,2023-10-26,43310,7719,0.654,4.44,0.0054,14,0,False,False,False,False,False,False,False,False,False,info:page_artifacts_dropped:8
afb4c84b64c235aa,INTC,8-K,8-K,primary,2023-10-05,6641,1104,0.725,4.96,0.019,4,0,False,False,False,False,False,False,False,False,False,
666bc9bd9254e292,INTC,8-K,EX-99.1,exhibit,2023-10-05,10296,1535,0.807,5.68,0.0073,1,0,False,False,False,False,False,False,False,False,False,
6708de0749a159a1,INTC,8-K,8-K,primary,2023-08-16,3561,608,0.681,4.77,0.028,4,0,False,False,False,False,False,False,False,False,False,
0a1523a93d79008c,INTC,8-K,EX-99.1,exhibit,2023-08-16,6604,937,0.81,6.02,0.0086,0,0,False,False,False,False,False,False,False,False,False,
b538418c61e1798d,INTC,10-Q,10-Q,primary,2023-07-28,153139,29944,0.614,3.93,0.0068,152,0,False,False,False,False,False,False,False,False,False,info:page_artifacts_dropped:50;sections_cross_reference_index
389f5f63bd2f5915,INTC,8-K,8-K,primary,2023-07-27,4403,723,0.71,5.01,0.0208,4,0,False,False,False,False,False,False,False,False,False,
b77d8a531cc34e27,INTC,8-K,EX-99.1,exhibit,2023-07-27,44167,7912,0.651,4.41,0.007,14,0,False,False,False,False,False,False,False,False,False,info:page_artifacts_dropped:8
b6a7c9256a3df9c4,INTC,8-K,8-K,primary,2023-05-17,7701,1370,0.567,4.5,0.0262,10,0,False,False,False,False,False,False,False,False,False,
aff2bb77d70d0e00,INTC,10-Q,10-Q,primary,2023-04-28,132854,25081,0.641,4.13,0.0074,139,0,False,False,False,False,False,False,False,False,False,info:page_artifacts_dropped:47;sections_cross_reference_index
b0ff18b19a975682,INTC,8-K,8-K,primary,2023-04-27,4406,723,0.71,5.02,0.0208,4,0,False,False,False,False,False,False,False,False,False,
bcf7cabfa48e6311,INTC,8-K,EX-99.1,exhibit,2023-04-27,41990,7501,0.647,4.42,0.0059,13,0,False,False,False,False,False,False,False,False,False,info:page_artifacts_dropped:8
6fef0f2bf783f001,INTC,8-K,8-K,primary,2023-02-10,7355,1264,0.644,4.75,0.02,11,0,False,False,False,False,False,False,False,False,False,
19803e88d98cedf6,INTC,10-K,10-K,primary,2023-01-27,519794,89265,0.712,4.72,0.0065,301,0,False,False,False,False,False,False,False,False,False,info:page_artifacts_dropped:155;sections_cross_reference_index
9bdf47ed06f473d6,INTC,10-K,EX-99.1,exhibit,2023-01-27,388,91,0.575,3.21,0.0,1,0,False,False,False,False,False,True,False,True,False,info:page_artifacts_dropped:1
dee7188ac72b4bed,INTC,8-K,8-K,primary,2023-01-26,4652,761,0.712,5.04,0.0197,4,0,False,False,False,False,False,False,False,False,False,
ea36cf6b5e12775f,INTC,8-K,EX-99.1,exhibit,2023-01-26,61799,11671,0.616,4.11,0.0046,16,0,False,False,False,False,False,False,False,False,False,info:page_artifacts_dropped:8
fcf36aa464ec7999,MU,8-K,8-K,primary,2026-08-26,5048,861,0.695,4.79,0.0214,11,0,False,False,False,False,False,False,False,False,False,info:page_artifacts_dropped:1
36695644fc7fd492,MU,8-K,EX-99.1,exhibit,2026-08-26,5420,757,0.818,6.12,0.0027,0,0,False,False,False,False,False,False,False,False,False,
d4c730e56a2abd71,MU,10-Q,10-Q,primary,2026-06-25,226149,38838,0.713,4.72,0.01,40,8,False,False,False,False,False,False,False,False,False,info:page_artifacts_dropped:112
e62fef75428ba40d,MU,8-K,8-K,primary,2026-06-24,3753,672,0.663,4.52,0.0325,9,0,False,False,False,False,False,False,False,False,False,
377c5dca1540c1ea,MU,8-K,EX-99.1,exhibit,2026-06-24,23075,4819,0.513,3.56,0.008,11,0,False,False,False,False,False,False,False,False,False,info:page_artifacts_dropped:14
0d6768f6bb7b5a0c,MU,8-K,8-K,primary,2026-06-09,4680,821,0.684,4.63,0.0221,10,0,False,False,False,False,False,False,False,False,False,info:page_artifacts_dropped:1
bf720c0d89744f01,MU,8-K,EX-99.1,exhibit,2026-06-09,3480,501,0.807,5.91,0.002,0,0,False,False,False,False,False,False,False,False,False,
84816b6852d54582,MU,8-K,8-K,primary,2026-04-01,3972,721,0.623,4.43,0.0327,11,0,False,False,False,False,False,False,False,False,False,info:page_artifacts_dropped:1
f4c0ab3a04861ba7,MU,8-K,EX-99.1,exhibit,2026-04-01,7865,1360,0.679,4.72,0.0132,1,0,False,False,False,False,False,False,False,False,False,
5648cf2ddc95912e,MU,8-K,EX-99.2,exhibit,2026-04-01,5407,899,0.66,4.94,0.0088,1,0,False,False,False,False,False,False,False,False,False,
0b3ad6af47b6fc1c,MU,8-K,8-K,primary,2026-03-25,3387,626,0.619,4.32,0.0319,12,0,False,False,False,False,False,False,False,False,False,info:page_artifacts_dropped:1
97a3ec07b82c3a97,MU,8-K,EX-99.1,exhibit,2026-03-25,6948,1191,0.689,4.77,0.0084,1,0,False,False,False,False,False,False,False,False,False,
9cb062bc9f67bed1,MU,10-Q,10-Q,primary,2026-03-19,221590,38125,0.712,4.71,0.0101,40,8,False,False,False,False,False,False,False,False,False,info:page_artifacts_dropped:115
7205b04b7791b084,MU,8-K,8-K,primary,2026-03-18,3763,672,0.664,4.53,0.0325,9,0,False,False,False,False,False,False,False,False,False,
2f4d64daa42e0ae0,MU,8-K,EX-99.1,exhibit,2026-03-18,21924,4678,0.499,3.46,0.0081,11,0,False,False,False,False,False,False,True,True,False,info:page_artifacts_dropped:14
6c4a880b80299d04,MU,8-K,8-K,primary,2026-01-21,6612,1184,0.594,4.43,0.0257,11,0,False,False,False,False,False,False,False,False,False,info:page_artifacts_dropped:1
f5f06a1fda7a29ac,MU,10-Q,10-Q,primary,2025-12-18,211171,35541,0.729,4.85,0.0101,46,8,False,False,False,False,False,False,False,False,False,info:page_artifacts_dropped:108
b6793f241fb4a950,MU,8-K,8-K,primary,2025-12-17,3774,672,0.665,4.55,0.0325,9,0,False,False,False,False,False,False,False,False,False,
56d0f73510f81f7e,MU,8-K,EX-99.1,exhibit,2025-12-17,20800,4373,0.523,3.54,0.0082,11,0,False,False,False,False,False,False,False,False,False,info:page_artifacts_dropped:14
ae485ef91ca38a85,MU,8-K,8-K,primary,2025-10-21,3696,673,0.645,4.41,0.0306,12,0,False,False,False,False,False,False,False,False,False,info:page_artifacts_dropped:1
48af81bf6b8a5754,MU,8-K,EX-99.1,exhibit,2025-10-21,4660,710,0.795,5.53,0.0072,0,0,False,False,False,False,False,False,False,False,False,
161dd1382ea3835e,MU,10-K,10-K,primary,2025-10-03,379639,63745,0.727,4.87,0.0127,72,15,False,False,False,False,False,False,False,False,False,info:page_artifacts_dropped:173
6b8a73b26b1819f3,MU,8-K,8-K,primary,2025-09-23,3791,675,0.666,4.55,0.0323,9,0,False,False,False,False,False,False,False,False,False,
2a11dd7d46cc985f,MU,8-K,EX-99.1,exhibit,2025-09-23,25115,5616,0.461,3.22,0.0086,12,0,False,False,False,False,False,False,True,True,False,info:page_artifacts_dropped:14
0aceb542c1598644,MU,8-K,8-K,primary,2025-08-11,3845,697,0.65,4.43,0.0272,12,0,False,False,False,False,False,False,False,False,False,info:page_artifacts_dropped:2
ad71b2e2847adb01,MU,8-K,EX-99.1,exhibit,2025-08-11,5666,1005,0.655,4.51,0.0449,3,0,False,False,False,False,False,False,False,False,False,
834cedc8e8818a32,MU,8-K,8-K,primary,2025-07-18,3609,655,0.649,4.42,0.0288,12,0,False,False,False,False,False,False,False,False,False,info:page_artifacts_dropped:1
a2417664efa08eda,MU,10-Q,10-Q,primary,2025-06-26,223878,39187,0.704,4.61,0.0093,45,8,False,False,False,False,False,False,False,False,False,info:page_artifacts_dropped:112
ad519900f5cd27a2,MU,8-K,8-K,primary,2025-06-25,3753,672,0.663,4.52,0.0325,9,0,False,False,False,False,False,False,False,False,False,
442b638da26b0a2b,MU,8-K,EX-99.1,exhibit,2025-06-25,20663,4376,0.506,3.49,0.0084,10,0,False,False,False,False,False,False,False,True,False,info:page_artifacts_dropped:13
735e267937ccdabd,MU,8-K,8-K,primary,2025-06-12,7045,1148,0.727,5.09,0.0182,12,0,False,False,False,False,False,False,False,False,False,info:page_artifacts_dropped:1
497b5aac1d0f2a55,MU,8-K,EX-99.1,exhibit,2025-06-12,11659,1650,0.815,6.04,0.0362,0,0,False,False,False,False,False,False,False,False,False,
beaa6fef2cec19cb,MU,8-K,8-K,primary,2025-04-29,10032,1753,0.695,4.68,0.0213,15,0,False,False,False,False,False,False,False,False,False,info:page_artifacts_dropped:1
67a16504c6ce02ec,MU,10-Q,10-Q,primary,2025-03-21,215939,37574,0.706,4.64,0.0091,45,8,False,False,False,False,False,False,False,False,False,info:page_artifacts_dropped:110
feb919d4f97a0456,MU,8-K,8-K,primary,2025-03-20,3763,672,0.664,4.53,0.0325,9,0,False,False,False,False,False,False,False,False,False,
078e71c2993ea909,MU,8-K,EX-99.1,exhibit,2025-03-20,20449,4324,0.506,3.5,0.0085,10,0,False,False,False,False,False,False,False,True,False,info:page_artifacts_dropped:13
ce9d807e9527e693,MU,8-K,8-K,primary,2025-03-12,13174,2170,0.746,5.03,0.0133,24,0,False,False,False,False,False,False,False,False,False,info:page_artifacts_dropped:1
ba297f998ef4dd56,MU,8-K,8-K,primary,2025-03-05,5059,899,0.685,4.56,0.0204,12,0,False,False,False,False,False,False,False,False,False,info:page_artifacts_dropped:1
c3e92bee4a751399,MU,8-K,EX-99.1,exhibit,2025-03-05,4841,689,0.802,6.0,0.0089,0,0,False,False,False,False,False,False,False,False,False,
7c29693c46a1f832,MU,8-K,8-K,primary,2025-01-21,15218,2637,0.685,4.69,0.0141,25,0,False,False,False,False,False,False,False,False,False,info:page_artifacts_dropped:1
03e6aa09e8dda456,MU,8-K,8-K,primary,2025-01-16,9097,1575,0.702,4.73,0.022,14,0,False,False,False,False,False,False,False,False,False,info:page_artifacts_dropped:1
597b7e722c8a27ce,MU,10-Q,10-Q,primary,2024-12-19,197238,33267,0.729,4.84,0.0084,43,8,False,False,False,False,False,False,False,False,False,info:page_artifacts_dropped:105
92f3115d201a9b6c,MU,8-K,8-K,primary,2024-12-18,3774,672,0.665,4.55,0.0325,9,0,False,False,False,False,False,False,False,False,False,
a2feea76965ca69c,MU,8-K,EX-99.1,exhibit,2024-12-18,19280,3951,0.536,3.67,0.0085,10,0,False,False,False,False,False,False,False,False,False,info:page_artifacts_dropped:13
fedf41201aff3556,MU,8-K,8-K,primary,2024-12-10,12094,1910,0.773,5.3,0.0112,12,0,False,False,False,False,False,False,False,False,False,info:page_artifacts_dropped:1
8b8e9791e7957c1c,MU,8-K,8-K,primary,2024-10-30,4655,819,0.68,4.61,0.0211,10,0,False,False,False,False,False,False,False,False,False,info:page_artifacts_dropped:1
e3eb0a53f31360d1,MU,8-K,EX-99.1,exhibit,2024-10-30,4702,715,0.796,5.55,0.0,0,0,False,False,False,False,False,False,False,False,False,
ff2de9b9251cf99e,MU,10-K,10-K,primary,2024-10-04,349308,58640,0.728,4.88,0.0109,68,15,False,False,False,False,False,False,False,False,False,info:page_artifacts_dropped:161
96be4e62b0ba6ee8,MU,8-K,8-K,primary,2024-09-25,3791,675,0.666,4.55,0.0323,9,0,False,False,False,False,False,False,False,False,False,
e53d08671868d21b,MU,8-K,EX-99.1,exhibit,2024-09-25,25362,5621,0.466,3.26,0.0073,12,0,False,False,False,False,False,False,True,True,False,info:page_artifacts_dropped:16
2000ffe85d4df7d4,MU,8-K,8-K,primary,2024-08-07,3297,544,0.701,4.98,0.0255,4,0,False,False,False,False,False,False,False,False,False,
e127e650d96e8f26,MU,8-K,8-K,primary,2024-07-19,5860,1012,0.69,4.71,0.0207,18,0,False,False,False,False,False,False,False,False,False,
c7987915f3a52ac5,MU,10-Q,10-Q,primary,2024-06-27,201151,35874,0.689,4.49,0.0085,47,8,False,False,False,False,False,False,False,False,False,info:page_artifacts_dropped:109
e57794e4f0363605,MU,8-K,8-K,primary,2024-06-26,3763,673,0.664,4.52,0.0324,9,0,False,False,False,False,False,False,False,False,False,
9bbaf772716128fe,MU,8-K,EX-99.1,exhibit,2024-06-26,23167,4912,0.511,3.49,0.0073,11,0,False,False,False,False,False,False,False,True,False,info:page_artifacts_dropped:15
8a68fba31e74d2eb,MU,8-K,8-K,primary,2024-04-19,5223,830,0.739,5.24,0.0307,4,0,False,False,False,False,False,False,False,False,False,
0dae2cfe4790b303,MU,8-K,8-K,primary,2024-04-11,5174,845,0.733,5.07,0.022,4,0,False,False,False,False,False,False,False,False,False,
2437b5d494e531e7,MU,10-Q,10-Q,primary,2024-03-21,201593,35625,0.695,4.55,0.008,46,8,False,False,False,False,False,False,False,False,False,info:page_artifacts_dropped:106
1cdee170bb266eae,MU,8-K,8-K,primary,2024-03-20,3773,673,0.664,4.54,0.0324,9,0,False,False,False,False,False,False,False,False,False,
2521c8932374069f,MU,8-K,EX-99.1,exhibit,2024-03-20,23102,4878,0.512,3.51,0.0078,11,0,False,False,False,False,False,False,False,False,False,info:page_artifacts_dropped:15
0a106b501f19a3b1,MU,8-K,8-K,primary,2024-03-11,4385,773,0.677,4.59,0.0243,9,0,False,False,False,False,False,False,False,False,False,info:page_artifacts_dropped:1
3de15946525f605a,MU,8-K,EX-99.1,exhibit,2024-03-11,3740,565,0.795,5.59,0.0125,0,0,False,False,False,False,False,False,False,False,False,
7272f06c8ae8d84a,MU,8-K,8-K,primary,2024-01-19,5583,953,0.619,4.76,0.0242,6,0,False,False,False,False,False,False,False,False,False,
fa165714a8f5c3d8,MU,8-K,8-K,primary,2024-01-12,8227,1388,0.716,4.88,0.0233,8,0,False,False,False,False,False,False,False,False,False,
f094abdb45de8c99,MU,10-Q,10-Q,primary,2023-12-21,184605,31494,0.722,4.77,0.008,43,8,False,False,False,False,False,False,False,False,False,info:page_artifacts_dropped:95
e24d7f74d72805ae,MU,8-K,8-K,primary,2023-12-20,3784,673,0.665,4.55,0.0324,9,0,False,False,False,False,False,False,False,False,False,
a7e142d04e703248,MU,8-K,EX-99.1,exhibit,2023-12-20,20154,4183,0.528,3.6,0.0088,11,0,False,False,False,False,False,False,False,False,False,info:page_artifacts_dropped:15
be11b88ee3828ee1,MU,8-K,8-K,primary,2023-11-28,3667,625,0.685,4.79,0.0271,6,0,False,False,False,False,False,False,False,False,False,
a415926a68411744,MU,8-K,EX-99.1,exhibit,2023-11-28,5480,939,0.689,4.74,0.0396,3,0,False,False,False,False,False,False,False,False,False,
de5314103668193d,MU,10-K,10-K,primary,2023-10-06,340516,57702,0.724,4.82,0.0111,69,15,False,False,False,False,False,False,False,False,False,info:page_artifacts_dropped:159
8d0697d0ada5dcb8,MU,8-K,8-K,primary,2023-09-27,3705,662,0.667,4.53,0.033,9,0,False,False,False,False,False,False,False,False,False,
93314524703c9d21,MU,8-K,EX-99.1,exhibit,2023-09-27,25397,5613,0.463,3.28,0.0074,12,0,False,False,False,False,False,False,True,True,False,info:page_artifacts_dropped:16
59cd0ad0887faf6c,MU,8-K,8-K,primary,2023-08-21,5167,832,0.731,5.16,0.0289,7,0,False,False,False,False,False,False,False,False,False,
311a7386b4cca901,MU,10-Q,10-Q,primary,2023-06-29,215522,38200,0.695,4.53,0.0093,47,7,False,False,False,False,False,False,False,False,False,info:page_artifacts_dropped:117
5c4b4e9129449fc8,MU,8-K,8-K,primary,2023-06-28,3682,664,0.662,4.47,0.0332,9,0,False,False,False,False,False,False,False,False,False,
6221e302b5a18c23,MU,8-K,EX-99.1,exhibit,2023-06-28,23093,4871,0.506,3.51,0.0075,11,0,False,False,False,False,False,False,False,False,False,info:page_artifacts_dropped:15
db5e0786361f708c,MU,8-K,8-K,primary,2023-06-16,4267,712,0.709,4.93,0.0228,7,0,False,False,False,False,False,False,False,False,False,
4060d17fe3f2248f,MU,8-K,8-K,primary,2023-05-22,4152,702,0.7,4.85,0.0286,7,0,False,False,False,False,False,False,False,False,False,
22307c5dbd3026c4,MU,8-K,8-K,primary,2023-04-11,10781,1850,0.719,4.79,0.0192,10,0,False,False,False,False,False,False,False,False,False,
8763fbb3647a3d88,MU,10-Q,10-Q,primary,2023-03-29,208378,36613,0.7,4.59,0.0098,45,8,False,False,False,False,False,False,False,False,False,info:page_artifacts_dropped:114
8836e3397d8478d3,MU,8-K,8-K,primary,2023-03-28,3688,664,0.662,4.48,0.0332,9,0,False,False,False,False,False,False,False,False,False,
d4cd8bc43c4258e7,MU,8-K,EX-99.1,exhibit,2023-03-28,22844,4732,0.519,3.6,0.0079,10,0,False,False,False,False,False,False,False,False,False,info:page_artifacts_dropped:15
2f69af7f6a1b8861,MU,8-K,8-K,primary,2023-02-09,10205,1742,0.707,4.82,0.0236,10,0,False,False,False,False,False,False,False,False,False,
c1bed62ce4b75853,MU,8-K,8-K,primary,2023-02-09,4376,729,0.707,4.95,0.0224,7,0,False,False,False,False,False,False,False,False,False,
d132b5fad0446897,MU,8-K,8-K,primary,2023-01-13,4677,796,0.615,4.82,0.0293,8,0,False,False,False,False,False,False,False,False,False,
2acbd42351f888ba,MU,8-K,8-K,primary,2023-01-05,7453,1215,0.738,5.1,0.0115,8,0,False,False,False,False,False,False,False,False,False,
f14adefc39ba0d5d,NVDA,8-K,8-K,primary,2026-09-03,8224,1248,0.773,5.55,0.0193,5,0,False,False,False,False,False,False,False,False,False,
89f773360a90bac7,NVDA,10-Q,10-Q,primary,2026-08-26,170323,31956,0.642,4.16,0.0091,51,9,False,False,False,False,False,False,False,False,False,info:page_artifacts_dropped:107
cb51e4e691991408,NVDA,8-K,8-K,primary,2026-08-26,4154,689,0.704,4.97,0.0303,5,0,False,False,False,False,False,False,False,False,False,
7c46b082ba7810b2,NVDA,8-K,EX-99.1,exhibit,2026-08-26,30933,6619,0.496,3.38,0.0079,11,0,False,False,False,False,False,False,True,True,False,
37327d5a461ed340,NVDA,8-K,EX-99.2,exhibit,2026-08-26,25538,5360,0.55,3.55,0.0091,12,0,False,False,False,False,False,False,False,False,False,
e43f1ba3e4b0182c,NVDA,8-K,8-K,primary,2026-08-17,9649,1515,0.763,5.33,0.0188,5,0,False,False,False,False,False,False,False,False,False,
5a57cabac387c0ca,NVDA,8-K,EX-99.1,exhibit,2026-08-17,9820,1478,0.813,5.62,0.0055,0,0,False,False,False,False,False,False,False,False,False,info:page_artifacts_dropped:4
9b9a57c7d1f780c6,NVDA,8-K,8-K,primary,2026-07-02,5456,879,0.733,5.16,0.0208,4,0,False,False,False,False,False,False,False,False,False,
edc0317461d67072,NVDA,8-K,8-K,primary,2026-06-30,7726,1367,0.606,4.6,0.0257,21,0,False,False,False,False,False,False,False,False,False,
4c61d14c71965fc9,NVDA,8-K,8-K,primary,2026-06-18,7185,1240,0.653,4.74,0.0241,11,0,False,False,False,False,False,False,False,False,False,info:page_artifacts_dropped:3
1bd6a209a8e1413d,NVDA,10-Q,10-Q,primary,2026-05-20,151279,27073,0.679,4.45,0.0087,48,9,False,False,False,False,False,False,False,False,False,info:page_artifacts_dropped:99
03f8ef54ab652441,NVDA,8-K,8-K,primary,2026-05-20,4142,689,0.703,4.95,0.0303,5,0,False,False,False,False,False,False,False,False,False,
cef2179bfaccc320,NVDA,8-K,EX-99.1,exhibit,2026-05-20,26494,5282,0.567,3.79,0.0085,11,0,False,False,False,False,False,False,False,False,False,
41a056deaccb32ba,NVDA,8-K,EX-99.2,exhibit,2026-05-20,18682,3619,0.607,4.01,0.0123,9,0,False,False,False,False,False,False,False,False,False,
a435d0d28dcc1cd5,NVDA,8-K,8-K,primary,2026-05-08,3985,662,0.71,4.97,0.0233,4,0,False,False,False,False,False,False,False,False,False,
bf61d82932dc1c47,NVDA,8-K,8-K,primary,2026-04-27,5107,837,0.727,5.05,0.0192,4,0,False,False,False,False,False,False,False,False,False,
7c158abfe54f4840,NVDA,8-K,8-K,primary,2026-03-06,5142,843,0.706,5.03,0.0227,6,0,False,False,False,False,False,False,False,False,False,
85e24b06ca0109ab,NVDA,10-K,10-K,primary,2026-02-25,361059,60096,0.734,4.91,0.0079,64,19,False,False,False,False,False,False,False,False,False,info:page_artifacts_dropped:249
3903749952878d4f,NVDA,8-K,8-K,primary,2026-02-25,4176,691,0.705,4.98,0.0302,5,0,False,False,False,False,False,False,False,False,False,
37b06818c9fe5e5c,NVDA,8-K,EX-99.1,exhibit,2026-02-25,35999,7699,0.495,3.39,0.012,13,0,False,False,False,False,False,False,True,True,False,
3a776dca66b9e078,NVDA,8-K,EX-99.2,exhibit,2026-02-25,24233,5154,0.52,3.49,0.0169,13,0,False,False,False,False,False,False,False,True,False,
9b6a3e88b5dd8ec1,NVDA,8-K,8-K,primary,2026-01-23,3061,495,0.708,5.11,0.0269,4,0,False,False,False,False,False,False,False,False,False,
6a130f75f473f2ce,NVDA,10-Q,10-Q,primary,2025-11-19,171064,31339,0.661,4.3,0.0085,49,9,False,False,False,False,False,False,False,False,False,info:page_artifacts_dropped:107
7adeea28b677f626,NVDA,8-K,8-K,primary,2025-11-19,4166,689,0.705,4.98,0.0303,5,0,False,False,False,False,False,False,False,False,False,
4dba071649548d95,NVDA,8-K,EX-99.1,exhibit,2025-11-19,32926,7043,0.495,3.38,0.0139,11,0,False,False,False,False,False,False,True,True,False,
747f83a57f172604,NVDA,8-K,EX-99.2,exhibit,2025-11-19,20950,4432,0.528,3.51,0.0153,9,0,False,False,False,False,False,False,False,False,False,
2d948c5032770a3d,NVDA,10-Q,10-Q,primary,2025-08-27,153268,28718,0.641,4.17,0.0087,50,9,False,False,False,False,False,False,False,False,False,info:page_artifacts_dropped:100
534769a540ef6278,NVDA,8-K,8-K,primary,2025-08-27,4154,689,0.704,4.97,0.0303,5,0,False,False,False,False,False,False,False,False,False,
61c1f46e542822b6,NVDA,8-K,EX-99.1,exhibit,2025-08-27,33686,7296,0.487,3.32,0.0104,11,0,False,False,False,False,False,False,True,True,False,
79cadd50e1707bd7,NVDA,8-K,EX-99.2,exhibit,2025-08-27,23386,4918,0.534,3.54,0.0133,9,0,False,False,False,False,False,False,False,False,False,
7f0609e96ed77c78,NVDA,8-K,8-K,primary,2025-08-05,3077,500,0.705,5.08,0.0268,4,0,False,False,False,False,False,False,False,False,False,
7757399ecd737d82,NVDA,8-K,8-K,primary,2025-07-01,8391,1505,0.592,4.52,0.0294,24,0,False,False,False,False,False,False,False,False,False,
be8956e1f692424f,NVDA,10-Q,10-Q,primary,2025-05-28,148206,26631,0.678,4.43,0.0085,50,9,False,False,False,False,False,False,False,False,False,info:page_artifacts_dropped:93
8d340e8ca80e02fc,NVDA,8-K,8-K,primary,2025-05-28,4142,689,0.703,4.95,0.0303,5,0,False,False,False,False,False,False,False,False,False,
72deabd8f0e392af,NVDA,8-K,EX-99.1,exhibit,2025-05-28,29755,5952,0.569,3.77,0.0119,11,0,False,False,False,False,False,False,False,False,False,
93c9f5eec4dfe724,NVDA,8-K,EX-99.2,exhibit,2025-05-28,22718,4455,0.598,3.93,0.0144,10,0,False,False,False,False,False,False,False,False,False,
ea667cfc3d99e553,NVDA,8-K,8-K,primary,2025-04-15,5066,803,0.746,5.26,0.0254,4,0,False,False,False,False,False,False,False,False,False,
26ba2fd95da51f78,NVDA,8-K,8-K,primary,2025-03-07,5144,847,0.705,5.0,0.0227,6,0,False,False,False,False,False,False,False,False,False,
c1831901f38120a8,NVDA,10-K,10-K,primary,2025-02-26,371850,62485,0.729,4.85,0.0077,68,20,False,False,False,False,False,False,False,False,False,info:page_artifacts_dropped:252
de80006e9b924c95,NVDA,8-K,8-K,primary,2025-02-26,4209,697,0.706,4.98,0.0299,5,0,False,False,False,False,False,False,False,False,False,
4684955baeb981e1,NVDA,8-K,EX-99.1,exhibit,2025-02-26,32803,7241,0.47,3.22,0.0137,13,0,False,False,False,False,False,False,True,True,False,
e88e02e4fd592b14,NVDA,8-K,EX-99.2,exhibit,2025-02-26,24218,5098,0.527,3.54,0.0181,13,0,False,False,False,False,False,False,False,False,False,
958071bcd24ffe67,NVDA,8-K,8-K,primary,2025-01-17,7686,1192,0.762,5.41,0.0208,4,0,False,False,False,False,False,False,False,False,False,
0e228af3f6468dfd,NVDA,10-Q,10-Q,primary,2024-11-20,161087,30574,0.639,4.1,0.008,53,9,False,False,False,False,False,False,False,False,False,info:page_artifacts_dropped:101
e863ea7648ca3be7,NVDA,8-K,8-K,primary,2024-11-20,4167,689,0.705,4.98,0.0303,5,0,False,False,False,False,False,False,False,False,False,
13556fadad44b138,NVDA,8-K,EX-99.1,exhibit,2024-11-20,30931,6847,0.47,3.2,0.0127,11,0,False,False,False,False,False,False,True,True,False,
1f8f3ac6e4bde185,NVDA,8-K,EX-99.2,exhibit,2024-11-20,21277,4439,0.538,3.57,0.0162,9,0,False,False,False,False,False,False,False,False,False,
265a07987ae8a907,NVDA,8-K,8-K,primary,2024-11-07,3924,650,0.711,4.98,0.0255,4,0,False,False,False,False,False,False,False,False,False,
b22ad62da51c6864,NVDA,10-Q,10-Q,primary,2024-08-28,166943,31670,0.641,4.1,0.0083,53,9,False,False,False,False,False,False,False,False,False,info:page_artifacts_dropped:100
efc40d069cce85c9,NVDA,8-K,8-K,primary,2024-08-28,4154,689,0.704,4.97,0.0303,5,0,False,False,False,False,False,False,False,False,False,
cc56c2650035eb3b,NVDA,8-K,EX-99.1,exhibit,2024-08-28,31851,7020,0.478,3.23,0.0105,11,0,False,False,False,False,False,False,True,True,False,
f8b4c5b94785cc82,NVDA,8-K,EX-99.2,exhibit,2024-08-28,21550,4484,0.545,3.59,0.0142,9,0,False,False,False,False,False,False,False,False,False,
d6516c2e457d966d,NVDA,8-K,8-K,primary,2024-07-02,7364,1328,0.612,4.5,0.0308,18,0,False,False,False,False,False,False,False,False,False,
5bb519728514a404,NVDA,8-K,8-K,primary,2024-06-07,3668,612,0.701,4.93,0.0342,5,0,False,False,False,False,False,False,False,False,False,
5126d6ef768d7d88,NVDA,10-Q,10-Q,primary,2024-05-29,151900,27834,0.67,4.31,0.0084,52,9,False,False,False,False,False,False,False,False,False,info:page_artifacts_dropped:96
4e0ba5b3fe8e98a9,NVDA,8-K,8-K,primary,2024-05-22,5227,876,0.711,4.91,0.0233,5,0,False,False,False,False,False,False,False,False,False,
dcc656b9e3b04118,NVDA,8-K,EX-99.1,exhibit,2024-05-22,27034,5486,0.562,3.68,0.0098,11,0,False,False,False,False,False,False,False,False,False,
a9682263b9182414,NVDA,8-K,EX-99.2,exhibit,2024-05-22,19506,3844,0.595,3.9,0.0143,9,0,False,False,False,False,False,False,False,False,False,
ec39af67c805cfa5,NVDA,8-K,8-K,primary,2024-03-14,6714,1094,0.729,5.08,0.0167,6,0,False,False,False,False,False,False,False,False,False,
e6d83ada1bcda932,NVDA,10-K,10-K,primary,2024-02-21,363126,61203,0.729,4.83,0.0073,66,20,False,False,False,False,False,False,False,False,False,info:page_artifacts_dropped:252
8ecb4b286f7c1864,NVDA,8-K,8-K,primary,2024-02-21,4207,697,0.705,4.97,0.0299,5,0,False,False,False,False,False,False,False,False,False,
ceac86f2eded33bc,NVDA,8-K,EX-99.1,exhibit,2024-02-21,32338,7153,0.474,3.22,0.0108,13,0,False,False,False,False,False,False,True,True,False,
549cbadcc5f0db54,NVDA,8-K,EX-99.2,exhibit,2024-02-21,24615,5116,0.546,3.61,0.0168,13,0,False,False,False,False,False,False,False,False,False,
d6d4cc4d67ced84e,NVDA,10-Q,10-Q,primary,2023-11-21,175472,32649,0.655,4.21,0.007,50,9,False,False,False,False,False,False,False,False,False,info:page_artifacts_dropped:109
9aae5800ae62c08b,NVDA,8-K,8-K,primary,2023-11-21,4165,689,0.704,4.98,0.0303,5,0,False,False,False,False,False,False,False,False,False,
70ff7ad9ad52b68c,NVDA,8-K,EX-99.1,exhibit,2023-11-21,31736,6976,0.483,3.24,0.0119,11,0,False,False,False,False,False,False,True,True,False,
7a76adc6533ebb92,NVDA,8-K,EX-99.2,exhibit,2023-11-21,23863,4828,0.57,3.73,0.0135,9,0,False,False,False,False,False,False,False,False,False,
e71d5224dc677c31,NVDA,8-K,8-K,primary,2023-10-24,5125,796,0.75,5.4,0.0255,4,0,False,False,False,False,False,False,False,False,False,
d511cd100187d7d0,NVDA,8-K,8-K,primary,2023-10-17,6890,1075,0.764,5.37,0.0172,4,0,False,False,False,False,False,False,False,False,False,
d8cba61081e92111,NVDA,10-Q,10-Q,primary,2023-08-28,167022,31343,0.648,4.16,0.0069,50,9,False,False,False,False,False,False,False,False,False,info:page_artifacts_dropped:108
06dc9c44c8f63e56,NVDA,8-K,8-K,primary,2023-08-23,4152,689,0.704,4.96,0.0303,5,0,False,False,False,False,False,False,False,False,False,
82f9893d5194f34d,NVDA,8-K,EX-99.1,exhibit,2023-08-23,33158,7302,0.487,3.24,0.0091,11,0,False,False,False,False,False,False,True,True,False,
7f9204b1e3715908,NVDA,8-K,EX-99.2,exhibit,2023-08-23,20811,4411,0.533,3.48,0.0156,9,0,False,False,False,False,False,False,False,True,False,
aea8e413b9ec26e5,NVDA,8-K,8-K,primary,2023-07-24,3928,656,0.705,4.93,0.0255,4,0,False,False,False,False,False,False,False,False,False,
785340c8971d2a4d,NVDA,8-K,8-K,primary,2023-06-27,7406,1349,0.601,4.44,0.0335,20,0,False,False,False,False,False,False,False,False,False,
211568aaf7011711,NVDA,10-Q,10-Q,primary,2023-05-26,153884,27554,0.688,4.45,0.0074,47,8,False,False,False,False,False,False,False,False,False,info:page_artifacts_dropped:62
cdf683f24b996a62,NVDA,8-K,8-K,primary,2023-05-24,4141,689,0.703,4.95,0.0303,5,0,False,False,False,False,False,False,False,False,False,
75a164f34c2eca64,NVDA,8-K,EX-99.1,exhibit,2023-05-24,25477,5266,0.549,3.58,0.0098,10,0,False,False,False,False,False,False,False,False,False,
23c20e60b576b96d,NVDA,8-K,EX-99.2,exhibit,2023-05-24,21021,4218,0.583,3.81,0.0145,12,0,False,False,False,False,False,False,False,False,False,
89dc9fb48c46126c,NVDA,8-K,8-K,primary,2023-03-08,8060,1297,0.743,5.16,0.0145,6,0,False,False,False,False,False,False,False,False,False,
4ac2f7a217f809d5,NVDA,10-K,10-K,primary,2023-02-24,342158,57983,0.722,4.79,0.007,66,18,False,False,False,False,False,False,False,False,False,info:page_artifacts_dropped:271
5aa185742058ada5,NVDA,8-K,8-K,primary,2023-02-22,4207,697,0.705,4.97,0.0299,5,0,False,False,False,False,False,False,False,False,False,
1ee279dbfb3fab08,NVDA,8-K,EX-99.1,exhibit,2023-02-22,33047,7287,0.484,3.23,0.0104,12,0,False,False,False,False,False,False,True,True,False,
7f9388b6adeecad8,NVDA,8-K,EX-99.2,exhibit,2023-02-22,28080,5941,0.532,3.53,0.0151,17,0,False,False,False,False,False,False,False,False,False,
022f587ea12ebc88,PG,10-K,10-K,primary,2026-08-04,339140,59221,0.694,4.61,0.01,89,21,False,False,False,False,False,False,False,False,False,
3578db37f9bd6002,PG,10-K,EX-99.1,exhibit,2026-08-04,271,41,0.745,5.59,0.0,0,0,False,False,False,False,True,True,False,False,False,
7441c2e85f4001f5,PG,8-K,8-K,primary,2026-07-29,3990,746,0.628,4.29,0.0376,5,0,False,False,False,False,False,False,False,False,False,info:page_artifacts_dropped:5
9f1bbdb37c5d2c6c,PG,8-K,EX-99.1,exhibit,2026-07-29,29353,4626,0.736,5.34,0.007,0,0,False,False,False,False,False,False,False,False,False,
beaba7f545fafb77,PG,8-K,8-K,primary,2026-07-29,4957,886,0.661,4.55,0.0281,5,0,False,False,False,False,False,False,False,False,False,info:page_artifacts_dropped:5
94b5802cc25a270a,PG,8-K,EX-99.1,exhibit,2026-07-29,9102,1276,0.789,6.11,0.034,1,0,False,False,False,False,False,False,False,False,False,
5cd4234ef23f5bfc,PG,8-K,8-K,primary,2026-07-29,3964,767,0.603,4.12,0.0351,8,0,False,False,False,False,False,False,False,False,False,
87411f4c6887cdb6,PG,8-K,EX-99.1,exhibit,2026-07-29,49449,10149,0.562,3.64,0.0115,21,0,False,False,False,False,False,False,False,False,False,
d7dadef6dc74ad4e,PG,8-K,8-K,primary,2026-07-14,4131,775,0.632,4.28,0.0356,5,0,False,False,False,False,False,False,False,False,False,info:page_artifacts_dropped:5
4f288141d975e9a9,PG,8-K,EX-99.1,exhibit,2026-07-14,1726,286,0.693,4.95,0.088,1,0,False,False,False,False,False,False,False,False,True,
d1adb4f6529ec9f8,PG,10-Q,10-Q,primary,2026-04-24,153588,29619,0.622,4.0,0.0069,57,9,False,False,False,False,False,False,False,False,False,info:page_artifacts_dropped:15
4159b50d429feaab,PG,8-K,8-K,primary,2026-04-24,3973,742,0.629,4.3,0.0378,5,0,False,False,False,False,False,False,False,False,False,info:page_artifacts_dropped:5
a12bc946f9671c61,PG,8-K,EX-99.1,exhibit,2026-04-24,22914,3506,0.76,5.53,0.003,0,0,False,False,False,False,False,False,False,False,False,
d9300b26b3f504da,PG,8-K,8-K,primary,2026-04-24,3969,767,0.603,4.13,0.0351,8,0,False,False,False,False,False,False,False,False,False,
8d678643c6863b64,PG,8-K,EX-99.1,exhibit,2026-04-24,39101,7357,0.637,4.15,0.0116,16,0,False,False,False,False,False,False,False,False,False,info:page_artifacts_dropped:6
5a648c4bce53aa81,PG,8-K,8-K,primary,2026-04-14,4135,775,0.632,4.29,0.0356,5,0,False,False,False,False,False,False,False,False,False,info:page_artifacts_dropped:5
e4f9ba2be60ce503,PG,8-K,EX-99.1,exhibit,2026-04-14,1824,300,0.701,5.0,0.0833,1,0,False,False,False,False,False,False,False,False,True,
7609066c47ef4ee5,PG,10-Q,10-Q,primary,2026-01-23,151068,29050,0.623,4.02,0.0068,57,9,False,False,False,False,False,False,False,False,False,info:page_artifacts_dropped:10
b8d4a51121bf8b94,PG,8-K,8-K,primary,2026-01-22,3984,742,0.63,4.31,0.0378,5,0,False,False,False,False,False,False,False,False,False,info:page_artifacts_dropped:5
244d5a7efdeaf289,PG,8-K,EX-99.1,exhibit,2026-01-22,21471,3292,0.761,5.52,0.0032,0,0,False,False,False,False,False,False,False,False,False,
7ea5402f0d68a11c,PG,8-K,8-K,primary,2026-01-22,3980,767,0.605,4.14,0.0351,8,0,False,False,False,False,False,False,False,False,False,
a66a0fc401255156,PG,8-K,EX-99.1,exhibit,2026-01-22,37111,6957,0.636,4.18,0.0111,16,0,False,False,False,False,False,False,False,False,False,info:page_artifacts_dropped:6
b13e4fd9edc7d159,PG,8-K,8-K,primary,2026-01-13,4154,775,0.634,4.31,0.0356,5,0,False,False,False,False,False,False,False,False,False,info:page_artifacts_dropped:5
075ef51fadacfdba,PG,8-K,EX-99.1,exhibit,2026-01-13,1755,291,0.69,4.95,0.088,2,0,False,False,False,False,False,False,False,False,True,
859ad9ee680033e3,PG,8-K,8-K,primary,2025-12-15,3438,639,0.626,4.33,0.0347,4,0,False,False,False,False,False,False,False,False,False,info:page_artifacts_dropped:5
a3910b928a00c093,PG,8-K,8-K,primary,2025-11-04,5007,948,0.611,4.18,0.0294,10,0,False,False,False,False,False,False,False,False,False,
89d32612600b861e,PG,8-K,8-K,primary,2025-11-03,5830,1064,0.626,4.39,0.037,8,0,False,False,False,False,False,False,False,False,False,
51d755f8ceba5e15,PG,10-Q,10-Q,primary,2025-10-24,116737,21465,0.656,4.28,0.0077,48,9,False,False,False,False,False,False,False,False,False,info:page_artifacts_dropped:5
7ebbf67a0c741e0b,PG,8-K,8-K,primary,2025-10-24,3880,715,0.638,4.37,0.0385,5,0,False,False,False,False,False,False,False,False,False,info:page_artifacts_dropped:5
68c043b63718b667,PG,8-K,EX-99.1,exhibit,2025-10-24,25910,4081,0.741,5.34,0.0079,0,0,False,False,False,False,False,False,False,False,False,
9b252bf7b783846e,PG,8-K,8-K,primary,2025-10-24,3901,747,0.61,4.18,0.0356,8,0,False,False,False,False,False,False,False,False,False,
9d12899f67ff94ac,PG,8-K,EX-99.1,exhibit,2025-10-24,37903,7131,0.636,4.16,0.0119,17,0,False,False,False,False,False,False,False,False,False,info:page_artifacts_dropped:6
2d9c4015c5e480fc,PG,8-K,8-K,primary,2025-10-16,7664,1348,0.578,4.64,0.0331,10,0,False,False,False,False,False,False,False,False,False,info:page_artifacts_dropped:5
7b0712d99b2621b9,PG,8-K,8-K,primary,2025-10-14,4283,785,0.648,4.41,0.0342,5,0,False,False,False,False,False,False,False,False,False,info:page_artifacts_dropped:5
0c85bbf98021a870,PG,8-K,EX-99.1,exhibit,2025-10-14,2758,435,0.737,5.29,0.0884,2,0,False,False,False,False,False,False,False,False,True,
fa44257bc5b42565,PG,8-K,8-K,primary,2025-08-14,3722,677,0.649,4.45,0.0312,4,0,False,False,False,False,False,False,False,False,False,info:page_artifacts_dropped:5
b37cc08c5863831a,PG,10-K,10-K,primary,2025-08-04,334781,58243,0.697,4.63,0.0107,88,21,False,False,False,False,False,False,False,False,False,
1dd2845e2101704c,PG,10-K,EX-99.1,exhibit,2025-08-04,271,41,0.745,5.59,0.0,0,0,False,False,False,False,True,True,False,False,False,
33491476c706175d,PG,8-K,8-K,primary,2025-07-29,3883,717,0.636,4.36,0.0384,5,0,False,False,False,False,False,False,False,False,False,info:page_artifacts_dropped:5
004e07131da5795c,PG,8-K,EX-99.1,exhibit,2025-07-29,28492,4468,0.741,5.37,0.007,0,0,False,False,False,False,False,False,False,False,False,
662a2fb763dbc283,PG,8-K,8-K,primary,2025-07-29,3841,735,0.609,4.18,0.0359,8,0,False,False,False,False,False,False,False,False,False,
92b534ceffe21a38,PG,8-K,EX-99.1,exhibit,2025-07-29,50316,10178,0.575,3.72,0.0112,21,0,False,False,False,False,False,False,False,False,False,
712e3dfe14efbc33,PG,8-K,8-K,primary,2025-07-28,7806,1381,0.674,4.58,0.0219,13,0,False,False,False,False,False,False,False,False,False,
3e4c7e43c3219b61,PG,8-K,EX-99.1 CHARTER,exhibit,2025-07-28,9773,1398,0.801,5.98,0.027,1,0,False,False,False,False,False,False,False,False,False,
c13a01e27b671d68,PG,8-K,8-K,primary,2025-07-08,4497,889,0.59,3.95,0.0388,13,0,False,False,False,False,False,False,False,False,False,
642645b57642ce50,PG,8-K,EX-99.1 CHARTER,exhibit,2025-07-08,1671,267,0.719,5.21,0.0876,1,0,False,False,False,False,False,False,False,False,True,
7e00fd62af8d6e90,PG,8-K,8-K,primary,2025-06-09,5126,947,0.632,4.32,0.0301,11,0,False,False,False,False,False,False,False,False,False,
b3a0d21093fc25df,PG,8-K,EX-99.1,exhibit,2025-06-09,2949,430,0.776,5.81,0.0369,1,0,False,False,False,False,False,False,False,False,False,
b601cdbb83904d5c,PG,8-K,8-K,primary,2025-06-05,10791,1708,0.733,5.27,0.0167,11,0,False,False,False,False,False,False,False,False,False,
3fb2cbdbc4fbb9c6,PG,8-K,EX-99.1 CHARTER,exhibit,2025-06-05,26786,4248,0.725,5.26,0.0097,16,0,False,False,False,False,False,False,False,False,False,
e1511740e740cfde,PG,8-K,8-K,primary,2025-05-01,5016,956,0.604,4.15,0.0296,11,0,False,False,False,False,False,False,False,False,False,
02e2c315acd574b8,PG,10-Q,10-Q,primary,2025-04-24,144370,27304,0.636,4.12,0.0072,52,9,False,False,False,False,False,False,False,False,False,info:page_artifacts_dropped:15
5f1e61b7eb2efe2b,PG,8-K,8-K,primary,2025-04-24,4277,826,0.596,4.07,0.0391,11,0,False,False,False,False,False,False,False,False,False,
3216580d10b750ee,PG,8-K,EX-99.1 CHARTER,exhibit,2025-04-24,22691,3775,0.72,4.97,0.0036,17,0,False,False,False,False,False,False,False,False,False,
694c7f291a3ab013,PG,8-K,8-K,primary,2025-04-24,3928,757,0.606,4.14,0.0353,8,0,False,False,False,False,False,False,False,False,False,
8988937cacac964e,PG,8-K,EX-99.1,exhibit,2025-04-24,35905,6731,0.634,4.18,0.0116,16,0,False,False,False,False,False,False,False,False,False,info:page_artifacts_dropped:6
8a03e526d6278449,PG,8-K,8-K,primary,2025-04-08,4548,901,0.587,3.94,0.0385,13,0,False,False,False,False,False,False,False,False,False,
117a0af0d6b0e10e,PG,8-K,EX-99.1 CHARTER,exhibit,2025-04-08,1750,277,0.727,5.27,0.084,1,0,False,False,False,False,False,False,False,False,True,
ff6a04560cb51d3f,PG,10-Q,10-Q,primary,2025-01-22,146167,27621,0.637,4.12,0.0068,53,9,False,False,False,False,False,False,False,False,False,info:page_artifacts_dropped:10
b858f493f1593136,PG,8-K,8-K,primary,2025-01-22,4288,826,0.597,4.08,0.0391,11,0,False,False,False,False,False,False,False,False,False,
911eeb89b090be7d,PG,8-K,EX-99.1 CHARTER,exhibit,2025-01-22,27098,4757,0.686,4.63,0.0074,21,0,False,False,False,False,False,False,False,False,False,
dfd9398936c43964,PG,8-K,8-K,primary,2025-01-22,3939,757,0.607,4.16,0.0353,8,0,False,False,False,False,False,False,False,False,False,
c5c50721f091e001,PG,8-K,EX-99.1,exhibit,2025-01-22,37180,7010,0.632,4.14,0.0112,16,0,False,False,False,False,False,False,False,False,False,info:page_artifacts_dropped:6
2a7810b5af961b8b,PG,8-K,8-K,primary,2025-01-14,4571,901,0.588,3.97,0.0385,13,0,False,False,False,False,False,False,False,False,False,
0941328b309ad9a8,PG,8-K,EX-99,exhibit,2025-01-14,1650,255,0.729,5.41,0.0884,0,0,False,False,False,False,False,False,False,False,True,
3183e9cffd07dde3,PG,8-K,8-K,primary,2024-10-24,5160,979,0.603,4.17,0.029,10,0,False,False,False,False,False,False,False,False,False,
28b227f21abffbd7,PG,10-Q,10-Q,primary,2024-10-18,112598,20437,0.666,4.36,0.0077,46,9,False,False,False,False,False,False,False,False,False,info:page_artifacts_dropped:5
18471470a197d363,PG,8-K,8-K,primary,2024-10-18,4377,850,0.59,4.04,0.0385,11,0,False,False,False,False,False,False,False,False,False,
a898ed97b4627c62,PG,8-K,EX-99.1 CHARTER,exhibit,2024-10-18,28472,4498,0.749,5.3,0.0044,16,0,False,False,False,False,False,False,False,False,False,
45abaecabdc6124a,PG,8-K,8-K,primary,2024-10-18,4023,777,0.602,4.13,0.0348,8,0,False,False,False,False,False,False,False,False,False,
8610fef190f0ffbf,PG,8-K,EX-99.1,exhibit,2024-10-18,38489,7210,0.634,4.17,0.0113,15,0,False,False,False,False,False,False,False,False,False,info:page_artifacts_dropped:6
919ffe44a0b3a924,PG,8-K,8-K,primary,2024-10-10,5953,1117,0.505,4.24,0.0399,12,0,False,False,False,False,False,False,False,False,False,
1da4aa391e1ac044,PG,8-K,8-K,primary,2024-10-08,4661,925,0.583,3.93,0.038,13,0,False,False,False,False,False,False,False,False,False,
65e8eb4458a13641,PG,8-K,EX-99.1,exhibit,2024-10-08,2214,342,0.735,5.43,0.1003,1,0,False,False,False,False,False,False,False,False,True,
d79de601d5bbede7,PG,10-K,10-K,primary,2024-08-05,330425,57346,0.699,4.65,0.0108,84,21,False,False,False,False,False,False,False,False,False,
5331fda113af17d9,PG,10-K,EX-99.1,exhibit,2024-08-05,271,41,0.745,5.59,0.0,0,0,False,False,False,False,True,True,False,False,False,
caf16ba2d31c0cd4,PG,8-K,8-K,primary,2024-07-30,4460,884,0.578,3.93,0.0385,13,0,False,False,False,False,False,False,False,False,False,
5029dd12d21ab98f,PG,8-K,EX-99.1 CHARTER,exhibit,2024-07-30,30936,5358,0.692,4.72,0.0065,27,0,False,False,False,False,False,False,False,False,False,
2ef587e521c38445,PG,8-K,8-K,primary,2024-07-30,3963,765,0.601,4.13,0.0351,8,0,False,False,False,False,False,False,False,False,False,
d8af9b9301c3130f,PG,8-K,EX-99.1,exhibit,2024-07-30,50239,10065,0.581,3.77,0.0119,21,0,False,False,False,False,False,False,False,False,False,
2dae5d937a49931f,PG,8-K,8-K,primary,2024-07-09,4639,925,0.581,3.9,0.038,13,0,False,False,False,False,False,False,False,False,False,
6417bc4d4e178599,PG,8-K,EX-99.1 CHARTER,exhibit,2024-07-09,1657,263,0.721,5.25,0.0884,1,0,False,False,False,False,False,False,False,False,True,
94642a0cc173477f,PG,8-K,8-K,primary,2024-04-29,5041,962,0.602,4.15,0.0326,12,0,False,False,False,False,False,False,False,False,False,
c7c92806803eb4e3,PG,10-Q,10-Q,primary,2024-04-19,147749,27902,0.64,4.13,0.0072,51,9,False,False,False,False,False,False,False,False,False,info:page_artifacts_dropped:15
b67e42fe14e7370f,PG,8-K,8-K,primary,2024-04-19,4267,824,0.596,4.07,0.0393,11,0,False,False,False,False,False,False,False,False,False,
532378582e6f1387,PG,8-K,EX-99.1 CHARTER,exhibit,2024-04-19,11657,2221,0.647,4.18,0.003,17,0,False,False,False,False,False,False,False,False,False,
83c0af96501ebb9e,PG,8-K,8-K,primary,2024-04-19,3920,755,0.606,4.15,0.0355,8,0,False,False,False,False,False,False,False,False,False,
61e14e6f06c65160,PG,8-K,EX-99.1,exhibit,2024-04-19,37397,7378,0.607,3.87,0.0121,15,0,False,False,False,False,False,False,False,False,False,info:page_artifacts_dropped:6
98fc659a181696e1,PG,8-K,8-K,primary,2024-04-09,3915,746,0.605,4.14,0.0373,8,0,False,False,False,False,False,False,False,False,False,
210a7242dc216f82,PG,8-K,8-K,primary,2024-04-09,4501,890,0.588,3.95,0.0388,12,0,False,False,False,False,False,False,False,False,False,
eb9ae724a3b0ba0a,PG,8-K,EX-99.1 CHARTER,exhibit,2024-04-09,1784,286,0.721,5.18,0.0892,1,0,False,False,False,False,False,False,False,False,True,
25e55dd6941936a7,PG,8-K,8-K,primary,2024-01-29,5015,949,0.607,4.19,0.0327,11,0,False,False,False,False,False,False,False,False,False,
210ea3bcbeea2ce0,PG,10-Q,10-Q,primary,2024-01-23,148410,27962,0.641,4.14,0.0078,52,9,False,False,False,False,False,False,False,False,False,info:page_artifacts_dropped:10
b15ecb8854b6ca43,PG,8-K,8-K,primary,2024-01-23,4278,824,0.597,4.08,0.0393,11,0,False,False,False,False,False,False,False,False,False,
3832e0d7af3939d8,PG,8-K,EX-99.1 CHARTER,exhibit,2024-01-23,12044,2353,0.629,4.04,0.0029,16,0,False,False,False,False,False,False,False,False,False,
f4f84934f24ceb83,PG,8-K,8-K,primary,2024-01-23,3931,755,0.607,4.16,0.0355,8,0,False,False,False,False,False,False,False,False,False,
fbcb4840d9c71772,PG,8-K,EX-99.1,exhibit,2024-01-23,39722,7701,0.618,3.97,0.0112,15,0,False,False,False,False,False,False,False,False,False,info:page_artifacts_dropped:6
a801c32571755073,PG,8-K,8-K,primary,2024-01-09,4520,890,0.59,3.97,0.0388,12,0,False,False,False,False,False,False,False,False,False,
13d66eed421424bb,PG,8-K,EX-99.1 CHARTER,exhibit,2024-01-09,1654,255,0.73,5.43,0.0884,0,0,False,False,False,False,False,False,False,False,True,
2493f89156593c96,PG,8-K,8-K,primary,2023-12-13,5241,960,0.632,4.36,0.0299,11,0,False,False,False,False,False,False,False,False,False,
88618ffd5eb88def,PG,8-K,EX-99.1 CHARTER,exhibit,2023-12-13,2434,379,0.75,5.39,0.0696,3,0,False,False,False,False,False,False,False,False,True,
fddae1b8f0995373,PG,8-K,8-K,primary,2023-12-05,11648,1809,0.746,5.39,0.0146,8,0,False,False,False,False,False,False,False,False,False,
910046a04ad28180,PG,8-K,8-K,primary,2023-11-01,5000,951,0.608,4.16,0.0326,11,0,False,False,False,False,False,False,False,False,False,
bc7a34e6507db2f4,PG,10-Q,10-Q,primary,2023-10-18,104763,18992,0.67,4.38,0.0078,44,9,False,False,False,False,False,False,False,False,False,info:page_artifacts_dropped:5
18f1cdc0f2f0bdba,PG,8-K,8-K,primary,2023-10-18,4318,834,0.593,4.07,0.0391,11,0,False,False,False,False,False,False,False,False,False,
e7b61cf559c29dd7,PG,8-K,EX-99.1 CHARTER,exhibit,2023-10-18,9953,1861,0.662,4.28,0.0068,14,0,False,False,False,False,False,False,False,False,False,
383d4d55d346a15b,PG,8-K,8-K,primary,2023-10-18,3974,765,0.604,4.15,0.0352,8,0,False,False,False,False,False,False,False,False,False,
6cbfee8acb86d3cb,PG,8-K,EX-99.1,exhibit,2023-10-18,32275,5975,0.645,4.27,0.0138,15,0,False,False,False,False,False,False,False,False,False,info:page_artifacts_dropped:5
e282ae1f3b740e5e,PG,8-K,8-K,primary,2023-10-13,7195,1326,0.526,4.35,0.0342,15,0,False,False,False,False,False,False,False,False,False,
87fedfe3d9f49a72,PG,8-K,8-K,primary,2023-10-10,5009,965,0.606,4.09,0.0329,12,0,False,False,False,False,False,False,False,False,False,
0056b6d2aa317d5a,PG,8-K,EX-99.1 CHARTER,exhibit,2023-10-10,5787,882,0.771,5.52,0.0627,2,0,False,False,False,False,False,False,False,False,True,
5759aa18a9c9d680,PG,10-K,10-K,primary,2023-08-04,323813,56217,0.7,4.65,0.0106,83,18,False,False,False,False,False,False,False,False,False,info:page_artifacts_dropped:5
a02dd3bc5ff88012,PG,10-K,EX-99.1,exhibit,2023-08-04,271,41,0.745,5.59,0.0,0,0,False,False,False,False,True,True,False,False,False,
727f0e806bce2720,PG,8-K,8-K,primary,2023-07-28,4320,837,0.592,4.05,0.0389,11,0,False,False,False,False,False,False,False,False,False,
d719b595a3cff57d,PG,8-K,EX-99.1 CHARTER,exhibit,2023-07-28,22023,4268,0.607,4.08,0.0124,31,0,False,False,False,False,False,False,False,False,False,
573536046847d73b,PG,8-K,8-K,primary,2023-07-28,3973,768,0.604,4.13,0.0349,8,0,False,False,False,False,False,False,False,False,False,
2391e9cea4714db9,PG,8-K,EX-99.1,exhibit,2023-07-28,38213,7421,0.604,4.0,0.014,22,0,False,False,False,False,False,False,False,False,False,
9c89699137fe617f,PG,8-K,8-K,primary,2023-07-11,4583,909,0.582,3.93,0.0385,13,0,False,False,False,False,False,False,False,False,False,
edcf048550ba3418,PG,8-K,EX-99.1 CHARTER,exhibit,2023-07-11,1661,263,0.721,5.27,0.0884,1,0,False,False,False,False,False,False,False,False,True,
37d6b5747de99f6c,PG,8-K,8-K,primary,2023-05-02,4927,933,0.608,4.19,0.0331,11,0,False,False,False,False,False,False,False,False,False,
43a315b5bfe76f99,PG,10-Q,10-Q,primary,2023-04-21,132995,24449,0.654,4.29,0.0061,48,8,False,False,False,False,False,False,False,False,False,info:page_artifacts_dropped:24
b9104c45709d297e,PG,8-K,8-K,primary,2023-04-21,4179,795,0.607,4.18,0.0356,12,0,False,False,False,False,False,False,False,False,False,
64ba0fc9b8f48c84,PG,8-K,EX-99.1 CHARTER,exhibit,2023-04-21,11169,2162,0.633,4.08,0.0055,17,0,False,False,False,False,False,False,False,False,False,
9a5c1d944844c586,PG,8-K,8-K,primary,2023-04-21,3871,743,0.608,4.16,0.0359,8,0,False,False,False,False,False,False,False,False,False,
cc44fd653ca51d94,PG,8-K,EX-99.1,exhibit,2023-04-21,32871,6039,0.649,4.31,0.013,15,0,False,False,False,False,False,False,False,False,False,
2897ed5d2d01fc46,PG,8-K,8-K,primary,2023-04-11,6949,1238,0.668,4.53,0.0214,12,0,False,False,False,False,False,False,False,False,False,
95c05e9267edeef0,PG,8-K,EX-99.1 CHARTER,exhibit,2023-04-11,4189,627,0.787,5.67,0.0495,4,0,False,False,False,False,False,False,False,False,False,
1537fb8516e97819,PG,8-K,8-K,primary,2023-04-11,4405,851,0.6,4.07,0.0391,11,0,False,False,False,False,False,False,False,False,False,
2fc6c31c4083f3d0,PG,8-K,EX-99.1 CHARTER,exhibit,2023-04-11,1823,294,0.717,5.14,0.0882,1,0,False,False,False,False,False,False,False,False,True,
32758f329e996899,PG,8-K,8-K,primary,2023-02-03,4873,922,0.612,4.19,0.0334,11,0,False,False,False,False,False,False,False,False,False,
bc07eeeccddc7562,PG,8-K,8-K,primary,2023-01-26,5024,944,0.607,4.23,0.0327,11,0,False,False,False,False,False,False,False,False,False,
1b44a6161c02e945,PG,10-Q,10-Q,primary,2023-01-19,133134,24409,0.654,4.3,0.0062,48,8,False,False,False,False,False,False,False,False,False,info:page_artifacts_dropped:19
9b68c1ccdb60baa3,PG,8-K,8-K,primary,2023-01-19,4494,843,0.623,4.26,0.0325,12,0,False,False,False,False,False,False,False,False,False,
11d97f094308b708,PG,8-K,EX-99.1 CHARTER,exhibit,2023-01-19,10557,1997,0.648,4.2,0.0057,16,0,False,False,False,False,False,False,False,False,False,
f764114d43583344,PG,8-K,8-K,primary,2023-01-19,3882,743,0.609,4.18,0.0359,8,0,False,False,False,False,False,False,False,False,False,
b37f91f651a1ce92,PG,8-K,EX-99.1,exhibit,2023-01-19,33015,6049,0.647,4.32,0.0119,15,0,False,False,False,False,False,False,False,False,False,
cf605a56e7781ed8,PG,8-K,8-K,primary,2023-01-10,4710,897,0.616,4.15,0.036,11,0,False,False,False,False,False,False,False,False,False,
18672832ccd2d93b,PG,8-K,EX-99.1 CHARTER,exhibit,2023-01-10,1686,269,0.716,5.22,0.0884,1,0,False,False,False,False,False,False,False,False,True,
92f3db42692b4395,TEAM,10-K,10-K,primary,2026-08-14,457114,75428,0.738,4.97,0.0072,90,18,False,False,False,False,False,False,False,False,False,info:page_artifacts_dropped:120
30e9c592c1388a66,TEAM,8-K,8-K,primary,2026-08-06,6905,1141,0.708,4.97,0.0208,5,0,False,False,False,False,False,False,False,False,False,
8d234c3f2e342e0e,TEAM,8-K,EX-99.1,exhibit,2026-08-06,43586,8104,0.588,4.16,0.0049,9,0,False,False,False,False,False,False,False,False,False,info:page_artifacts_dropped:19
a0f65c57810424fd,TEAM,8-K,EX-99.2,exhibit,2026-08-06,54150,9886,0.741,4.48,0.0894,0,0,False,False,False,False,False,False,False,False,True,
8296ff09b1c67a94,TEAM,10-Q,10-Q,primary,2026-05-01,343783,59467,0.703,4.66,0.0049,83,11,False,False,False,False,False,False,False,False,False,info:page_artifacts_dropped:94
b4587589611efd32,TEAM,8-K,8-K,primary,2026-04-30,4271,753,0.645,4.55,0.03,5,0,False,False,False,False,False,False,False,False,False,
c8cf678a314e46cc,TEAM,8-K,EX-99.1,exhibit,2026-04-30,38798,7433,0.559,3.98,0.0066,10,0,False,False,False,False,False,False,False,False,False,info:page_artifacts_dropped:23
a61df45dcc0b954b,TEAM,8-K,EX-99.2,exhibit,2026-04-30,52231,10227,0.71,4.11,0.1317,0,0,False,False,False,False,False,False,False,False,True,
79e88410b5dee300,TEAM,8-K,8-K,primary,2026-03-11,8361,1346,0.729,5.14,0.0179,5,0,False,False,False,False,False,False,False,False,False,
01dcbaaeb3584364,TEAM,8-K,EX-99.1,exhibit,2026-03-11,5012,797,0.791,5.24,0.0013,0,0,False,False,False,False,False,False,False,False,False,info:page_artifacts_dropped:2
798a4762421719db,TEAM,8-K,8-K,primary,2026-02-18,5502,925,0.697,4.86,0.0257,4,0,False,False,False,False,False,False,False,False,False,
a99ba0d2fbdd1880,TEAM,10-Q,10-Q,primary,2026-02-06,342372,59254,0.703,4.66,0.0052,83,11,False,False,False,False,False,False,False,False,False,info:page_artifacts_dropped:94
c20da6006c3eb002,TEAM,8-K,8-K,primary,2026-02-05,4285,753,0.647,4.57,0.03,5,0,False,False,False,False,False,False,False,False,False,
7b88021ae9420506,TEAM,8-K,EX-99.1,exhibit,2026-02-05,38055,7220,0.565,4.03,0.0057,9,0,False,False,False,False,False,False,False,False,False,info:page_artifacts_dropped:18
b4350711ba17493e,TEAM,8-K,EX-99.2,exhibit,2026-02-05,39212,6566,0.759,4.97,0.0488,0,0,False,False,False,False,False,False,False,False,False,
a7085bce63f528f9,TEAM,8-K,8-K,primary,2026-01-15,5733,951,0.703,4.94,0.0196,4,0,False,False,False,False,False,False,False,False,False,
eb72bd2e113e0030,TEAM,8-K,8-K,primary,2025-12-22,3574,617,0.65,4.66,0.0342,4,0,False,False,False,False,False,False,False,False,False,
e658f11a7524e95b,TEAM,8-K,8-K,primary,2025-12-03,5957,1111,0.53,4.22,0.0297,9,0,False,False,False,False,False,False,False,False,False,
0fd3449a7cbc636f,TEAM,10-Q,10-Q,primary,2025-10-31,305597,50926,0.736,4.91,0.005,65,10,False,False,False,False,False,False,False,False,False,info:page_artifacts_dropped:84
e9ad81fc29cbda11,TEAM,8-K,8-K,primary,2025-10-30,6185,1046,0.69,4.82,0.0197,5,0,False,False,False,False,False,False,False,False,False,
3fd5c8289100a04d,TEAM,8-K,EX-99.1,exhibit,2025-10-30,37317,6566,0.651,4.53,0.0059,10,0,False,False,False,False,False,False,False,False,False,info:page_artifacts_dropped:23
d57005cad03f4967,TEAM,8-K,EX-99.2,exhibit,2025-10-30,72385,10599,0.701,5.83,0.0534,0,0,False,False,False,False,False,False,False,False,True,
c785e0601be49f90,TEAM,8-K,8-K,primary,2025-09-18,6899,1118,0.719,5.09,0.0165,5,0,False,False,False,False,False,False,False,False,False,
d9344c79b70b2fea,TEAM,8-K,EX-99.1,exhibit,2025-09-18,8178,1162,0.817,6.01,0.0026,0,0,False,False,False,False,False,False,False,False,False,info:page_artifacts_dropped:3
41a13abf0f1c23a5,TEAM,8-K,8-K,primary,2025-09-17,6520,1078,0.712,4.97,0.0181,4,0,False,False,False,False,False,False,False,False,False,
57734d44a4628a27,TEAM,8-K,8-K,primary,2025-09-08,6928,1134,0.714,5.03,0.0197,5,0,False,False,False,False,False,False,False,False,False,
2c802f35a1c70965,TEAM,8-K,EX-99.1,exhibit,2025-09-08,9514,1458,0.801,5.49,0.0035,0,0,False,False,False,False,False,False,False,False,False,info:page_artifacts_dropped:4
a48cb705aab3caf1,TEAM,8-K,EX-99.2,exhibit,2025-09-08,5375,795,0.815,5.76,0.0038,0,0,False,False,False,False,False,False,False,False,False,
5ac1dd47124b3ff2,TEAM,8-K,8-K,primary,2025-09-04,6981,1136,0.721,5.06,0.0162,5,0,False,False,False,False,False,False,False,False,False,
772ec8f3dfbfa2f4,TEAM,8-K,EX-99.1,exhibit,2025-09-04,8313,1272,0.807,5.52,0.0016,0,0,False,False,False,False,False,False,False,False,False,info:page_artifacts_dropped:3
e5a06daf8d8c50b0,TEAM,10-K,10-K,primary,2025-08-15,426328,70835,0.736,4.93,0.0073,82,19,False,False,False,False,False,False,False,False,False,info:page_artifacts_dropped:113
9052f2b468eb27de,TEAM,8-K,8-K,primary,2025-08-07,4652,811,0.656,4.62,0.0273,5,0,False,False,False,False,False,False,False,False,False,
ab020a03f2d78e08,TEAM,8-K,EX-99.1,exhibit,2025-08-07,39111,7457,0.566,4.02,0.0063,9,0,False,False,False,False,False,False,False,False,False,info:page_artifacts_dropped:17
717884ff4728b8c3,TEAM,8-K,EX-99.2,exhibit,2025-08-07,58765,11577,0.711,4.07,0.1451,0,0,False,False,False,False,False,False,False,False,True,
b251d44a62e91f6c,TEAM,10-Q,10-Q,primary,2025-05-02,326865,56876,0.702,4.62,0.0048,72,11,False,False,False,False,False,False,False,False,False,info:page_artifacts_dropped:90
235bc1392048225b,TEAM,8-K,8-K,primary,2025-05-01,4254,753,0.644,4.53,0.03,5,0,False,False,False,False,False,False,False,False,False,
0f5dd57a5192007f,TEAM,8-K,EX-99.1,exhibit,2025-05-01,35213,6780,0.554,3.95,0.0067,8,0,False,False,False,False,False,False,False,False,False,info:page_artifacts_dropped:16
33ea3cd9cbc51073,TEAM,8-K,EX-99.2,exhibit,2025-05-01,53492,10563,0.708,4.06,0.1331,0,0,False,False,False,False,False,False,False,False,True,
b8e3ef0aed229ef1,TEAM,8-K,8-K,primary,2025-04-14,5622,946,0.697,4.85,0.0212,4,0,False,False,False,False,False,False,False,False,False,
5c61b44483c7a47b,TEAM,10-Q,10-Q,primary,2025-01-31,321769,55721,0.705,4.65,0.0048,72,11,False,False,False,False,False,False,False,False,False,info:page_artifacts_dropped:87
9727c2ea0fffd4c0,TEAM,8-K,8-K,primary,2025-01-30,4285,753,0.646,4.57,0.03,5,0,False,False,False,False,False,False,False,False,False,
2c69df2f759f004e,TEAM,8-K,EX-99.1,exhibit,2025-01-30,38330,7247,0.572,4.06,0.0063,9,0,False,False,False,False,False,False,False,False,False,info:page_artifacts_dropped:17
68ecba22e91dbc84,TEAM,8-K,EX-99.2,exhibit,2025-01-30,47648,8810,0.736,4.41,0.0881,0,0,False,False,False,False,False,False,False,False,True,
7cfac4efc972d18e,TEAM,8-K,8-K,primary,2024-12-19,6068,1012,0.704,4.91,0.0207,4,0,False,False,False,False,False,False,False,False,False,
0a522a1cd47cb89e,TEAM,8-K,8-K,primary,2024-12-12,5424,1001,0.543,4.28,0.0333,7,0,False,False,False,False,False,False,False,False,False,
164fb71a7582febb,TEAM,10-Q,10-Q,primary,2024-11-01,299146,49602,0.742,4.94,0.0056,59,10,False,False,False,False,False,False,False,False,False,info:page_artifacts_dropped:83
783216a9d01ded0b,TEAM,8-K,8-K,primary,2024-10-31,6623,1118,0.698,4.84,0.0181,5,0,False,False,False,False,False,False,False,False,False,
247c4ff6b6f80409,TEAM,8-K,EX-99.1,exhibit,2024-10-31,33132,5839,0.647,4.51,0.0066,9,0,False,False,False,False,False,False,False,False,False,info:page_artifacts_dropped:17
644cdcf8cbded945,TEAM,8-K,EX-99.2,exhibit,2024-10-31,49886,9744,0.714,4.12,0.1598,0,0,False,False,False,False,False,False,False,False,True,
d5d2ba591198e66e,TEAM,10-K,10-K,primary,2024-08-16,447921,74195,0.739,4.95,0.0073,83,18,False,False,False,False,False,False,False,False,False,info:page_artifacts_dropped:115
19c8b2af19986ee6,TEAM,8-K,8-K,primary,2024-08-13,6390,1068,0.708,4.9,0.0205,4,0,False,False,False,False,False,False,False,False,False,
30141076ad68c0f4,TEAM,8-K,8-K,primary,2024-08-01,4299,759,0.647,4.55,0.0297,5,0,False,False,False,False,False,False,False,False,False,
41855cf4c5354d87,TEAM,8-K,EX-99.1,exhibit,2024-08-01,40548,7791,0.562,3.97,0.0057,9,0,False,False,False,False,False,False,False,False,False,info:page_artifacts_dropped:18
995603e25507e1e7,TEAM,8-K,EX-99.2,exhibit,2024-08-01,51494,10174,0.708,4.06,0.1086,0,0,False,False,False,False,False,False,False,False,True,
12c4b873f2cb2e80,TEAM,8-K,8-K,primary,2024-07-24,5783,975,0.693,4.84,0.021,5,0,False,False,False,False,False,False,False,False,False,
2b47e4759c9b0f88,TEAM,8-K,EX-99.1,exhibit,2024-07-24,3384,502,0.802,5.71,0.004,0,0,False,False,False,False,False,False,False,False,False,
57130e4d769b43af,TEAM,8-K,8-K,primary,2024-05-15,5837,1018,0.675,4.68,0.0311,12,0,False,False,False,False,False,False,False,False,False,
b77604d9cae86195,TEAM,8-K,8-K,primary,2024-05-09,6101,1006,0.721,5.01,0.0204,8,0,False,False,False,False,False,False,False,False,False,
fca4198de8082e44,TEAM,10-Q,10-Q,primary,2024-04-26,335991,58431,0.702,4.63,0.0059,75,11,False,False,False,False,False,False,False,False,False,info:page_artifacts_dropped:92
ed87b9de3a740114,TEAM,8-K,8-K,primary,2024-04-25,5186,895,0.665,4.69,0.0257,5,0,False,False,False,False,False,False,False,False,False,
16111fd289dc6424,TEAM,8-K,EX-99.1,exhibit,2024-04-25,37659,7288,0.556,3.92,0.0059,8,0,False,False,False,False,False,False,False,False,False,info:page_artifacts_dropped:17
ec1c9015c15a65d3,TEAM,8-K,EX-99.2,exhibit,2024-04-25,44874,8802,0.713,4.1,0.132,0,0,False,False,False,False,False,False,False,False,True,
0417ed2955133226,TEAM,8-K,EX-99.3,exhibit,2024-04-25,2768,479,0.785,4.76,0.0,0,0,False,False,False,False,False,False,False,False,False,
5e4ddfb1d88d18f0,TEAM,10-Q,10-Q,primary,2024-02-02,332139,57314,0.708,4.68,0.0061,74,11,False,False,False,False,False,False,False,False,False,info:page_artifacts_dropped:90
5cadd106aa782880,TEAM,8-K,8-K,primary,2024-02-01,4285,753,0.647,4.57,0.03,5,0,False,False,False,False,False,False,False,False,False,
8072c622f8b7a5f7,TEAM,8-K,EX-99.1,exhibit,2024-02-01,35960,6974,0.553,3.91,0.006,8,0,False,False,False,False,False,False,False,False,False,info:page_artifacts_dropped:16
2d613563e8bd8a14,TEAM,8-K,EX-99.2,exhibit,2024-02-01,47012,9833,0.685,3.78,0.1586,0,0,False,False,False,False,False,False,False,False,True,
822a4dd56aec2fa9,TEAM,8-K,8-K,primary,2023-12-07,6405,1169,0.572,4.36,0.027,8,0,False,False,False,False,False,False,False,False,False,
45a3bbcd7ac949c0,TEAM,10-Q,10-Q,primary,2023-11-03,297491,49346,0.743,4.94,0.0064,57,10,False,False,False,False,False,False,False,False,False,info:page_artifacts_dropped:82
c2f75389fb9bca8f,TEAM,8-K,8-K,primary,2023-11-02,4287,753,0.647,4.58,0.03,5,0,False,False,False,False,False,False,False,False,False,
a117aadaadce274c,TEAM,8-K,EX-99.1,exhibit,2023-11-02,31303,5541,0.642,4.48,0.0074,8,0,False,False,False,False,False,False,False,False,False,info:page_artifacts_dropped:16
9fe9c5d914125025,TEAM,8-K,EX-99.2,exhibit,2023-11-02,44080,8605,0.716,4.12,0.1323,0,0,False,False,False,False,False,False,False,False,True,
90957a36d64abad4,TEAM,10-K,10-K,primary,2023-08-18,473469,79038,0.734,4.9,0.0074,90,18,False,False,False,False,False,False,False,False,False,info:page_artifacts_dropped:119
7222288c35d937a4,TEAM,8-K,8-K,primary,2023-08-03,4666,813,0.657,4.63,0.0272,5,0,False,False,False,False,False,False,False,False,False,
08504563a00aebcc,TEAM,8-K,EX-99.1,exhibit,2023-08-03,37537,7316,0.549,3.88,0.0069,8,0,False,False,False,False,False,False,False,False,False,info:page_artifacts_dropped:17
70eaab7f003a5210,TEAM,8-K,EX-99.2,exhibit,2023-08-03,48795,9300,0.716,4.24,0.1116,0,0,False,False,False,False,False,False,False,False,True,
c0a7df52fa1ad069,TEAM,8-K,8-K,primary,2023-05-26,5851,968,0.697,4.95,0.0264,5,0,False,False,False,False,False,False,False,False,False,
c4398411aea32425,TEAM,8-K,EX-99.1,exhibit,2023-05-26,3354,513,0.786,5.52,0.012,0,0,False,False,False,False,False,False,False,False,False,
ac2e7832c2863e4c,TEAM,10-Q,10-Q,primary,2023-05-05,406469,69531,0.718,4.74,0.0067,82,10,False,False,False,False,False,True,False,False,False,info:page_artifacts_dropped:110
9e3b06eac9790653,TEAM,8-K,8-K,primary,2023-05-04,4274,756,0.644,4.53,0.0299,5,0,False,False,False,False,False,False,False,False,False,
96797a9013e7819a,TEAM,8-K,EX-99.1,exhibit,2023-05-04,35407,7025,0.531,3.78,0.0065,9,0,False,False,False,False,False,False,False,False,False,info:page_artifacts_dropped:21
a4fdec16929aeace,TEAM,8-K,EX-99.2,exhibit,2023-05-04,53122,9876,0.726,4.38,0.0931,0,0,False,False,False,False,False,False,False,False,True,
d4608ac3f859d00a,TEAM,8-K,8-K,primary,2023-03-06,6713,1082,0.72,5.12,0.0196,5,0,False,False,False,False,False,False,False,False,False,
f8678c9e7c69021f,TEAM,8-K,EX-99.1,exhibit,2023-03-06,6981,1184,0.792,4.87,0.0,0,0,False,False,False,False,False,False,False,False,False,
bf8e66bb5e93f074,TEAM,8-K,8-K,primary,2023-02-06,4203,706,0.673,4.84,0.0285,4,0,False,False,False,False,False,False,False,False,False,
1638a6ed8eae2e00,TEAM,10-Q,10-Q,primary,2023-02-03,380027,64730,0.72,4.76,0.0067,77,9,False,False,False,False,False,False,False,False,False,info:page_artifacts_dropped:102
423d28169bda7d56,TEAM,8-K,8-K,primary,2023-02-02,5389,927,0.677,4.71,0.0228,5,0,False,False,False,False,False,False,False,False,False,
1d8777c49f60b415,TEAM,8-K,EX-99.1,exhibit,2023-02-02,34811,6732,0.554,3.93,0.0056,9,0,False,False,False,False,False,False,False,False,False,info:page_artifacts_dropped:16
d601b20db078df5b,TEAM,8-K,EX-99.2,exhibit,2023-02-02,41459,7785,0.688,4.32,0.1564,0,0,False,False,False,False,False,False,False,False,True,
4144cd5ddd6419b2,WM,8-K,8-K,primary,2026-08-26,4941,855,0.692,4.73,0.0227,9,0,False,False,False,False,False,False,False,False,False,
96eb53d9506746f3,WM,8-K,EX-99.1,exhibit,2026-08-26,5152,810,0.803,5.34,0.0049,0,0,False,False,False,False,False,False,False,False,False,
5c3c6fd92bb4a7d0,WM,10-Q,10-Q,primary,2026-07-29,167928,32446,0.626,4.0,0.0107,73,11,False,False,False,False,False,False,False,False,False,info:page_artifacts_dropped:60
670483828014db7b,WM,8-K,8-K,primary,2026-07-28,3726,650,0.679,4.67,0.0309,8,0,False,False,False,False,False,False,False,False,False,
73fa70a5cd254702,WM,8-K,EX-99.1,exhibit,2026-07-28,54307,12121,0.498,3.18,0.014,35,0,False,False,False,False,False,False,True,True,False,info:page_artifacts_dropped:29
5691aef3804c3edc,WM,8-K,8-K,primary,2026-05-14,5487,1053,0.543,4.1,0.0485,16,0,False,False,False,False,False,False,False,False,False,
8eacbe3565310e19,WM,8-K,8-K,primary,2026-05-13,6508,1120,0.713,4.76,0.02,7,0,False,False,False,False,False,False,False,False,False,info:page_artifacts_dropped:2
3e0404a8d5e8ca93,WM,8-K,EX-99.1,exhibit,2026-05-13,4336,634,0.809,5.81,0.0063,0,0,False,False,False,False,False,False,False,False,False,
7d3ea01617fc14ad,WM,10-Q,10-Q,primary,2026-04-29,137751,24949,0.679,4.4,0.0099,68,11,False,False,False,False,False,False,False,False,False,info:page_artifacts_dropped:79
8c758f3f82521328,WM,8-K,8-K,primary,2026-04-28,3747,656,0.676,4.64,0.0309,8,0,False,False,False,False,False,False,False,False,False,info:page_artifacts_dropped:1
b7956fa13c405c7b,WM,8-K,EX-99.1,exhibit,2026-04-28,46342,9918,0.54,3.42,0.0182,58,0,False,False,False,False,False,False,False,True,False,info:page_artifacts_dropped:27
e8a35081b01708cb,WM,8-K,8-K,primary,2026-03-25,4151,707,0.701,4.81,0.0252,6,0,False,False,False,False,False,False,False,False,False,info:page_artifacts_dropped:1
c94d1c787a8944a4,WM,8-K,8-K,primary,2026-03-13,4022,680,0.701,4.85,0.0248,6,0,False,False,False,False,False,False,False,False,False,info:page_artifacts_dropped:1
fc580a97ae78ddc5,WM,8-K,8-K,primary,2026-03-06,9357,1601,0.72,4.79,0.0158,10,0,False,False,False,False,False,False,False,False,False,info:page_artifacts_dropped:3
24b949eb095dc5b4,WM,10-K,10-K,primary,2026-02-09,585114,96392,0.746,5.0,0.0093,234,19,False,False,False,False,False,False,False,False,False,info:page_artifacts_dropped:391
58dd2acae1dc6489,WM,8-K,8-K,primary,2026-01-28,3781,658,0.68,4.68,0.0305,8,0,False,False,False,False,False,False,False,False,False,info:page_artifacts_dropped:1
db8d77010e794984,WM,8-K,EX-99.1,exhibit,2026-01-28,81866,19282,0.451,2.93,0.0164,83,0,False,False,False,False,False,False,True,True,False,info:page_artifacts_dropped:52
ded50849ce4c59cc,WM,8-K,8-K,primary,2025-11-20,4734,816,0.692,4.75,0.0238,9,0,False,False,False,False,False,False,False,False,False,info:page_artifacts_dropped:2
f9852d6a0b7b118a,WM,8-K,EX-99.1,exhibit,2025-11-20,2365,386,0.762,5.1,0.0059,1,0,False,False,False,False,False,False,False,False,False,
d0dd970d6e521b97,WM,10-Q,10-Q,primary,2025-10-28,177694,33322,0.644,4.16,0.0091,81,11,False,False,False,False,False,False,False,False,False,info:page_artifacts_dropped:62
3fb46da83418bc2f,WM,8-K,8-K,primary,2025-10-27,3780,663,0.674,4.63,0.0307,9,0,False,False,False,False,False,False,False,False,False,info:page_artifacts_dropped:2
3221421afa5e97d3,WM,8-K,EX-99.1,exhibit,2025-10-27,64759,14793,0.481,3.08,0.0178,71,0,False,False,False,False,False,False,True,True,False,info:page_artifacts_dropped:28
afd1bd9c4d995b60,WM,8-K,8-K,primary,2025-08-27,5246,919,0.702,4.65,0.0196,8,0,False,False,False,False,False,False,False,False,False,info:page_artifacts_dropped:2
b71c2e9e8a3496b6,WM,8-K,8-K,primary,2025-08-22,6825,1178,0.713,4.74,0.0168,8,0,False,False,False,False,False,False,False,False,False,info:page_artifacts_dropped:2
31c3101963acdfe4,WM,8-K,EX-99.1,exhibit,2025-08-22,3454,525,0.8,5.54,0.0076,0,0,False,False,False,False,False,False,False,False,False,
5dd42fd840d37ab5,WM,10-Q,10-Q,primary,2025-07-29,171890,32650,0.637,4.09,0.0097,79,11,False,False,False,False,False,False,False,False,False,info:page_artifacts_dropped:60
76946f1a0416ce51,WM,8-K,8-K,primary,2025-07-28,3754,659,0.676,4.63,0.0307,9,0,False,False,False,False,False,False,False,False,False,
fb586f844be43300,WM,8-K,EX-99.1,exhibit,2025-07-28,62173,14434,0.47,3.0,0.0149,52,0,False,False,False,False,False,False,True,True,False,info:page_artifacts_dropped:28
2974e82730343845,WM,8-K,8-K,primary,2025-06-24,3783,664,0.666,4.63,0.0296,10,0,False,False,False,False,False,False,False,False,False,
f6e7be346e4e6e6a,WM,8-K,EX-99.1,exhibit,2025-06-24,2662,394,0.798,5.71,0.0202,0,0,False,False,False,False,False,False,False,False,False,
3ee9291098c0f440,WM,8-K,EX-99.2,exhibit,2025-06-24,904,281,0.119,2.04,0.0,25,0,False,False,False,False,False,False,True,True,False,
33110f2922427deb,WM,8-K,8-K,primary,2025-05-14,4914,951,0.533,4.03,0.0505,12,0,False,False,False,False,False,False,False,False,True,
8d531e046c70dd1a,WM,8-K,8-K,primary,2025-05-14,6357,1105,0.71,4.7,0.0182,8,0,False,False,False,False,False,False,False,False,False,info:page_artifacts_dropped:2
3de720ccb5bb1cfb,WM,8-K,EX-99.1,exhibit,2025-05-14,3649,545,0.807,5.66,0.0091,0,0,False,False,False,False,False,False,False,False,False,
b5de19e223fea81d,WM,10-Q,10-Q,primary,2025-04-29,146430,26077,0.689,4.49,0.0096,68,11,False,False,False,False,False,False,False,False,False,info:page_artifacts_dropped:85
dc86e8eefb75e885,WM,8-K,8-K,primary,2025-04-28,3741,653,0.679,4.66,0.0307,8,0,False,False,False,False,False,False,False,False,False,info:page_artifacts_dropped:1
29600d5fc9ab4001,WM,8-K,EX-99.1,exhibit,2025-04-28,48996,11082,0.498,3.13,0.0158,55,0,False,False,False,False,False,False,True,True,False,info:page_artifacts_dropped:27
97dadcb43cc0eebd,WM,8-K,8-K,primary,2025-02-28,9282,1572,0.725,4.86,0.0158,8,0,False,False,False,False,False,False,False,False,False,
b1a4374c121bb7a5,WM,10-K,10-K,primary,2025-02-19,643206,105312,0.749,5.04,0.0089,274,19,False,False,False,False,False,False,False,False,False,info:page_artifacts_dropped:417
f54ceb6742058845,WM,8-K,8-K,primary,2025-01-30,3780,658,0.68,4.68,0.0305,8,0,False,False,False,False,False,False,False,False,False,info:page_artifacts_dropped:1
29d3bf01d658f8fe,WM,8-K,EX-99.1,exhibit,2025-01-30,72057,16452,0.479,3.09,0.0142,72,0,False,False,False,False,False,False,True,True,False,info:page_artifacts_dropped:40
83d354f53d9d29de,WM,8-K,8-K,primary,2024-11-08,9849,1615,0.733,5.06,0.0162,10,0,False,False,False,False,False,False,False,False,False,
b0d722c52f38c701,WM,8-K,8-K,primary,2024-11-07,3474,597,0.682,4.76,0.0287,6,0,False,False,False,False,False,False,False,False,False,info:page_artifacts_dropped:1
751ba76f1653aa77,WM,8-K,8-K,primary,2024-11-04,10707,1757,0.747,5.06,0.017,10,0,False,False,False,False,False,False,False,False,False,info:page_artifacts_dropped:3
b69fb9f854f39765,WM,8-K,EX-99.1,exhibit,2024-11-04,8428,1166,0.827,6.21,0.0034,0,0,False,False,False,False,False,False,False,False,False,
217ac2068bf45db1,WM,8-K,8-K,primary,2024-11-01,6334,1026,0.747,5.14,0.0202,6,0,False,False,False,False,False,False,False,False,False,
18305d673f046e9c,WM,8-K,8-K,primary,2024-10-31,9523,1643,0.682,4.75,0.0246,13,0,False,False,False,False,False,False,False,False,False,
62f7dcc040c928a4,WM,10-Q,10-Q,primary,2024-10-28,163461,30263,0.654,4.25,0.0082,69,11,False,False,False,False,False,False,False,False,False,info:page_artifacts_dropped:59
6d6369c8b8f6a1bf,WM,8-K,8-K,primary,2024-10-28,3882,698,0.656,4.48,0.0307,11,0,False,False,False,False,False,False,False,False,False,info:page_artifacts_dropped:1
47ddaa56331c1114,WM,8-K,EX-99.1,exhibit,2024-10-28,50215,11282,0.496,3.16,0.0134,51,0,False,False,False,False,False,False,True,True,False,info:page_artifacts_dropped:28
7a0ba16608bcad0e,WM,8-K,8-K,primary,2024-09-24,7558,1222,0.749,5.14,0.019,9,0,False,False,False,False,False,False,False,False,False,
a9555be5ec7097d7,WM,8-K,8-K,primary,2024-09-10,8135,1345,0.736,5.0,0.0169,12,0,False,False,False,False,False,False,False,False,False,
f465acc649afe81d,WM,8-K,EX-99.1,exhibit,2024-09-10,18294,3000,0.772,5.07,0.0098,5,0,False,False,False,False,False,False,False,False,False,info:page_artifacts_dropped:1
f8e71715dc2380e8,WM,8-K,8-K,primary,2024-09-06,6515,1068,0.736,5.05,0.0223,9,0,False,False,False,False,False,False,False,False,False,
17a7879019661fa8,WM,8-K,8-K,primary,2024-09-03,10676,1774,0.744,4.98,0.0131,12,0,False,False,False,False,False,False,False,False,False,info:page_artifacts_dropped:3
7e672efe11fadca7,WM,10-Q,10-Q,primary,2024-07-25,166931,30975,0.656,4.24,0.0077,71,11,False,False,False,False,False,False,False,False,False,info:page_artifacts_dropped:97
553712cfd08b6fb9,WM,8-K,8-K,primary,2024-07-24,4296,756,0.671,4.61,0.0291,11,0,False,False,False,False,False,False,False,False,False,info:page_artifacts_dropped:1
e2eb8136864c67b5,WM,8-K,EX-99.1,exhibit,2024-07-24,50985,11587,0.489,3.1,0.0134,44,0,False,False,False,False,False,False,True,True,False,info:page_artifacts_dropped:28
93e9057af1e1ffc3,WM,8-K,EX-99.2,exhibit,2024-07-24,16247,2485,0.808,5.53,0.0076,0,0,False,False,False,False,False,False,False,False,False,
4f00bd47508a7799,WM,8-K,8-K,primary,2024-06-25,7662,1313,0.694,4.78,0.0236,13,0,False,False,False,False,False,False,False,False,False,
e21f4de243de7284,WM,8-K,8-K,primary,2024-06-05,16488,2601,0.774,5.31,0.0114,12,0,False,False,False,False,False,False,False,False,False,info:page_artifacts_dropped:8
da80f20b7a55281b,WM,8-K,EX-99.1,exhibit,2024-06-05,16445,2459,0.798,5.66,0.0173,13,0,False,False,False,False,False,False,False,False,False,
8885816c92c5697e,WM,8-K,8-K,primary,2024-05-17,8016,1523,0.584,4.14,0.0325,20,0,False,False,False,False,False,False,False,False,False,
945ad70a9dd3d629,WM,8-K,8-K,primary,2024-05-10,10398,1709,0.746,5.05,0.0214,9,0,False,False,False,False,False,False,False,False,False,info:page_artifacts_dropped:3
18b249338d951490,WM,10-Q,10-Q,primary,2024-04-25,133186,23614,0.692,4.52,0.008,63,11,False,False,False,False,False,False,False,False,False,info:page_artifacts_dropped:74
8e2c88a7d7bfc0be,WM,8-K,8-K,primary,2024-04-25,3728,636,0.687,4.78,0.0306,6,0,False,False,False,False,False,False,False,False,False,
a290abab1bf97243,WM,8-K,EX-99.1,exhibit,2024-04-25,50024,11531,0.484,3.05,0.0144,52,0,False,False,False,False,False,False,True,True,False,info:page_artifacts_dropped:49
9a4ffc333cd8766d,WM,8-K,8-K,primary,2024-03-06,9090,1543,0.724,4.84,0.0146,10,0,False,False,False,False,False,False,False,False,False,
87c984134336504e,WM,8-K,8-K,primary,2024-03-01,4921,832,0.705,4.85,0.0239,5,0,False,False,False,False,False,False,False,False,False,info:page_artifacts_dropped:1
6409f73f8745f4c2,WM,8-K,EX-99.1,exhibit,2024-03-01,3326,507,0.798,5.56,0.0061,1,0,False,False,False,False,False,False,False,False,False,
2b6cabd76bf8f1d4,WM,10-K,10-K,primary,2024-02-13,560173,92180,0.747,5.01,0.0076,222,20,False,False,False,False,False,False,False,False,False,info:page_artifacts_dropped:373
1891adc208b56c8b,WM,8-K,8-K,primary,2024-02-13,3814,657,0.68,4.73,0.0304,7,0,False,False,False,False,False,False,False,False,False,info:page_artifacts_dropped:1
66e62f11fcd38482,WM,8-K,EX-99.1,exhibit,2024-02-13,64321,14271,0.508,3.23,0.0132,69,0,False,False,False,False,False,False,False,True,False,info:page_artifacts_dropped:42
5ccad736979db488,WM,8-K,8-K,primary,2023-11-07,4591,755,0.718,5.01,0.0229,5,0,False,False,False,False,False,False,False,False,False,info:page_artifacts_dropped:1
1f2a8b62d09408ea,WM,10-Q,10-Q,primary,2023-10-25,170840,30938,0.674,4.39,0.0093,90,10,False,False,False,False,False,False,False,False,False,info:page_artifacts_dropped:94
33731439a1dbc4ef,WM,8-K,8-K,primary,2023-10-24,3754,642,0.684,4.77,0.0306,6,0,False,False,False,False,False,False,False,False,False,
b667271b9d5c69a7,WM,8-K,EX-99.1,exhibit,2023-10-24,42343,9045,0.534,3.42,0.0149,51,0,False,False,False,False,False,False,False,True,False,info:page_artifacts_dropped:38
2cfd18ca54ee54a9,WM,8-K,8-K,primary,2023-08-09,3240,556,0.677,4.75,0.0374,5,0,False,False,False,False,False,False,False,False,False,info:page_artifacts_dropped:1
334fecc1f6168623,WM,8-K,8-K,primary,2023-08-01,7537,1268,0.704,4.89,0.0255,9,0,False,False,False,False,False,False,False,False,False,
984800b296a50b40,WM,10-Q,10-Q,primary,2023-07-26,159006,29125,0.668,4.32,0.0087,78,10,False,False,False,False,False,False,False,False,False,info:page_artifacts_dropped:89
9532636ffbf4057a,WM,8-K,8-K,primary,2023-07-25,3720,634,0.687,4.79,0.0306,5,0,False,False,False,False,False,False,False,False,False,info:page_artifacts_dropped:1
06d18b886dc2ba22,WM,8-K,EX-99.1,exhibit,2023-07-25,46473,9904,0.539,3.43,0.0138,58,0,False,False,False,False,False,False,False,True,False,info:page_artifacts_dropped:22
5aabe2dfcf0c619c,WM,8-K,8-K,primary,2023-05-10,8402,1566,0.584,4.24,0.0322,15,0,False,False,False,False,False,False,False,False,False,
2a17ab9af42628b1,WM,10-Q,10-Q,primary,2023-04-27,144500,25019,0.712,4.67,0.0083,71,9,False,False,False,False,False,False,False,False,False,info:page_artifacts_dropped:77
1215330e6ba9c36a,WM,8-K,8-K,primary,2023-04-27,3755,646,0.682,4.74,0.0306,7,0,False,False,False,False,False,False,False,False,False,info:page_artifacts_dropped:1
03f7ada3221b6ac0,WM,8-K,EX-99.1,exhibit,2023-04-27,35166,7319,0.565,3.56,0.0124,44,0,False,False,False,False,False,False,False,False,False,info:page_artifacts_dropped:21
9c77b229dc0d3349,WM,8-K,8-K,primary,2023-04-05,4019,678,0.689,4.85,0.0276,7,0,False,False,False,False,False,False,False,False,False,info:page_artifacts_dropped:1
7fcaa7896e7d3a14,WM,8-K,EX-99.1,exhibit,2023-04-05,5435,806,0.806,5.74,0.0214,2,0,False,False,False,False,False,False,False,False,False,
d1d9cb3786876a12,WM,8-K,EX-99.2,exhibit,2023-04-05,844,259,0.083,2.07,0.0,25,0,False,False,False,False,False,False,True,True,False,
5857a7a8e7eef55f,WM,8-K,8-K,primary,2023-03-10,9552,1614,0.725,4.86,0.016,8,0,False,False,False,False,False,False,False,False,False,info:page_artifacts_dropped:4
447b46509249111c,WM,8-K,8-K,primary,2023-02-13,7594,1283,0.701,4.87,0.0295,10,0,False,False,False,False,False,False,False,False,False,
95d4cc767d5f60ae,WM,10-K,10-K,primary,2023-02-07,541883,89564,0.743,4.98,0.0083,254,17,False,False,False,False,False,False,False,False,False,info:page_artifacts_dropped:366
320d64cdc8a6f290,WM,8-K,8-K,primary,2023-02-06,4693,799,0.697,4.81,0.0282,6,0,False,False,False,False,False,False,False,False,False,info:page_artifacts_dropped:1
3a1bcf5a91103834,WM,8-K,EX-99.1,exhibit,2023-02-06,3555,543,0.798,5.54,0.0169,1,0,False,False,False,False,False,False,False,False,False,
e08b90b91e1270b0,WM,8-K,8-K,primary,2023-02-01,4524,774,0.69,4.77,0.027,8,0,False,False,False,False,False,False,False,False,False,info:page_artifacts_dropped:1
cc809ad1596d00ff,WM,8-K,EX-99.1,exhibit,2023-02-01,57383,12518,0.517,3.31,0.0162,72,0,False,False,False,False,False,False,False,True,False,info:page_artifacts_dropped:28
eab0a8fab8a1ddcf,WM,8-K,EX-99.2,exhibit,2023-02-01,25707,4066,0.785,5.32,0.0237,0,0,False,False,False,False,False,False,False,False,False,
